,,,,,,,,,,,,,,,,,,,,,,,,,,,
รายงานรายวิชาที่เปิดสอนให้นิสิตลงทะเบียน,,,,,,,,,,,,,,,,,,,,,,,,,,,
สถานที่จัดการเรียนการสอน มหาวิทยาลัยเกษตรศาสตร์ วิทยาเขตกำแพงแสน,,,,,,,,,,,,,,,,,,,,,,,,,,,
ภาคการศึกษา ภาคต้น/2568,,,,,,,,,,,,,,,,,,,,,,,,,,,
วิชา,บรรยาย,,,,,,,ปฎิบัติ,,,,,,อาจารย์ผู้สอน,,,,,,,,,,,,,
,หน่วยกิตรวม,หน่วยกิต,หมู่เรียน,วัน-เวลา,ห้องเรียน,สาขา-ชั้นปีมีสิทธิ์,รับ,หน่วยกิต,หมู่เรียน,วัน-เวลา,ห้องเรียน,สาขา-ชั้นปีมีสิทธิ์,รับ,,,,,,,,,,,,,,
บริหารธุรกิจ,,,,,,,,,,,,,,,,,,,,,,,,,,,
01130171-64 การบัญชีการเงิน (Financial Accounting),3,3,700,"วันอังคาร  10:30-12:00,วันพฤหัสบดี  10:30-12:00","LH2-201 , LH2-201",Q08,80,,,,,,,ชุดาพร สอนภักดี* ,,,,,,,,,,,,,
,3,3,701,"วันอังคาร  9:00-10:30,วันพฤหัสบดี  9:00-10:30","LH2-201 , LH2-201",Q10,100,,,,,,,ชุดาพร สอนภักดี* ,,,,,,,,,,,,,
,3,3,815,"วันจันทร์  10:30-12:00,วันพุธ  10:30-12:00","LH3-211 , LH3-211",Q08,150,,,,,,,ชุดาพร สอนภักดี* ,,,,,,,,,,,,,
,3,3,825,"วันจันทร์  13:00-14:30,วันพุธ  13:00-14:30","LH4-102 , LH4-102",Q10,100,,,,,,,ชุดาพร สอนภักดี* ,,,,,,,,,,,,,
01131111-67 การเงินสำหรับผู้ประกอบการ (Finance for Entrepreneurs),3,3,700,"วันอังคาร  14:30-16:00,วันพฤหัสบดี  14:30-16:00","LH3-209 , LH3-209",ALL,60,,,,,,,เกษศิณี ศิริรุ่งวัฒนชัย* ,,,,,,,,,,,,,
01131211-65 การเงินธุรกิจ (Business Finance),3,3,700,"วันจันทร์  14:30-16:00,วันพุธ  14:30-16:00","LH2-304 , LH2-304","Q08-2 , Q08-3 , Q08-4X",80,,,,,,,เกษศิณี ศิริรุ่งวัฒนชัย* ,,,,,,,,,,,,,
,3,3,701,"วันอังคาร  16:00-17:30,วันพฤหัสบดี  16:00-17:30","LH3-305 , LH3-305","Q10-2 , Q10-3 , Q10-4X",100,,,,,,,เกษศิณี ศิริรุ่งวัฒนชัย* ,,,,,,,,,,,,,
,3,3,702,"วันอังคาร  19:00-20:30,วันพุธ  18:00-19:30","SC14-611 , SC14-611","Q10-3 , Q10-4X",20,,,,,,,เกษศิณี ศิริรุ่งวัฒนชัย* ,,,,,,,,,,,,,
,3,3,815,"วันจันทร์  13:00-14:30,วันพุธ  13:00-14:30","LH2-304 , LH2-304","Q08-2 , Q08-3 , Q08-4X",190,,,,,,,เกษศิณี ศิริรุ่งวัฒนชัย* ,,,,,,,,,,,,,
,3,3,825,วันพุธ  9:00-12:00,LH2-201,-,120,,,,,,,เกษศิณี ศิริรุ่งวัฒนชัย* ,,,,,,,,,,,,,
,3,3,826,วันพฤหัสบดี  18:00-21:00,ติดต่อผู้สอน,"Q10-3 , Q10-4X",20,,,,,,,เกษศิณี ศิริรุ่งวัฒนชัย* ,,,,,,,,,,,,,
01132111-65 หลักการจัดการ (Principles of Management),3,3,700,"วันอังคาร  9:00-10:30,วันพฤหัสบดี  9:00-10:30","LH2-301 , LH4-304","Q08-1 , Q08-2 , Q08-3",90,,,,,,,จุรีวรรณ จันพลา* ,,,,,,,,,,,,,
,3,3,701,"วันอังคาร  13:00-14:30,วันพฤหัสบดี  13:00-14:30","LH4-503 , LH4-503","Q10-1 , Q10-2 , Q10-3",100,,,,,,,จุรีวรรณ จันพลา* ,,,,,,,,,,,,,
,3,3,815,"วันจันทร์  16:30-18:00,วันพุธ  16:30-18:00","LH4-304 , LH4-304","Q08-1 , Q08-2 , Q08-3",170,,,,,,,จุรีวรรณ จันพลา* ,,,,,,,,,,,,,
,3,3,825,"วันอังคาร  16:30-18:00,วันพฤหัสบดี  16:30-18:00","LH4-304 , LH4-304","Q10-1 , Q10-2 , Q10-3 , Q10-4",120,,,,,,,จุรีวรรณ จันพลา* ,,,,,,,,,,,,,
01132213-65 การสื่อสารองค์การ (Organization Communication),3,3,700,"วันจันทร์  10:30-12:00,วันพุธ  10:30-12:00","LH4-202 , LH4-202","Q08-2 , Q08-3",80,,,,,,,โสภณ สระทองมา* ,,,,,,,,,,,,,
,3,3,815,"วันจันทร์  14:30-16:00,วันพุธ  14:30-16:00","LH4-202 , LH4-202","Q08-2 , Q08-3",140,,,,,,,โสภณ สระทองมา* ,,,,,,,,,,,,,
,3,3,816,"วันจันทร์  10:30-12:00,วันพุธ  10:30-12:00","LH4-202 , LH4-202",Q08-4,2,,,,,,,โสภณ สระทองมา* ,,,,,,,,,,,,,
01132214-65 สภาพแวดล้อมธุรกิจ (Environment of Business),3,3,700,"วันอังคาร  9:00-10:30,วันพฤหัสบดี  9:00-10:30","LH4-306 , LH4-306",Q08-3,70,,,,,,,พชร ใจอารีย์* ,,,,,,,,,,,,,
,3,3,815,"วันอังคาร  13:00-14:30,วันพฤหัสบดี  13:00-14:30","LH3-211 , LH3-211","Q08-3 , Q08-4",120,,,,,,,พชร ใจอารีย์* ,,,,,,,,,,,,,
01132221-65 พฤติกรรมองค์การ (Organization Behavior),3,3,700,"วันอังคาร  10:30-12:00,วันพฤหัสบดี  10:30-12:00","ติดต่อผู้สอน , ติดต่อผู้สอน",Q08-3,66,,,,,,,ทัตเทพ ทวีไทย* ,,,,,,,,,,,,,
,3,3,815,"วันอังคาร  14:30-16:00,วันพฤหัสบดี  14:30-16:00","LH3-305 , LH3-305","Q08-3 , Q08-4",120,,,,,,,ทัตเทพ ทวีไทย* ,,,,,,,,,,,,,
01132323-65 พนักงานสัมพันธ์ (Employee Relations),3,3,700,"วันจันทร์  14:30-16:00,วันพุธ  14:30-16:00","LH2-201 , LH3-303",Q08-4,68,,,,,,,ทัตเทพ ทวีไทย* ,,,,,,,,,,,,,
,3,3,815,"วันจันทร์  10:30-12:00,วันพุธ  10:30-12:00","LH4-604 , LH4-604",Q08-4,76,,,,,,,ทัตเทพ ทวีไทย* ,,,,,,,,,,,,,
01132325-65 การสรรหาและการคัดเลือก (Recruitment and Selection),3,3,700,"วันจันทร์  10:30-12:00,วันพุธ  10:30-12:00","KH80-205 , KH80-203",Q08-3,66,,,,,,,"พชร ใจอารีย์*  , จุรีวรรณ จันพลา",,,,,,,,,,,,,
,3,3,815,"วันอังคาร  18:00-19:30,วันพฤหัสบดี  18:00-19:30","LH3-305 , LH3-305","Q08-3 , Q08-4",116,,,,,,,"พชร ใจอารีย์*  , จุรีวรรณ จันพลา",,,,,,,,,,,,,
01132326-65 การพัฒนาองค์การ (Organization Development),3,3,700,"วันจันทร์  13:00-14:00,วันพุธ  13:00-14:30","SC9-505 , SC9-505",Q08-4,68,,,,,,,ทัตเทพ ทวีไทย* ,,,,,,,,,,,,,
,3,3,815,"วันอังคาร  13:00-14:30,วันพฤหัสบดี  13:00-14:30","LH4-305 , LH4-305","Q08-4 , Q08-4X",76,,,,,,,ทัตเทพ ทวีไทย* ,,,,,,,,,,,,,
01132332-65 การวิเคราะห์เชิงปริมาณเพื่อการตัดสินใจทางธุรกิจ (Quantitative Analysis for Decision Making in Business),3,3,700,"วันจันทร์  9:00-10:30,วันพุธ  9:00-10:30","LH3-211 , LH3-211",Q08-3,66,,,,,,,อังคณา ธนานุภาพพันธุ์* ,,,,,,,,,,,,,
,3,3,815,"วันจันทร์  16:30-18:00,วันพุธ  16:30-18:00","LH2-201 , LH2-201","Q08-3 , Q08-4",120,,,,,,,อังคณา ธนานุภาพพันธุ์* ,,,,,,,,,,,,,
01132333-65 ระบบสารสนเทศทางธุรกิจ (Business Information Systems),3,3,700,วันอาทิตย์  9:00-12:00,LH4-503,Q08-3,70,,,,,,,โสภณ สระทองมา* ,,,,,,,,,,,,,
,3,3,815,วันอาทิตย์  13:00-16:00,LH4-503,"Q08-3 , Q08-4",120,,,,,,,โสภณ สระทองมา* ,,,,,,,,,,,,,
01132342-65 การวางแผนภาษีอากรธุรกิจ (Business Tax Planning),3,3,700,"วันอังคาร  10:30-12:00,วันพฤหัสบดี  10:30-12:00","LH2-203 , KH80-202","Q08-4 , Q08-3",69,,,,,,,พชร ใจอารีย์* ,,,,,,,,,,,,,
,3,3,815,"วันจันทร์  14:30-16:00,วันพุธ  14:30-16:00","LH4-502 , LH4-502",Q08-4,77,,,,,,,พชร ใจอารีย์* ,,,,,,,,,,,,,
01132416-65 การจัดการการเปลี่ยนแปลงเชิงบูรณาการ (Integrative Approach in Change Management),3,3,700,"วันจันทร์  9:00-10:30,วันพุธ  9:00-10:30","KH80-205 , KH80-203",Q08-4,68,,,,,,,ทัตเทพ ทวีไทย* ,,,,,,,,,,,,,
,3,3,815,"วันจันทร์  16:30-18:00,วันพุธ  16:30-18:00","KH80-207 , KH80-207",Q08-4,76,,,,,,,ทัตเทพ ทวีไทย* ,,,,,,,,,,,,,
01132423-65 การจัดการผลการปฏิบัติงาน (Performance Management),3,3,700,"วันจันทร์  16:30-18:00,วันพุธ  16:30-18:00","LH3-209 , LH3-209",Q08-4,68,,,,,,,พชร ใจอารีย์* ,,,,,,,,,,,,,
,3,3,815,"วันอังคาร  14:30-16:00,วันพฤหัสบดี  14:30-16:00","LH3-211 , LH3-211",Q08-4,76,,,,,,,พชร ใจอารีย์* ,,,,,,,,,,,,,
01132462-65 การจัดการธุรกิจครอบครัว (Family Business Management),3,3,700,"วันอังคาร  13:00-14:30,วันพฤหัสบดี  13:00-14:30","LH4-503 , LH4-503",Q08-4,68,,,,,,,โสภณ สระทองมา* ,,,,,,,,,,,,,
,3,3,815,"วันจันทร์  13:00-14:30,วันพุธ  13:00-14:30","LH2-204 , LH2-204","Q08-4 , Q08-6X",76,,,,,,,โสภณ สระทองมา* ,,,,,,,,,,,,,
01132465-65 การจัดการนวัตกรรมเพื่อธุรกิจ (Innovation Management for Business),3,3,700,วันพุธ  13:00-16:00,SC9-503,Q08-3,70,,,,,,,โสภณ สระทองมา* ,,,,,,,,,,,,,
,3,3,815,วันพุธ  9:00-12:00,SC9-503,"Q08-3 , Q08-4",116,,,,,,,โสภณ สระทองมา* ,,,,,,,,,,,,,
01132498-65 ปัญหาพิเศษ (Special Problems),,,,,,,,3,711,วันศุกร์  9:00-12:00,ติดต่อผู้สอน,"Q08-4 , Q08-3",69,พงศ์พันธ์ ศรีเมือง* ,,,,,,,,,,,,,
,,,,,,,,3,815,วันศุกร์  16:00-19:00,ติดต่อผู้สอน,"Q08-4 , Q08-6X",76,พงศ์พันธ์ ศรีเมือง* ,,,,,,,,,,,,,
01134111-65 หลักการตลาด (Principles of Marketing),3,3,700,"วันจันทร์  13:00-14:30,วันพุธ  13:00-14:30","KH80-202 , KH80-202",Q10-1,80,,,,,,,ศุภชัย เหมือนโพธิ์* ,,,,,,,,,,,,,
,3,3,825,"วันจันทร์  10:30-12:00,วันพุธ  10:30-12:00","KH80-202 , KH80-202",Q10-1,80,,,,,,,ศุภชัย เหมือนโพธิ์* ,,,,,,,,,,,,,
,3,3,826,"วันจันทร์  13:00-14:30,วันพุธ  13:00-14:30","KH80-202 , KH80-202",Q10-2,1,,,,,,,ศุภชัย เหมือนโพธิ์* ,,,,,,,,,,,,,
01134212-65 พฤติกรรมผู้บริโภค (Consumer Behavior),3,3,700,วันจันทร์  16:00-19:00,KH80-205,Q10-2,77,,,,,,,รุ่งทิพย์ ไทยสม* ,,,,,,,,,,,,,
,3,3,825,วันจันทร์  13:00-16:00,KH80-205,Q10-2,90,,,,,,,รุ่งทิพย์ ไทยสม* ,,,,,,,,,,,,,
01134312-65 การจัดการขาย (Sales Management),3,3,700,วันอังคาร  16:00-19:00,KH80-208,"Q10-4 , Q02-2",87,,,,,,,ทาริกา สระทองคำ* ,,,,,,,,,,,,,
,3,3,825,วันจันทร์  16:00-19:00,KH80-206,Q10-4,57,,,,,,,ทาริกา สระทองคำ* ,,,,,,,,,,,,,
,3,3,826,วันอังคาร  16:00-19:00,ติดต่อผู้สอน,Q10-4,12,,,,,,,ทาริกา สระทองคำ* ,,,,,,,,,,,,,
01134322-65 การตลาดดิจิทัล (Digital Marketing),3,3,700,วันจันทร์  16:00-19:00,KH80-203,Q10-3,86,,,,,,,ไข่มุกด์ วิกรัยศักดา* ,,,,,,,,,,,,,
,3,3,809,วันพุธ  13:00-16:00,KH80-203,Q02-5,1,,,,,,,ไข่มุกด์ วิกรัยศักดา* ,,,,,,,,,,,,,
,3,3,825,วันพุธ  13:00-16:00,KH80-203,Q10-3,79,,,,,,,ไข่มุกด์ วิกรัยศักดา* ,,,,,,,,,,,,,
,3,3,826,วันจันทร์  16:00-19:00,ติดต่อผู้สอน,Q10-4,7,,,,,,,ไข่มุกด์ วิกรัยศักดา* ,,,,,,,,,,,,,
01134331-65 นโยบายผลิตภัณฑ์และราคา (Product and Price Policy),3,3,700,"วันจันทร์  9:00-10:30,วันพุธ  9:00-10:30","KH80-202 , KH80-202",Q10-3,86,,,,,,,ศุภชัย เหมือนโพธิ์* ,,,,,,,,,,,,,
,3,3,825,วันจันทร์  14:30-17:30,KH80-202,Q10-3,79,,,,,,,ศุภชัย เหมือนโพธิ์* ,,,,,,,,,,,,,
01134332-65 การจัดการผลิตภัณฑ์เชิงกลยุทธ์ (Strategic Product Management),3,3,700,วันอังคาร  9:00-12:00,KH80-207,"Q10-4 , Q28-3 , Q28-4 , Q10-5",100,,,,,,,ไข่มุกด์ วิกรัยศักดา* ,,,,,,,,,,,,,
,3,3,809,วันจันทร์  13:00-16:00,KH80-203,Q02-5,1,,,,,,,ไข่มุกด์ วิกรัยศักดา* ,,,,,,,,,,,,,
,3,3,825,วันจันทร์  13:00-16:00,KH80-203,Q10-4,58,,,,,,,ไข่มุกด์ วิกรัยศักดา* ,,,,,,,,,,,,,
01134341-65 การจัดการช่องทางการตลาด (Marketing Channel Management),3,3,700,วันอังคาร  9:00-12:00,KH80-208,"Q10-3 , Q28-3 , Q28-4",103,,,,,,,ทาริกา สระทองคำ* ,,,,,,,,,,,,,
,3,3,809,วันจันทร์  9:00-12:00,KH80-208,Q02-5,1,,,,,,,ทาริกา สระทองคำ* ,,,,,,,,,,,,,
,3,3,825,วันจันทร์  9:00-12:00,KH80-208,Q10-3,79,,,,,,,ทาริกา สระทองคำ* ,,,,,,,,,,,,,
01134342-65 การค้าปลีก (Retailing),3,3,700,วันจันทร์  13:00-16:00,ติดต่อผู้สอน,Q10-3,86,,,,,,,ทาริกา สระทองคำ* ,,,,,,,,,,,,,
,3,3,825,วันอังคาร  13:00-16:00,KH80-208,Q10-3,79,,,,,,,ทาริกา สระทองคำ* ,,,,,,,,,,,,,
01134351-65 การสื่อสารการตลาดแบบบูรณาการ (Integrated Marketing Communication),3,3,700,วันอังคาร  13:00-16:00,KH80-205,"Q10-3 , Q28-3 , Q28-4",101,,,,,,,รุ่งทิพย์ ไทยสม* ,,,,,,,,,,,,,
,3,3,825,วันอังคาร  9:00-12:00,KH80-205,Q10-3,79,,,,,,,รุ่งทิพย์ ไทยสม* ,,,,,,,,,,,,,
01134355-65 การส่งเสริมการขายและการตลาดกิจกรรม (Sales Promotion and Event Marketing),3,2,700,วันพุธ  16:00-18:00,LH2-301,"Q10-1 , Q10-2 , Q28-2 , Q10-3 , Q10-4 , Q10-5",133,,,,,,,ไข่มุกด์ วิกรัยศักดา* ,,,,,,,,,,,,,
,,,,,,,,1,711,วันพุธ  18:00-20:00,LH2-301,"Q10-1 , Q10-2 , Q28-2 , Q10-3 , Q10-4 , Q10-5",133,ไข่มุกด์ วิกรัยศักดา* ,,,,,,,,,,,,,
,3,2,825,วันจันทร์  9:00-11:00,KH80-203,"Q10-1 , Q10-2 , Q10-3 , Q10-4",57,,,,,,,ไข่มุกด์ วิกรัยศักดา* ,,,,,,,,,,,,,
,,,,,,,,1,825,วันจันทร์  11:00-13:00,KH80-203,"Q10-1 , Q10-2 , Q10-3 , Q10-4",57,ไข่มุกด์ วิกรัยศักดา* ,,,,,,,,,,,,,
01134412-65 การพยากรณ์การขาย (Sales  Forecasting),3,3,700,วันอังคาร  16:00-19:00,KH80-206,Q10-3,87,,,,,,,ดำรงค์ ถาวร* ,,,,,,,,,,,,,
,3,3,825,วันพุธ  9:00-12:00,LH2-303,Q10-3,79,,,,,,,ดำรงค์ ถาวร* ,,,,,,,,,,,,,
,3,3,826,วันอังคาร  16:00-19:00,KH80-206,Q10-4,1,,,,,,,ดำรงค์ ถาวร* ,,,,,,,,,,,,,
01134422-65 การตลาดบริการ (Service Marketing),3,3,700,วันอังคาร  13:00-16:00,KH80-202,"Q10-2 , Q28-3 , Q28-4 , Q10-5",92,,,,,,,ศุภชัย เหมือนโพธิ์* ,,,,,,,,,,,,,
,3,3,809,วันอังคาร  9:00-12:00,KH80-202,Q02-5,1,,,,,,,ศุภชัย เหมือนโพธิ์* ,,,,,,,,,,,,,
,3,3,825,วันอังคาร  9:00-12:00,KH80-202,Q10-2,90,,,,,,,ศุภชัย เหมือนโพธิ์* ,,,,,,,,,,,,,
01134432-65 กลยุทธ์ราคา (Price Strategy),3,3,700,วันพุธ  9:00-12:00,KH80-205,"Q10-4 , Q10-5",86,,,,,,,รุ่งทิพย์ ไทยสม* ,,,,,,,,,,,,,
,3,3,701,ยังไม่มีการกำหนดวัน-เวลาเรียน,ยังไม่มีการกำหนดห้องเรียน,Q10-6X,1,,,,,,,รุ่งทิพย์ ไทยสม* ,,,,,,,,,,,,,
,3,3,825,วันพุธ  13:00-16:00,KH80-205,Q10-4,57,,,,,,,รุ่งทิพย์ ไทยสม* ,,,,,,,,,,,,,
01134497-65 สัมมนา (Seminar),1,1,700,วันพุธ  12:00-13:00,KH80-205,Q10-4,85,,,,,,,รุ่งทิพย์ ไทยสม* ,,,,,,,,,,,,,
,1,1,825,วันพุธ  16:00-17:00,KH80-205,Q10-4,57,,,,,,,รุ่งทิพย์ ไทยสม* ,,,,,,,,,,,,,
,1,1,826,วันพุธ  12:00-13:00,KH80-205,Q10-4,1,,,,,,,รุ่งทิพย์ ไทยสม* ,,,,,,,,,,,,,
01134498-65 ปัญหาพิเศษ (Special Problems),,,,,,,,3,711,วันพฤหัสบดี  9:00-12:00,KH80-208,Q10-4,85,ทาริกา สระทองคำ* ,,,,,,,,,,,,,
,,,,,,,,3,825,วันพุธ  9:00-12:00,KH80-208,Q10-4,57,ทาริกา สระทองคำ* ,,,,,,,,,,,,,
ประมง,,,,,,,,,,,,,,,,,,,,,,,,,,,
01251321-60 การเพาะและอนุบาลสัตว์น้ำจืด (Breeding and Nursing of Freshwater Animals),3,2,700,วันจันทร์  8:30-10:30,LH3-209,B03-5X,5,,,,,,,สาทิต ฉัตรชัยพันธ์* ,,,,,,,,,,,,,
,,,,,,,,1,711,วันศุกร์  8:00-10:00,ห้องปฏิบัติการชีววิทยา 2 (ห้องเรียน2) สถานีวิจัยประมงกำแพงแสน,B03-5X,5,สาทิต ฉัตรชัยพันธ์* ,,,,,,,,,,,,,
01251321-65 การเพาะและอนุบาลสัตว์น้ำจืด (Breeding and Nursing of Freshwater Animals),3,2,700,วันจันทร์  8:30-10:30,LH3-209,"B03-3 , B03-4",64,,,,,,,สาทิต ฉัตรชัยพันธ์* ,,,,,,,,,,,,,
,,,,,,,,1,711,วันศุกร์  8:00-10:00,ห้องปฏิบัติการชีววิทยา2 (ห้องเรียน 2) สถานีวิจัยประมงกำแพงแสน,"B03-3 , B03-4",32,สาทิต ฉัตรชัยพันธ์* ,,,,,,,,,,,,,
,,,,,,,,1,712,วันศุกร์  10:00-12:00,ห้องปฏิบัติการชีววิทยา 2 (ห้องเรียน2) สถานีวิจัยประมงกำแพงแสน,"B03-3 , B03-4",32,สาทิต ฉัตรชัยพันธ์* ,,,,,,,,,,,,,
01251351-65 คุณภาพน้ำสำหรับการเพาะเลี้ยงสัตว์น้ำ (Water Quality for Aquaculture),3,2,700,วันพุธ  10:00-12:00,ห้องบรรยายชั้น 1 สถานีวิจัยประมงกำแพงแสน,"B03-3 , B03-4",64,,,,,,,อิสริยา วุฒิสินธุ์* ,,,,,,,,,,,,,
,,,,,,,,1,711,วันพุธ  13:00-15:00,ห้องวิทยาศาสตร์จุลชีวะ และห้องปฏิบัติการเคมี สถานีวิจัยประมงกำแพงแสน,"B03-3 , B03-4",64,อิสริยา วุฒิสินธุ์* ,,,,,,,,,,,,,
01251371-65 อาหารสัตว์น้ำ (Aquatic Animal Feed),2,2,700,วันจันทร์  9:00-11:00,ห้องบรรยายชั้น 2 สถานีวิจัยประมงกำแพงแสน,B03-4X,40,,,,,,,"สรณัฏฐ์ ศิริสวย*  , นรธัช ประชุม",,,,,,,,,,,,,
01251372-65 อาหารสัตว์น้ำ ภาคปฏิบัติการ (Laboratory in Aquatic Animals Feed),,,,,,,,1,711,วันจันทร์  11:00-14:00,ห้องบรรยายชั้น 2 สถานีวิจัยประมงกำแพงแสน,B03-4X,20,"สรณัฏฐ์ ศิริสวย*  , นรธัช ประชุม",,,,,,,,,,,,,
,,,,,,,,1,712,วันจันทร์  14:00-17:00,ห้องบรรยายชั้น 2 สถานีวิจัยประมงกำแพงแสน,B03-4X,20,"สรณัฏฐ์ ศิริสวย*  , นรธัช ประชุม",,,,,,,,,,,,,
01251421-65 ปลาสวยงามและพรรณไม้น้ำประดับ (Ornamental Fish and Aquatic Plants),3,2,700,วันจันทร์  18:00-20:00,ห้องบรรยายชั้น 2 สถานีวิจัยประมงกำแพงแสน,B03-4X,40,,,,,,,สรณัฏฐ์ ศิริสวย* ,,,,,,,,,,,,,
,,,,,,,,1,711,ติดต่อผู้สอน,ติดต่อผู้สอน,B03-4X,40,สรณัฏฐ์ ศิริสวย* ,,,,,,,,,,,,,
01251441-65 พันธุศาสตร์การเพาะเลี้ยงสัตว์น้ำ (Aquaculture Genetics),2,2,700,วันอังคาร  10:00-12:00,ห้องบรรยายชั้น 1 สถานีวิจัยประมงกำแพงแสน,B03-4X,35,,,,,,,"สิลา สุขวัจน์*  , ชลธิดา ภูถาวร , สุภาวดี พุ่มพวง",,,,,,,,,,,,,
01251442-65 เทคโนโลยีทางพันธุศาสตร์เพื่อการเพาะเลี้ยงสัตว์น้ำ (Genetic Technologies for Aquaculture),,,,,,,,1,711,วันอังคาร  13:00-16:00,ห้องบรรยายชั้น 1 สถานีวิจัยประมงกำแพงแสน,B03-4X,35,"สิลา สุขวัจน์*  , ชลธิดา ภูถาวร , สุภาวดี พุ่มพวง",,,,,,,,,,,,,
01251462-65 หลักการสร้างบ่อเพาะเลี้ยงสัตว์น้ำ (Aquaculture pond construction),3,2,700,วันพุธ  10:00-12:00,ห้องบรรยายชั้น 2 สถานีวิจัยประมงกำแพงแสน,B03-4X,35,,,,,,,รุ่งพฤทธิ์ จงเจริญสุข* ,,,,,,,,,,,,,
,,,,,,,,1,711,วันพุธ  13:00-15:00,ห้องปฏิบัติการชีววิทยา 2 (ห้องเรียน2) สถานีวิจัยประมงกำแพงแสน,B03-4X,35,รุ่งพฤทธิ์ จงเจริญสุข* ,,,,,,,,,,,,,
01251491-65 ระเบียบวิธีวิจัยพื้นฐานเพื่อการเพาะเลี้ยงสัตว์น้ำ (Basic Research Methods in Aquaculture),3,3,700,"วันพุธ  9:00-10:00,วันพุธ  15:00-17:00","ห้องบรรยายชั้น 1 สถานีวิจัยประมงกำแพงแสน , ห้องบรรยายชั้น 1 สถานีวิจัยประมงกำแพงแสน",B03-4X,35,,,,,,,อิสริยา วุฒิสินธุ์* ,,,,,,,,,,,,,
01251496-65 เรื่องเฉพาะทางเพาะเลี้ยงสัตว์น้ำ (Selected Topics in Aquaculture),3,3,700,ติดต่อผู้สอน,ติดต่อผู้สอน,B03-4,18,,,,,,,พูนสิน กันทา* ,,,,,,,,,,,,,
01251497-65 สัมมนา (seminar),1,1,700,ติดต่อผู้สอน,ติดต่อผู้สอน,B03-4X,15,,,,,,,สุขกฤช นิมิตรกุล* ,,,,,,,,,,,,,
,1,1,701,วันศุกร์  14:00-15:00,ห้องบรรยายชั้น 1 สถานีวิจัยประมงกำแพงแสน,B03-4X,15,,,,,,,สาทิต ฉัตรชัยพันธ์* ,,,,,,,,,,,,,
,1,1,702,ติดต่อผู้สอน,ติดต่อผู้สอน,B03-4X,15,,,,,,,อัครศิริ แสงสว่าง* ,,,,,,,,,,,,,
01251498-65 ปัญหาพิเศษ (Special Problems),,,,,,,,1,711,ติดต่อผู้สอน,ติดต่อผู้สอน,B03-4X,4,สรณัฏฐ์ ศิริสวย* ,,,,,,,,,,,,,
,,,,,,,,1,712,ติดต่อผู้สอน,ติดต่อผู้สอน,B03-4X,0,สาทิต ฉัตรชัยพันธ์* ,,,,,,,,,,,,,
,,,,,,,,1,713,ติดต่อผู้สอน,ติดต่อผู้สอน,B03-4X,30,อัครศิริ แสงสว่าง* ,,,,,,,,,,,,,
01252241-60 มีนวิทยา (Ichthyology),3,3,700,"วันจันทร์  14:30-16:30,วันจันทร์  17:00-18:00","LH2-204 , LH2-204",B03-5X,5,,,,,,,สมหมาย เจนกิจการ* ,,,,,,,,,,,,,
01252242-60 มีนวิทยา ภาคปฏิบัติการ (Laboratory for Ichthyology),,,,,,,,1,711,วันศุกร์  13:30-15:30,ห้องปฏิบัติการชีววิทยา 1 (ห้องเรียน1) สถานีวิจัยประมงกำแพงแสน,B03-5X,5,สมหมาย เจนกิจการ* ,,,,,,,,,,,,,
,,,,,,,,1,712,วันศุกร์  15:30-17:30,ห้องปฏิบัติการชีววิทยา 1 (ห้องเรียน1) สถานีวิจัยประมงกำแพงแสน,B03-5X,5,สมหมาย เจนกิจการ* ,,,,,,,,,,,,,
01252331-60 หลักนิเวศวิทยาและสิ่งแวดล้อมทางน้ำ (Principles of Aquatic Ecology and Environments),4,3,700,วันศุกร์  8:30-10:30,ห้องวิทยาศาสตร์จุลชีวะ สถานีวิจัยประมงกำแพงแสน,B03-5X,5,,,,,,,"จารุมาศ เมฆสัมพันธ์*  , สมหมาย เจนกิจการ , อิสริยา วุฒิสินธุ์ , นภาขวัญ แหวนเพชร , วชิระ ใจงาม , ปริญญา ลิมป์วิริยะกุล , สันติ พ่วงเจริญ , พัชรี ครูขยัน",,,,,,,,,,,,,
,,,,,,,,1,711,วันศุกร์  10:30-12:30,ห้องวิทยาศาสตร์จุลชีวะ และห้องปฏิบัติการเคมี สถานีวิจัยประมงกำแพงแสน,B03-5X,5,"จารุมาศ เมฆสัมพันธ์*  , สมหมาย เจนกิจการ , อิสริยา วุฒิสินธุ์ , นภาขวัญ แหวนเพชร , วชิระ ใจงาม , ปริญญา ลิมป์วิริยะกุล , สันติ พ่วงเจริญ , พัชรี ครูขยัน",,,,,,,,,,,,,
01252411-65 พรรณสัตว์พื้นท้องน้ำ (Benthic Fauna),3,2,700,วันพฤหัสบดี  10:00-12:00,ห้องปฏิบัติการชีววิทยา2 (ห้องเรียน2) สถานีวิจัยประมงกำแพงแสน,B03-4,30,,,,,,,พัชรี ครูขยัน* ,,,,,,,,,,,,,
,,,,,,,,1,711,วันพฤหัสบดี  13:00-16:00,ห้องปฏิบัติการชีววิทยา2 (ห้องเรียน2) สถานีวิจัยประมงกำแพงแสน,B03-4,30,พัชรี ครูขยัน* ,,,,,,,,,,,,,
01253441-65 การจัดการโลจิสติกส์และห่วงโซ่อุปทานในธุรกิจประมง (Logistics and Supply Chain Management in Fishery Business),3,3,700,วันเสาร์  9:00-12:00,ห้องบรรยายชั้น 2 สถานีวิจัยประมงกำแพงแสน,"B03-4X , B03-4",35,,,,,,,วรัณทัต ดุลยพฤกษ์* ,,,,,,,,,,,,,
01254425-60 เครื่องมือวิเคราะห์ทางประมง (Analytical Instrument in Fisheries),3,3,700,วันพฤหัสบดี  9:00-12:00,ห้องบรรยายชั้น 2 สถานีวิจัยประมงกำแพงแสน,B03-5X,5,,,,,,,จุฑา มุกดาสนิท* ,,,,,,,,,,,,,
"01254425-65 เครื่องมือวิเคราะห์ทางการประมง	 (Analytical Instrument in Fisheries)",3,3,700,วันพฤหัสบดี  9:00-12:00,ห้องบรรยายชั้น 2 สถานีวิจัยประมงกำแพงแสน,B03-4,30,,,,,,,จุฑา มุกดาสนิท* ,,,,,,,,,,,,,
01299111-65 การประมงทั่วไป (General Fisheries),2,2,700,วันศุกร์  10:00-12:00,LH3-305,"B03-1 , B03-2 , B03-3",120,,,,,,,"มณช์นิศาษ์ ศรีสมวงศ์*  , ศันสนีย์ หวังวรลักษณ์ , เณรตา ปิ่นเนตรหาญ , ณัฎฐิกาฑ์ เหมภัทรสุวรรณ , มานิต ชาญสุภาพ",,,,,,,,,,,,,
01299218-65 หลักนิเวศวิทยาและสิ่งแวดล้อมทางน้ำ (Principles of Aquatic Ecology and Environments),3,2,700,วันศุกร์  8:30-10:30,ห้องวิทยาศาสตร์จุลชีวะ สถานีวิจัยประมงกำแพงแสน,"B03-2 , B03-3 , B03-4",80,,,,,,,"ธนิดา แซ่ตั้ง , จารุมาศ เมฆสัมพันธ์*  , สมหมาย เจนกิจการ , อิสริยา วุฒิสินธุ์ , นภาขวัญ แหวนเพชร , วชิระ ใจงาม , ปริญญา ลิมป์วิริยะกุล , สันติ พ่วงเจริญ , พัชรี ครูขยัน",,,,,,,,,,,,,
,,,,,,,,1,711,วันศุกร์  10:30-12:30,ห้องวิทยาศาสตร์จุลชีวะ และห้องปฏิบัติการเคมี สถานีวิจัยประมงกำแพงแสน,"B03-2 , B03-3 , B03-4",80,"ธนิดา แซ่ตั้ง , จารุมาศ เมฆสัมพันธ์*  , สมหมาย เจนกิจการ , อิสริยา วุฒิสินธุ์ , นภาขวัญ แหวนเพชร , วชิระ ใจงาม , ปริญญา ลิมป์วิริยะกุล , สันติ พ่วงเจริญ , พัชรี ครูขยัน",,,,,,,,,,,,,
01299219-65 จุลชีพและพืชน้ำเพื่อการประมง (Microorganisms and Aquatic Plants for Fisheries),3,2,700,วันพฤหัสบดี  10:00-12:00,KH80-203,"B03-3 , B03-4",65,,,,,,,ไพลิน จิตรชุ่ม* ,,,,,,,,,,,,,
,,,,,,,,1,711,วันพฤหัสบดี  13:00-16:00,ห้องวิทยาศาสตร์จุลชีวะ และห้องปฏิบัติการเคมี สถานีวิจัยประมงกำแพงแสน,"B03-3 , B03-4",65,ไพลิน จิตรชุ่ม* ,,,,,,,,,,,,,
01299221-65 มีนวิทยา (Ichthyology),3,3,700,"วันจันทร์  14:30-16:30,วันจันทร์  17:00-18:00","LH2-204 , LH2-204","B03-2 , B03-3 , B03-4",80,,,,,,,สมหมาย เจนกิจการ* ,,,,,,,,,,,,,
01299222-65 มีนวิทยา ภาคปฏิบัติการ (Laboratory in Ichthyology),,,,,,,,1,711,วันศุกร์  13:30-15:30,ห้องปฏิบัติการชีววิทยา 1 (ห้องเรียน1) สถานีวิจัยประมงกำแพงแสน,"B03-2 , B03-3 , B03-4",40,สมหมาย เจนกิจการ* ,,,,,,,,,,,,,
,,,,,,,,1,712,วันศุกร์  15:30-17:30,ห้องปฏิบัติการชีววิทยา 1 (ห้องเรียน1) สถานีวิจัยประมงกำแพงแสน,"B03-2 , B03-3 , B03-4",40,สมหมาย เจนกิจการ* ,,,,,,,,,,,,,
01299390-65 การเตรียมความพร้อมสหกิจศึกษา (Cooperative Education Preparation),1,1,700,วันจันทร์  17:00-18:00,ห้องบรรยายชั้น 2 สถานีวิจัยประมงกำแพงแสน ,B03-4X,999,,,,,,,สรณัฏฐ์ ศิริสวย* ,,,,,,,,,,,,,
01299490-65 สหกิจศึกษา (Cooperative Education),,,,,,,,6,711,ติดต่อผู้สอน,ติดต่อผู้สอน,B03-4X,10,"สรณัฏฐ์ ศิริสวย*  , วราห์ เทพาหุดี , พงศ์เชฏฐ์ พิชิตกุล , สุขกฤช นิมิตรกุล",,,,,,,,,,,,,
ม.เกษตรศาสตร์,,,,,,,,,,,,,,,,,,,,,,,,,,,
02999037-67 ศิลปะแห่งสุนทรียศาสตร์เพื่อความสุข (Atrs of Aesthetics for Happiness),3,3,700,วันอังคาร  9:00-12:00,LH2-304,"F80-1 , A34-2",110,,,,,,,พีรพจน์ ปิ่นทองดี* ,,,,,,,,,,,,,
,3,3,890,วันพุธ  16:00-19:00,LH3-210,ALL,40,,,,,,,พีรพจน์ ปิ่นทองดี* ,,,,,,,,,,,,,
02999038-67 ความสุขในศตวรรษที่ 21 (Happiness in the 21st Century),3,3,700,วันพุธ  13:00-16:00,LH2-301,"H10-1 , H11-1 , E04-3",300,,,,,,,"เขวิกา สุขเอี่ยม*  , อภิญญา สุพิชญ์ , ดนชิดา วาทินพุฒิพร",,,,,,,,,,,,,
,3,3,701,วันศุกร์  15:00-18:00,LH4-303,ALL,150,,,,,,,เขวิกา สุขเอี่ยม* ,,,,,,,,,,,,,
,3,3,890,วันจันทร์  16:00-19:00,LH4-303,ALL,300,,,,,,,เขวิกา สุขเอี่ยม* ,,,,,,,,,,,,,
02999042-67 การพัฒนานิสิต (Students Development),3,2,700,วันพุธ  14:30-16:30,LH4-305,F79-2,70,,,,,,,"ภัทรพร จินตกานนท์ , ปิติ ตรีสุกล*  , สุภณิดา พวงผกา , เกวลิน ศรีจันทร์",,,,,,,,,,,,,
,,,,,,,,1,711,วันพุธ  16:30-19:30,LH4-305,F79-2,70,"ภัทรพร จินตกานนท์ , ปิติ ตรีสุกล*  , สุภณิดา พวงผกา , เกวลิน ศรีจันทร์",,,,,,,,,,,,,
02999044-67 เศรษฐกิจพอเพียงเพื่อการดำรงชีวิต (Sufficiency Economy for Living),3,3,700,"วันอังคาร  14:30-16:00,วันพฤหัสบดี  14:30-16:00","LH4-303 , LH4-303","F77-1 , F78-1 , E04-3",300,,,,,,,นภาพร พันธุ์กมลศิลป์* ,,,,,,,,,,,,,
,3,3,701,วันศุกร์  9:00-12:00,LH4-303,"H10-2 , ALL",300,,,,,,,นภาพร พันธุ์กมลศิลป์* ,,,,,,,,,,,,,
02999049-67 การออกแบบความคิดเชิงสร้างสรรค์สำหรับธุรกิจเพื่อสังคม (Creative Design Thinking for Social Enterprise),3,3,700,CLOSED,KH80-206,ALL,100,,,,,,,"ดนชิดา วาทินพุฒิพร*  , เขวิกา สุขเอี่ยม",,,,,,,,,,,,,
02999144-67 ทักษะชีวิตการเป็นนิสิตมหาวิทยาลัย (Life Skill for Undergraduate Student),1,1,700,วันอังคาร  16:00-17:00,LH2-205,A50-1,64,,,,,,,"พัชราภรณ์ ถิ่นจันทร์*  , พิสุทธิ์ เขียวมณี , พิมลวรรณ เกตพันธ์ , ชัชมาศ กาญจนอุดมการ , นราธิป สุจินดา",,,,,,,,,,,,,
,1,1,701,วันอังคาร  16:00-17:00,LH2-206,A50-1,64,,,,,,,"สุชาดา กรุณา*  , เกวลิน ศรีจันทร์ , นภาพร พันธุ์กมลศิลป์ , ณัชชา ศรหิรัญ",,,,,,,,,,,,,
,1,1,702,วันศุกร์  10:00-11:00,LH2-206,A50-1,65,,,,,,,"คนึงรัตน์ คำมณี*  , พันธ์จิตต์ สีเหนี่ยง , รพี ดอกไม้เทศ",,,,,,,,,,,,,
,1,1,703,วันอังคาร  16:00-17:00,LH2-204,A50-1,65,,,,,,,"สิรินภา ช่วงโอภาส*  , อัญธิชา พรมเมืองคุก , กนกกร สินมา , พงษ์เพชร พงษ์ศิวาภัย , เกียรติศักดิ์ สนศรี",,,,,,,,,,,,,
,1,1,704,วันอังคาร  16:00-17:00,LH3-203,A50-1,50,,,,,,,"พิสุทธิ์ เขียวมณี , ศิริพร ดอนเหนือ , อมรศรี ขุนอินทร์ , พรทิพย์ เรือนปานันท์*  , ศลิษฎ์ ศุภกิจธนากร , ษมาภร สิงหพันธุ์ , ฉัตรสุดา จีระพันธุ",,,,,,,,,,,,,
,1,1,705,วันอังคาร  16:00-17:00,LH3-204,A50-1,50,,,,,,,"จำเนียร ชมภู*  , รุ่งทิพย์ มาศเมธาทิพย์ , ภาสันต์ ศารทูลทัต",,,,,,,,,,,,,
,1,1,706,วันอังคาร  16:00-17:00,LH3-205,A50-1,50,,,,,,,"สัญชัย ภู่เงิน*  , เกียรติศักดิ์ สนศรี , ศลิษฎ์ ศุภกิจธนากร",,,,,,,,,,,,,
,1,1,707,วันอังคาร  16:00-17:00,LH3-210,-,58,,,,,,,"พงศ์ศักดิ์ ชลธนสวัสดิ์*  , สมบัติ ขาวประทีป , นนทวัชร์ ชัยณรงค์ , ชวลิต คณากรสุขสันต์ , สุณัฏฐา อัฐฐิศิลป์เวท , ธวัชชัย เกิดสุข , ภาวิต ตั้งวงศ์กิจ",,,,,,,,,,,,,
,1,1,708,วันอังคาร  13:00-14:00,LH2-303,A33-1,101,,,,,,,"วันวิสา ชุ่มเงิน*  , วิราวรรณ นุชนารถ , วนิดา สืบสายพรหม , สุกัญญา รัตนทับทิมทอง , ศิริรัตน์ บัวผัน , คงปฐม กาญจนเสริม , สุรพันธ์ จิตวิริยนนท์ , สุธิษา มาเจริญ , ขุนพล พงษ์มณี",,,,,,,,,,,,,
,1,1,709,วันอังคาร  16:00-17:00,LH3-206,A34-1,52,,,,,,,"คัทลียา ฉัตร์เที่ยง*  , อนุรักษ์ อรัญญนาค , ษมาภร สิงหพันธุ์ , กนกวรรณ เที่ยงธรรม",,,,,,,,,,,,,
,1,1,711,วันศุกร์  9:00-10:00,LH3-210,Q03-1,60,,,,,,,"ศศิน เทียนดี*  , ปรวี วงศ์สวัสดิ์สุริยะ",,,,,,,,,,,,,
,1,1,712,วันศุกร์  13:00-14:00,LH2-204,Q04-1,60,,,,,,,"ฐิติ กาญจนเกตุ*  , พริมา พิริยางกูร , อดิศร ไชยบาง , พุทธพร ส่องศรี , ภัทราวรรณ คำบุญเรือง , อัญลักษณ์ วชิรไชยการ",,,,,,,,,,,,,
,1,1,713,วันอังคาร  15:00-16:00,LH2-203,Q05-1,50,,,,,,,"สกาวรัตน์ จงพัฒนากร , ปัญญาพร ปรางจโรจน์* ",,,,,,,,,,,,,
,1,1,714,วันจันทร์  11:00-12:00,LH2-205,Q06-1,60,,,,,,,"พจมาน พูลมี*  , วีรมลล์ ไวลิขิต , ศศิวดี บุญญะอุทธยาน , นงพงา จรัสโสภณ , วรางคณา จิตตชุ่ม",,,,,,,,,,,,,
,1,1,715,วันอังคาร  16:00-17:00,LH3-201,Q07-1,35,,,,,,,"อัฐสิษฐ์ ทับทิมแท้*  , สุชีวัน กรอบทอง , สุนทรี แสงจันทร์ , นพพร รัตนช่วง , ภัทรพงศ์ รักน้อย , ศศิมลฑล ม่วงศรีจันทร์ , ศุภเดช สุจินพรัหม , วีรนุช แก้ววิเศษ , ฤดีรัตน์ สันตะโก , สันทัด พิทักษ์วงศาภรณ์ , สุทธิพจน์ วงศ์ฤกษ์ดี , พีรพงศ์ ยศประยูรศักดิ์ , บุษรา พัฒนศิริ , วัชระ ทองเสมอ , วีรชัย ลิภา",,,,,,,,,,,,,
,1,1,718,วันอังคาร  16:30-17:30,LH3-304,Q10-1,80,,,,,,,รุ่งทิพย์ ไทยสม* ,,,,,,,,,,,,,
,1,1,719,วันจันทร์  11:00-12:00,LH3-210,Q11-1,45,,,,,,,สิทธิพงศ์ รักตะเมธากูล* ,,,,,,,,,,,,,
,1,1,720,วันพุธ  18:00-19:00,LH2-304,-,205,,,,,,,อรธีรา มนูจันทรัถ* ,,,,,,,,,,,,,
,1,1,723,วันอังคาร  16:00-17:00,LH2-303,H03-1,150,,,,,,,"ปภาพัศร์ วงษ์ประคอง , จันทร์เมธา ศรีรักษา* ",,,,,,,,,,,,,
,1,1,724,วันพุธ  11:00-12:00,LH2-202,H01-1,140,,,,,,,ปิยะพงษ์ เลาศรีรัตนชัย* ,,,,,,,,,,,,,
,1,1,725,วันพฤหัสบดี  13:00-14:00,E7107,E37-1,60,,,,,,,"สิรินาฏ น้อยพิทักษ์*  , ศิวลักษณ์ ปฐวีรัตน์",,,,,,,,,,,,,
,1,1,726,วันจันทร์  11:00-12:00,LH2-304,H12-1,170,,,,,,,อุมาพร บุญเพชรแก้ว* ,,,,,,,,,,,,,
,1,1,727,วันศุกร์  15:00-16:00,LH2-303,H13-1,170,,,,,,,"ณภัทร สำราญราษฎร์*  , ชนัญญู ตินตะบุระ , ปฤณพร บุญรังษี",,,,,,,,,,,,,
,1,1,732,วันพฤหัสบดี  11:00-12:00,EDS3-401,F39-1,80,,,,,,,"จุฑาทิพย์ ถาวรรัตน์*  , นิรันดร์ ยิ่งยวด , วรรณี เนียมหอม , อภิญญา อุดมเวช , พัชราภา กล้าหาญ , อรวรรณ บุญทัน , อภิชาติ ใจอารีย์",,,,,,,,,,,,,
,1,1,733,วันพุธ  15:30-16:30,LH3-204,F82-2,30,,,,,,,ปรีชา นวมนาม* ,,,,,,,,,,,,,
,1,1,737,วันอังคาร  16:00-17:00,LH4-503,S02-1,120,,,,,,,"พรพล พิมพาพร*  , วุฒิไกร น้อยพันธ์ , อาริสร์ กาญจนศิลานนท์ , ไพลิน เผือกประคอง , ธิษณามดี สีแล , สรายุทธ์ น้อยเกษม , นิรอมลี มะกาเจ",,,,,,,,,,,,,
,1,1,738,วันอังคาร  14:30-15:30,LH4-104,B03-1,90,,,,,,,"สมหมาย เจนกิจการ*  , อัครศิริ แสงสว่าง",,,,,,,,,,,,,
,1,1,741,วันอังคาร  11:00-12:00,SC9-508,Q22-1,92,,,,,,,"ขนิษฐา สุขสง*  , สุภณิดา พวงผกา , กฤช วีรกุล , ศรัณย์ จิระพงษ์สุวรรณ",,,,,,,,,,,,,
,1,1,743,วันศุกร์  15:00-16:00,LH3-209,T02-1,100,,,,,,,"อรรถพล อ่างแก้ว , ธนพัฒน์ จันทร์สระคู , มณีกาญจน์ อยู่เอี่ยม* ",,,,,,,,,,,,,
,1,1,747,วันจันทร์  13:00-14:00,LH3-205,Q28-1,40,,,,,,,"อินทิรา ขูดแก้ว*  , ศิริพร ศรีภิญโญวณิชย์ , สหณัฐ เพชรศรี , อรพรรณ ศังขจันทรานนท์ , พรไพรินทร์ รุ่งเจริญทอง , ทิพรดา พูลสวัสดิ์ , พิมพ์ชนก สตภูมินทร์ , กิตติพจน์ เพิ่มพูล , วิภาดา กันทยศ",,,,,,,,,,,,,
,1,1,748,วันพุธ  13:00-14:00,LH2-202,H05-1,180,,,,,,,ศุศราภรณ์ แต่งตั้งลำ* ,,,,,,,,,,,,,
,1,1,800,วันศุกร์  13:00-14:00,LH3-210,Q03-1,80,,,,,,,"ศศิน เทียนดี*  , ปรวี วงศ์สวัสดิ์สุริยะ",,,,,,,,,,,,,
,1,1,820,วันจันทร์  9:00-10:00,LH3-305,Q05-1,90,,,,,,,"ปัญญาพร ปรางจโรจน์ , สกาวรัตน์ จงพัฒนากร* ",,,,,,,,,,,,,
,1,1,825,วันอังคาร  18:00-19:00,LH4-503,Q10-1,80,,,,,,,รุ่งทิพย์ ไทยสม* ,,,,,,,,,,,,,
,1,1,855,วันพุธ  18:00-19:00,LH4-103,"H11-1 , H05-4X , H08-4X , H09-4X",300,,,,,,,บริสุทธิ์ แสนคำ* ,,,,,,,,,,,,,
,1,1,856,วันพุธ  18:00-19:00,LH4-302,H11-1,300,,,,,,,เชิญขวัญ ขำเปรม* ,,,,,,,,,,,,,
,1,1,861,วันอังคาร  15:00-16:00,LH3-201,"S02-1 , S02-2 , S02-3 , S02-4",50,,,,,,,"พรพล พิมพาพร*  , วุฒิไกร น้อยพันธ์ , อาริสร์ กาญจนศิลานนท์ , ไพลิน เผือกประคอง , ธิษณามดี สีแล , สรายุทธ์ น้อยเกษม , นิรอมลี มะกาเจ",,,,,,,,,,,,,
,1,1,870,วันพฤหัสบดี  11:00-12:00,LH2-304,H01,230,,,,,,,ปิยะพงษ์ เลาศรีรัตนชัย* ,,,,,,,,,,,,,
,1,1,872,วันพฤหัสบดี  16:00-17:00,LH4-302,H03,190,,,,,,,"จันทร์เมธา ศรีรักษา*  , ปภาพัศร์ วงษ์ประคอง",,,,,,,,,,,,,
,1,1,876,วันอังคาร  11:00-12:00,LH2-303,H12-1,170,,,,,,,อุมาพร บุญเพชรแก้ว* ,,,,,,,,,,,,,
,1,1,878,วันอังคาร  14:00-15:00,LH4-103,H13-1,200,,,,,,,"ปฤณพร บุญรังษี , ณภัทร สำราญราษฎร์*  , ชนัญญู ตินตะบุระ",,,,,,,,,,,,,
,1,1,882,วันจันทร์  16:00-17:00,LH2-304,H05,220,,,,,,,ศุศราภรณ์ แต่งตั้งลำ* ,,,,,,,,,,,,,
02999147-67 ไทยในพลวัตอาเซียน (The Thai  ASEAN Dynamics),3,3,700,วันพุธ  13:00-16:00,LH4-306,"F39-2 , F79-3",200,,,,,,,วรรณี เนียมหอม* ,,,,,,,,,,,,,
มนุษยศาสตร์,,,,,,,,,,,,,,,,,,,,,,,,,,,
01355101-64 ภาษาอังกฤษในชีวิตประจำวัน (English for Everyday Life),3,3,700,"วันจันทร์  8:30-10:00,วันพุธ  8:30-10:00","LH3-303 , LH3-303","F39-1 , Q08-1 , Q10-1 , Q26-1",60,,,,,,,ณัฐกานต์ สีสังข์* ,,,,,,,,,,,,,
,3,3,701,"วันจันทร์  8:30-10:00,วันพุธ  8:30-10:00","LH3-210 , LH3-209","F39-1 , Q08-1 , Q10-1 , Q26-1",60,,,,,,,ณัฐกานต์ สีสังข์* ,,,,,,,,,,,,,
,3,3,702,"วันจันทร์  8:30-10:00,วันพุธ  8:30-10:00","LH4-603 , LH4-603","F39-1 , Q08-1 , Q10-1 , Q26-1",60,,,,,,,ณัฐกานต์ สีสังข์* ,,,,,,,,,,,,,
,3,3,703,"วันจันทร์  10:30-12:00,วันพุธ  10:30-12:00","LH4-601 , LH4-601","Q03-1 , B03-1 , H05-1",60,,,,,,,ณัฐกานต์ สีสังข์* ,,,,,,,,,,,,,
,3,3,704,"วันจันทร์  10:30-12:00,วันพุธ  10:30-12:00","LH4-602 , LH4-602","B03-1 , Q03-1 , H05-1",60,,,,,,,ณัฐกานต์ สีสังข์* ,,,,,,,,,,,,,
,3,3,705,"วันจันทร์  10:30-12:00,วันพุธ  10:30-12:00","LH4-603 , LH4-603","Q03-1 , B03-1 , H05-1",60,,,,,,,ณัฐกานต์ สีสังข์* ,,,,,,,,,,,,,
,3,3,706,"วันจันทร์  10:30-12:00,วันพุธ  10:30-12:00","LH3-209 , LH4-502","Q03-1 , B03-1 , H05-1",60,,,,,,,ณัฐกานต์ สีสังข์* ,,,,,,,,,,,,,
,3,3,707,"วันจันทร์  13:00-14:30,วันพุธ  13:00-14:30","LH4-601 , LH4-601","S02-1 , Q09-1 , E03-1 , E24-1 , E37-1",60,,,,,,,ณัฐกานต์ สีสังข์* ,,,,,,,,,,,,,
,3,3,708,"วันจันทร์  13:00-14:30,วันพุธ  13:00-14:30","LH4-602 , LH4-602","S02-1 , Q09-1 , E03-1 , E24-1 , E37-1",60,,,,,,,ณัฐกานต์ สีสังข์* ,,,,,,,,,,,,,
,3,3,709,"วันจันทร์  13:00-14:30,วันพุธ  13:00-14:30","LH4-603 , LH4-603","S02-1 , Q09-1 , E03-1 , E24-1 , E37-1",60,,,,,,,ณัฐกานต์ สีสังข์* ,,,,,,,,,,,,,
,3,3,710,"วันจันทร์  13:00-14:30,วันพุธ  13:00-14:30","LH4-604 , LH4-604","S02-1 , Q09-1 , E03-1 , E24-1 , E37-1",60,,,,,,,ณัฐกานต์ สีสังข์* ,,,,,,,,,,,,,
,3,3,711,"วันจันทร์  13:00-14:30,วันพุธ  13:00-14:30","LH4-605 , LH4-605","S02-1 , Q09-1 , E03-1 , E24-1 , E37-1",60,,,,,,,ณัฐกานต์ สีสังข์* ,,,,,,,,,,,,,
,3,3,712,"วันจันทร์  13:00-14:30,วันพุธ  13:00-14:30","LH4-606 , LH4-606","S02-1 , Q09-1 , E03-1 , E24-1 , E37-1",60,,,,,,,ณัฐกานต์ สีสังข์* ,,,,,,,,,,,,,
,3,3,713,"วันจันทร์  14:30-16:00,วันพุธ  14:30-16:00","LH2-203 , LH2-203","A33-1 , A27-1 , Q11-1 , E29-1",60,,,,,,,ณัฐกานต์ สีสังข์* ,,,,,,,,,,,,,
,3,3,714,"วันจันทร์  14:30-16:00,วันพุธ  14:30-16:00","LH4-602 , LH4-602","A27-1 , A33-1 , Q11-1 , E29-1",60,,,,,,,ณัฐกานต์ สีสังข์* ,,,,,,,,,,,,,
,3,3,715,"วันจันทร์  14:30-16:00,วันพุธ  14:30-16:00","LH4-603 , LH4-603","A27-1 , A33-1 , Q11-1 , E29-1",60,,,,,,,ณัฐกานต์ สีสังข์* ,,,,,,,,,,,,,
,3,3,716,"วันอังคาร  8:30-10:00,วันพฤหัสบดี  8:30-10:00","LH3-209 , LH3-209","A50-1 , Q05-1",60,,,,,,,ณัฐกานต์ สีสังข์* ,,,,,,,,,,,,,
,3,3,717,"วันอังคาร  8:30-10:00,วันพฤหัสบดี  8:30-10:00","LH2-206 , LH2-206","A50-1 , Q05-1",60,,,,,,,ณัฐกานต์ สีสังข์* ,,,,,,,,,,,,,
,3,3,719,"วันอังคาร  8:30-10:00,วันพฤหัสบดี  8:30-10:00","LH3-210 , KH80-202","A50-1 , Q05-1",60,,,,,,,ณัฐกานต์ สีสังข์* ,,,,,,,,,,,,,
,3,3,720,"วันอังคาร  8:30-10:00,วันพฤหัสบดี  8:30-10:00","LH3-304 , LH3-211","A50-1 , Q05-1",60,,,,,,,ณัฐกานต์ สีสังข์* ,,,,,,,,,,,,,
,3,3,721,"วันอังคาร  10:30-12:00,วันพฤหัสบดี  10:30-12:00","LH4-601 , LH4-601","T02-1 , H03-1 , H07-1 , A27-2 , A34-2 , H10-3 , H10-4",60,,,,,,,ณัฐกานต์ สีสังข์* ,,,,,,,,,,,,,
,3,3,722,"วันอังคาร  10:30-12:00,วันพฤหัสบดี  10:30-12:00","LH4-602 , LH4-602","T02-1 , H03-1 , H07-1 , A27-2 , A34-2 , H10-3 , H10-4",60,,,,,,,ณัฐกานต์ สีสังข์* ,,,,,,,,,,,,,
,3,3,723,"วันอังคาร  10:30-12:00,วันพฤหัสบดี  10:30-12:00","LH4-603 , LH4-603","H07-1 , T02-1 , A27-2 , A34-2 , H10-3 , H10-4 , H03-1",60,,,,,,,ณัฐกานต์ สีสังข์* ,,,,,,,,,,,,,
,3,3,725,"วันอังคาร  13:00-14:30,วันพฤหัสบดี  13:00-14:30","LH4-601 , LH4-601","E38-1 , Q28-1",60,,,,,,,ณัฐกานต์ สีสังข์* ,,,,,,,,,,,,,
,3,3,726,"วันอังคาร  13:00-14:30,วันพฤหัสบดี  13:00-14:30","LH4-602 , LH4-602","E38-1 , Q28-1",60,,,,,,,ณัฐกานต์ สีสังข์* ,,,,,,,,,,,,,
,3,3,727,"วันอังคาร  14:30-16:00,วันพฤหัสบดี  14:30-16:00","LH4-601 , LH4-601","E04-1 , E36-1 , Q06-1 , Q07-1 , H08-4 , H09-4",60,,,,,,,ณัฐกานต์ สีสังข์* ,,,,,,,,,,,,,
,3,3,728,"วันอังคาร  14:30-16:00,วันพฤหัสบดี  14:30-16:00","LH4-602 , LH4-602","E04-1 , E36-1 , Q06-1 , Q07-1 , H08-4 , H09-4",60,,,,,,,ณัฐกานต์ สีสังข์* ,,,,,,,,,,,,,
,3,3,729,"วันอังคาร  14:30-16:00,วันพฤหัสบดี  14:30-16:00","LH4-603 , LH4-603","E04-1 , E36-1 , Q06-1 , Q07-1 , H08-4 , H09-4",60,,,,,,,ณัฐกานต์ สีสังข์* ,,,,,,,,,,,,,
,3,3,800,วันศุกร์  9:00-12:00,LH4-601,Q03,50,,,,,,,ณัฐกานต์ สีสังข์* ,,,,,,,,,,,,,
,3,3,801,วันศุกร์  9:00-12:00,LH4-602,Q03,50,,,,,,,ณัฐกานต์ สีสังข์* ,,,,,,,,,,,,,
,3,3,815,"วันจันทร์  18:00-19:30,วันพุธ  18:00-19:30","LLB302 , LLB302",Q08,50,,,,,,,ณัฐกานต์ สีสังข์* ,,,,,,,,,,,,,
,3,3,816,"วันจันทร์  18:00-19:30,วันพุธ  18:00-19:30","LH4-602 , LH4-602",Q08,50,,,,,,,ณัฐกานต์ สีสังข์* ,,,,,,,,,,,,,
,3,3,820,"วันอังคาร  16:30-18:00,วันพฤหัสบดี  16:30-18:00","LH4-601 , LH4-601",Q05,50,,,,,,,ณัฐกานต์ สีสังข์* ,,,,,,,,,,,,,
,3,3,821,"วันอังคาร  16:30-18:00,วันพฤหัสบดี  16:30-18:00","LH4-602 , LH4-602",Q05,50,,,,,,,ณัฐกานต์ สีสังข์* ,,,,,,,,,,,,,
,3,3,825,"วันจันทร์  16:30-18:00,วันพุธ  16:30-18:00","LH4-601 , LH4-601",Q10,50,,,,,,,ณัฐกานต์ สีสังข์* ,,,,,,,,,,,,,
,3,3,826,"วันอังคาร  14:30-16:00,วันพฤหัสบดี  14:30-16:00","LLB308 , LLB308",Q10,50,,,,,,,ณัฐกานต์ สีสังข์* ,,,,,,,,,,,,,
,3,3,845,"วันอังคาร  16:30-18:00,วันพฤหัสบดี  16:30-18:00","LH4-603 , LH4-603",E03-1,45,,,,,,,ณัฐกานต์ สีสังข์* ,,,,,,,,,,,,,
,3,3,846,"วันอังคาร  16:30-18:00,วันพฤหัสบดี  16:30-18:00","LH4-609 , LH4-609",E38-1,45,,,,,,,ณัฐกานต์ สีสังข์* ,,,,,,,,,,,,,
,3,3,855,"วันอังคาร  14:30-16:00,วันพฤหัสบดี  14:30-16:00","LH4-605 , LH4-605","H07 , H08 , H09 , H03 , H05-1",60,,,,,,,ณัฐกานต์ สีสังข์* ,,,,,,,,,,,,,
,3,3,861,"วันจันทร์  14:30-16:00,วันพุธ  14:30-16:00","LH4-604 , LH4-604",S02,60,,,,,,,ณัฐกานต์ สีสังข์* ,,,,,,,,,,,,,
,3,3,866,"วันจันทร์  14:30-16:00,วันพุธ  14:30-16:00","LH4-605 , LH4-605",Q26,60,,,,,,,ณัฐกานต์ สีสังข์* ,,,,,,,,,,,,,
01355102-64 ภาษาอังกฤษในมหาวิทยาลัย (English for University Life),3,3,700,"วันจันทร์  8:30-10:00,วันพุธ  8:30-10:00","LH4-604 , LH4-604","F39-1 , Q08-1 , Q10-1 , Q26-1 , E24-2",60,,,,,,,สุปรานี พุ้ยมอม* ,,,,,,,,,,,,,
,3,3,701,"วันจันทร์  10:30-12:00,วันพุธ  10:30-12:00","LH4-605 , LH4-605","Q03-1 , B03-1 , H05-2 , S02-2",60,,,,,,,สุปรานี พุ้ยมอม* ,,,,,,,,,,,,,
,3,3,702,"วันจันทร์  10:30-12:00,วันพุธ  10:30-12:00","LH4-606 , LH4-606","Q03-1 , B03-1 , H05-2 , S02-2",60,,,,,,,สุปรานี พุ้ยมอม* ,,,,,,,,,,,,,
,3,3,703,"วันจันทร์  13:00-14:30,วันพุธ  13:00-14:30","LH4-607 , LH4-607","Q09-1 , S02-1 , E03-1 , E24-1 , E37-1",60,,,,,,,สุปรานี พุ้ยมอม* ,,,,,,,,,,,,,
,3,3,704,"วันจันทร์  14:30-16:00,วันพุธ  14:30-16:00","LH4-606 , LH4-606","A27-1 , A33-1 , Q11-1 , E29-1",60,,,,,,,สุปรานี พุ้ยมอม* ,,,,,,,,,,,,,
,3,3,705,"วันอังคาร  8:30-10:00,วันพฤหัสบดี  8:30-10:00","LH4-605 , LH4-605","A50-1 , Q05-1",60,,,,,,,สุปรานี พุ้ยมอม* ,,,,,,,,,,,,,
,3,3,706,"วันอังคาร  8:30-10:00,วันพฤหัสบดี  8:30-10:00","LH4-606 , LH4-606","A50-1 , Q05-1",60,,,,,,,สุปรานี พุ้ยมอม* ,,,,,,,,,,,,,
,3,3,707,"วันอังคาร  10:30-12:00,วันพฤหัสบดี  10:30-12:00","LH4-605 , LH4-605","T02-1 , H07-1 , H10-3 , A28-2 , A34-2",60,,,,,,,สุปรานี พุ้ยมอม* ,,,,,,,,,,,,,
,3,3,708,"วันอังคาร  13:00-14:30,วันพฤหัสบดี  13:00-14:30","LH4-604 , LH4-604","E38-1 , Q28-1 , Q04-2 , H04-2",60,,,,,,,สุปรานี พุ้ยมอม* ,,,,,,,,,,,,,
,3,3,709,"วันอังคาร  13:00-14:30,วันพฤหัสบดี  13:00-14:30","LH4-605 , LH4-605","E38-1 , Q28-1 , Q04-2 , H04-2",60,,,,,,,สุปรานี พุ้ยมอม* ,,,,,,,,,,,,,
,3,3,710,"วันอังคาร  14:30-16:00,วันพฤหัสบดี  14:30-16:00","LH4-606 , LH4-606","E04-1 , E36-1 , H07-2 , H09-2 , H07-3 , H09-3 , Q06-1 , Q07-1 , Q28-2",60,,,,,,,สุปรานี พุ้ยมอม* ,,,,,,,,,,,,,
,3,3,800,วันศุกร์  9:00-12:00,LH4-603,Q03,60,,,,,,,สุปรานี พุ้ยมอม* ,,,,,,,,,,,,,
,3,3,815,"วันจันทร์  8:30-10:00,วันพุธ  8:30-10:00","LH4-609 , LH4-609",Q08,50,,,,,,,สุปรานี พุ้ยมอม* ,,,,,,,,,,,,,
,3,3,820,"วันอังคาร  18:00-19:30,วันพฤหัสบดี  18:00-19:30","LH4-606 , LH4-606",Q05,60,,,,,,,สุปรานี พุ้ยมอม* ,,,,,,,,,,,,,
,3,3,825,"วันจันทร์  16:30-18:00,วันพุธ  16:30-18:00","LH4-602 , LH4-602",Q10,60,,,,,,,สุปรานี พุ้ยมอม* ,,,,,,,,,,,,,
,3,3,845,"วันอังคาร  16:30-18:00,วันพฤหัสบดี  16:30-18:00","LH4-606 , LH4-606","E03-1 , E38-1 , E38-2 , E37-3",60,,,,,,,สุปรานี พุ้ยมอม* ,,,,,,,,,,,,,
,3,3,861,"วันจันทร์  14:30-16:00,วันพุธ  14:30-16:00","LH4-607 , LH4-607",S02,60,,,,,,,สุปรานี พุ้ยมอม* ,,,,,,,,,,,,,
,3,3,866,"วันจันทร์  14:30-16:00,วันพุธ  14:30-16:00","LH4-608 , LH4-608",Q26,60,,,,,,,สุปรานี พุ้ยมอม* ,,,,,,,,,,,,,
,3,3,873,"วันอังคาร  14:30-16:00,วันพฤหัสบดี  14:30-16:00","LH4-607 , LH4-607","H07-2 , H03-3 , H07-3 , H07-4 , H08-4 , H09-4 , H05-1",60,,,,,,,สุปรานี พุ้ยมอม* ,,,,,,,,,,,,,
01355103-64 ภาษาอังกฤษเพื่อโอกาสในการทำงาน (English for Job Opportunities),3,3,700,"วันจันทร์  8:30-10:00,วันพุธ  8:30-10:00","LH4-605 , LH4-605","E03-2 , E04-2 , E24-2 , E29-2 , E36-2 , E37-2 , E38-2 , A32-2 , A32-3 , Q26-2 , Q04-3 , E24-3",60,,,,,,,กษิดิษฐ์ สุพรรณ* ,,,,,,,,,,,,,
,3,3,701,"วันจันทร์  8:30-10:00,วันพุธ  8:30-10:00","LH4-606 , LH4-606","E03-2 , E04-2 , E24-2 , E29-2 , E36-2 , E37-2 , E38-2 , A32-2 , A32-3 , Q26-2 , Q04-3 , E24-3",60,,,,,,,กษิดิษฐ์ สุพรรณ* ,,,,,,,,,,,,,
,3,3,702,"วันจันทร์  8:30-10:00,วันพุธ  8:30-10:00","LH4-607 , LH4-607","E03-2 , E04-2 , E24-2 , E29-2 , E36-2 , E37-2 , E38-2 , A32-2 , A32-3 , Q26-2 , Q04-3 , E24-3",60,,,,,,,กษิดิษฐ์ สุพรรณ* ,,,,,,,,,,,,,
,3,3,703,"วันจันทร์  10:30-12:00,วันพุธ  10:30-12:00","LH4-607 , LH4-607","A33-2 , A33-3 , F39-2 , F81-2 , F82-2 , Q05-2 , B03-2 , B03-3 , S02-2 , S02-3",60,,,,,,,กษิดิษฐ์ สุพรรณ* ,,,,,,,,,,,,,
,3,3,704,"วันจันทร์  10:30-12:00,วันพุธ  10:30-12:00","LH4-608 , LH4-608","A33-2 , A33-3 , F39-2 , F81-2 , F82-2 , Q05-2 , B03-2 , B03-3 , S02-2 , S02-3",60,,,,,,,กษิดิษฐ์ สุพรรณ* ,,,,,,,,,,,,,
,3,3,705,"วันจันทร์  10:30-12:00,วันพุธ  10:30-12:00","LH4-609 , LH4-609","A33-2 , A33-3 , F39-2 , F81-2 , F82-2 , Q05-2 , B03-2 , B03-3 , S02-2 , S02-3",60,,,,,,,กษิดิษฐ์ สุพรรณ* ,,,,,,,,,,,,,
,3,3,706,"วันจันทร์  10:30-12:00,วันพุธ  10:30-12:00","LH4-610 , LH4-610","A33-2 , A33-3 , F39-2 , F81-2 , F82-2 , Q05-2 , B03-2 , B03-3 , S02-2 , S02-3",60,,,,,,,กษิดิษฐ์ สุพรรณ* ,,,,,,,,,,,,,
,3,3,707,"วันจันทร์  10:30-12:00,วันพุธ  10:30-12:00","LH4-611 , LH4-611","A33-2 , A33-3 , F39-2 , F81-2 , F82-2 , Q05-2 , B03-2 , B03-3 , S02-2 , S02-3",60,,,,,,,กษิดิษฐ์ สุพรรณ* ,,,,,,,,,,,,,
,3,3,708,"วันจันทร์  13:00-14:30,วันพุธ  13:00-14:30","LH4-608 , LH4-608","H03-3 , H05-3 , H05-2 , A29-3",60,,,,,,,กษิดิษฐ์ สุพรรณ* ,,,,,,,,,,,,,
,3,3,709,"วันจันทร์  13:00-14:30,วันพุธ  13:00-14:30","LH4-609 , LH4-609","H05-2 , H03-3 , H05-3 , A29-3",60,,,,,,,กษิดิษฐ์ สุพรรณ* ,,,,,,,,,,,,,
,3,3,710,"วันจันทร์  14:30-16:00,วันพุธ  14:30-16:00","LH4-609 , LH4-609","H07-2 , H01-3 , H07-3 , H01-4 , F39-3",60,,,,,,,กษิดิษฐ์ สุพรรณ* ,,,,,,,,,,,,,
,3,3,711,"วันจันทร์  14:30-16:00,วันพุธ  14:30-16:00","LH4-610 , LH4-610","H07-2 , H01-3 , H07-3 , H01-4 , F39-3",60,,,,,,,กษิดิษฐ์ สุพรรณ* ,,,,,,,,,,,,,
,3,3,712,"วันอังคาร  8:30-10:00,วันพฤหัสบดี  8:30-10:00","LH4-607 , LH4-607","Q03-2 , Q10-2 , Q03-3 , A27-3 , A32-3 , F79-2 , H04-2",60,,,,,,,กษิดิษฐ์ สุพรรณ* ,,,,,,,,,,,,,
,3,3,713,"วันอังคาร  8:30-10:00,วันพฤหัสบดี  8:30-10:00","LH4-608 , LH4-608","Q03-2 , Q10-2 , Q03-3 , A27-3 , A32-3 , F79-2 , H04-2",60,,,,,,,กษิดิษฐ์ สุพรรณ* ,,,,,,,,,,,,,
,3,3,714,"วันอังคาร  8:30-10:00,วันพฤหัสบดี  8:30-10:00","LH4-609 , LH4-609","Q03-2 , Q10-2 , Q02-3 , A27-3 , A32-3 , F79-2 , H04-2",60,,,,,,,กษิดิษฐ์ สุพรรณ* ,,,,,,,,,,,,,
,3,3,715,"วันอังคาร  8:30-10:00,วันพฤหัสบดี  8:30-10:00","LH4-610 , LH4-610","Q03-2 , Q03-3 , Q10-2 , A27-3 , A32-3 , F79-2 , H04-2",60,,,,,,,กษิดิษฐ์ สุพรรณ* ,,,,,,,,,,,,,
,3,3,716,"วันอังคาร  10:30-12:00,วันพฤหัสบดี  10:30-12:00","LH4-606 , LH4-606","A27-2 , A28-2 , A31-2 , A34-2 , A37-2 , A38-2 , A28-3 , A31-3 , F77-2 , F80-2 , F77-3 , Q07-2 , T02-2 , F79-2 , H10-3",60,,,,,,,กษิดิษฐ์ สุพรรณ* ,,,,,,,,,,,,,
,3,3,717,"วันอังคาร  10:30-12:00,วันพฤหัสบดี  10:30-12:00","LH4-607 , LH4-607","A27-2 , A28-2 , A31-2 , A34-2 , A37-2 , A38-2 , A28-3 , A31-3 , F77-2 , F79-2 , F80-2 , F77-3 , Q07-2 , T02-2 , H10-2 , H10-3",60,,,,,,,กษิดิษฐ์ สุพรรณ* ,,,,,,,,,,,,,
,3,3,718,"วันอังคาร  10:30-12:00,วันพฤหัสบดี  10:30-12:00","LH4-608 , LH4-608","A27-2 , A28-2 , A31-2 , A34-2 , A37-2 , A38-2 , A28-3 , A31-3 , F77-2 , F79-2 , F80-2 , F77-3 , Q07-2 , T02-2 , H10-2 , H10-3",60,,,,,,,กษิดิษฐ์ สุพรรณ* ,,,,,,,,,,,,,
,3,3,719,"วันอังคาร  13:00-14:30,วันพฤหัสบดี  13:00-14:30","LH4-606 , LH4-606","Q06-2 , Q08-2 , Q09-2",60,,,,,,,กษิดิษฐ์ สุพรรณ* ,,,,,,,,,,,,,
,3,3,720,"วันอังคาร  13:00-14:30,วันพฤหัสบดี  13:00-14:30","LH4-607 , LH4-607","Q06-2 , Q08-2 , Q09-2",60,,,,,,,กษิดิษฐ์ สุพรรณ* ,,,,,,,,,,,,,
,3,3,721,"วันอังคาร  13:00-14:30,วันพฤหัสบดี  13:00-14:30","LH4-608 , LH4-608","Q06-2 , Q08-2 , Q09-2",60,,,,,,,กษิดิษฐ์ สุพรรณ* ,,,,,,,,,,,,,
,3,3,722,"วันอังคาร  13:00-14:30,วันพฤหัสบดี  13:00-14:30","LH4-609 , LH4-609","Q06-2 , Q08-2 , Q09-2",60,,,,,,,กษิดิษฐ์ สุพรรณ* ,,,,,,,,,,,,,
,3,3,723,"วันอังคาร  14:30-16:00,วันพฤหัสบดี  14:30-16:00","LH4-608 , LH4-608","A29-2 , A39-2 , Q11-2 , Q28-2 , H08-3 , H09-3 , H08-4 , H09-4",60,,,,,,,กษิดิษฐ์ สุพรรณ* ,,,,,,,,,,,,,
,3,3,724,"วันอังคาร  14:30-16:00,วันพฤหัสบดี  14:30-16:00","LH4-609 , LH4-609","A29-2 , A39-2 , Q11-2 , Q28-2 , H08-3 , H09-3 , H08-4 , H09-4",60,,,,,,,กษิดิษฐ์ สุพรรณ* ,,,,,,,,,,,,,
,3,3,800,วันศุกร์  9:00-12:00,LH4-604,Q03,60,,,,,,,กษิดิษฐ์ สุพรรณ* ,,,,,,,,,,,,,
,3,3,815,"วันจันทร์  18:00-19:30,วันพุธ  18:00-19:30","LH4-601 , LH4-601",Q08,60,,,,,,,กษิดิษฐ์ สุพรรณ* ,,,,,,,,,,,,,
,3,3,816,"วันจันทร์  18:00-19:30,วันพุธ  18:00-19:30","LH4-606 , LH4-606",Q08,60,,,,,,,กษิดิษฐ์ สุพรรณ* ,,,,,,,,,,,,,
,3,3,820,"วันอังคาร  16:30-18:00,วันพฤหัสบดี  16:30-18:00","LH4-610 , LH4-610",Q05,60,,,,,,,กษิดิษฐ์ สุพรรณ* ,,,,,,,,,,,,,
,3,3,825,"วันจันทร์  18:00-19:30,วันพุธ  18:00-19:30","LH4-607 , LH4-607",Q10,60,,,,,,,กษิดิษฐ์ สุพรรณ* ,,,,,,,,,,,,,
,3,3,845,"วันอังคาร  16:30-18:00,วันพฤหัสบดี  16:30-18:00","LH4-608 , LH4-608","E03-2 , E03-3 , E37-3",50,,,,,,,กษิดิษฐ์ สุพรรณ* ,,,,,,,,,,,,,
,3,3,846,"วันอังคาร  16:30-18:00,วันพฤหัสบดี  16:30-18:00","LLB104 , LLB104","E38-2 , E37-3 , E38-3",50,,,,,,,กษิดิษฐ์ สุพรรณ* ,,,,,,,,,,,,,
,3,3,855,"วันอังคาร  10:30-12:00,วันพฤหัสบดี  10:30-12:00","LH4-609 , LH4-609","H08 , H09",60,,,,,,,กษิดิษฐ์ สุพรรณ* ,,,,,,,,,,,,,
,3,3,861,"วันจันทร์  14:30-16:00,วันพุธ  14:30-16:00","LLB305 , LLB305",S02,60,,,,,,,กษิดิษฐ์ สุพรรณ* ,,,,,,,,,,,,,
,3,3,866,"วันจันทร์  13:00-14:30,วันพุธ  13:00-14:30","LH4-610 , LH4-610",Q26,60,,,,,,,กษิดิษฐ์ สุพรรณ* ,,,,,,,,,,,,,
,3,3,867,"วันจันทร์  14:30-16:00,วันพุธ  14:30-16:00","LLB103 , LLB103",Q26,30,,,,,,,กษิดิษฐ์ สุพรรณ* ,,,,,,,,,,,,,
,3,3,870,"วันอังคาร  10:30-12:00,วันพฤหัสบดี  10:30-12:00","LH4-610 , LH4-610","H01-3 , H01-4 , H03",40,,,,,,,กษิดิษฐ์ สุพรรณ* ,,,,,,,,,,,,,
01355103-67 ภาษาอังกฤษเพื่อโอกาสในการทำงาน (English for Job Opportunities),3,3,700,"วันจันทร์  13:00-14:30,วันพุธ  13:00-14:30","LH4-611 , LH4-611","H03-2 , H11-2 , Q22-2",60,,,,,,,กษิดิษฐ์ สุพรรณ* ,,,,,,,,,,,,,
,3,3,701,"วันจันทร์  14:30-16:00,วันพุธ  14:30-16:00","LH4-505 , LH4-505",H01-2,60,,,,,,,กษิดิษฐ์ สุพรรณ* ,,,,,,,,,,,,,
,3,3,855,"วันอังคาร  14:30-16:00,วันพฤหัสบดี  14:30-16:00","LH4-610 , LH4-610",H11-2,60,,,,,,,กษิดิษฐ์ สุพรรณ* ,,,,,,,,,,,,,
,3,3,856,"วันอังคาร  14:30-16:00,วันพฤหัสบดี  14:30-16:00","LH4-604 , LH4-604",H11-2,60,,,,,,,กษิดิษฐ์ สุพรรณ* ,,,,,,,,,,,,,
,3,3,871,"วันจันทร์  16:30-18:00,วันพุธ  16:30-18:00","LH4-603 , LH4-603","H01-2 , H03-2",45,,,,,,,กษิดิษฐ์ สุพรรณ* ,,,,,,,,,,,,,
,3,3,874,"วันจันทร์  16:30-18:00,วันพุธ  16:30-18:00","LH4-604 , LH4-604",H07-2,50,,,,,,,กษิดิษฐ์ สุพรรณ* ,,,,,,,,,,,,,
01355108-64 ภาษาอังกฤษและวัฒนธรรมจากเพลง (English and Culture through Songs),3,3,700,"วันจันทร์  8:30-10:00,วันพุธ  8:30-10:00","LH4-307 , LH4-307","Q26-2 , H01-3 , H01-4",60,,,,,,,จิรายุ ทัพพุ่ม* ,,,,,,,,,,,,,
,3,3,815,"วันอังคาร  16:30-18:00,วันพฤหัสบดี  16:30-18:00","LH4-505 , LH4-505","Q08-2 , Q08-4",45,,,,,,,จิรายุ ทัพพุ่ม* ,,,,,,,,,,,,,
,3,3,845,"วันจันทร์  14:30-16:00,วันพุธ  14:30-16:00","LH3-201 , LH3-201","E00 , E01 , E02 , E03 , E04 , E06 , E12 , E24 , E25 , E29 , E36 , E37 , E38 , E39 , E40 , XE01 , XE04 , XE05 , XE07 , XE10 , XE11 , XE25 , XE34 , XE61",2,,,,,,,จิรายุ ทัพพุ่ม* ,,,,,,,,,,,,,
,3,3,870,"วันจันทร์  14:30-16:00,วันพุธ  14:30-16:00","LH3-201 , LH3-201","H01-3 , H01-4",40,,,,,,,จิรายุ ทัพพุ่ม* ,,,,,,,,,,,,,
01355108-67 ภาษาอังกฤษและวัฒนธรรมจากเพลง (English and Culture through Songs),3,3,700,"วันจันทร์  10:30-12:00,วันพุธ  10:30-12:00","LH4-307 , LH4-307",H01-2,40,,,,,,,จิรายุ ทัพพุ่ม* ,,,,,,,,,,,,,
,3,3,871,"วันอังคาร  14:30-16:00,วันพฤหัสบดี  14:30-16:00","LH4-505 , LH4-505",H01-2,60,,,,,,,จิรายุ ทัพพุ่ม* ,,,,,,,,,,,,,
01355109-64 ทักษะการฟัง-การพูดภาษาอังกฤษที่จำเป็น (Essential English Listening-Speaking Skills),3,3,800,วันศุกร์  9:00-12:00,LH4-605,Q03,45,,,,,,,รัชดาวรรณ คงสัตย์* ,,,,,,,,,,,,,
01355119-64 ทักษะการอ่านภาษาอังกฤษที่จำเป็น (Essential English Reading Skills),3,3,815,"วันจันทร์  14:30-16:00,วันพุธ  14:30-16:00","LH3-202 , LH3-202","Q08-2 , Q08-3",45,,,,,,,อรทัย  ชัยญา จรูญธวัชชัย* ,,,,,,,,,,,,,
01355141-63 ทักษะการฟังและการพูดภาษาอังกฤษเบื้องต้น (Introduction to English Listening and Speaking Skills),3,3,700,"วันอังคาร  13:00-14:30,วันพฤหัสบดี  13:00-14:30","LLB305 , LLB305",F78-1,60,,,,,,,อรทัย  ชัยญา จรูญธวัชชัย* ,,,,,,,,,,,,,
01355203-64 โครงสร้างภาษาอังกฤษ (English Language Structure),3,3,815,"วันจันทร์  13:00-14:30,วันพุธ  13:00-14:30","LH3-202 , LH3-202","Q08-2 , Q08-3",45,,,,,,,อรทัย  ชัยญา จรูญธวัชชัย* ,,,,,,,,,,,,,
01355205-64 การอ่านภาษาอังกฤษด้านสื่อสารมวลชน (Reading for Mass Communication in English),3,3,700,"วันอังคาร  10:30-12:00,วันพฤหัสบดี  10:30-12:00","LH4-611 , LH4-611","2 , 3 , 4",60,,,,,,,สุปรานี พุ้ยมอม* ,,,,,,,,,,,,,
01355209-64 ภาษาอังกฤษเพื่อการสื่อสารในงานอาชีพ (Communicative English for Careers),3,3,700,"วันจันทร์  8:30-10:00,วันพุธ  8:30-10:00","LH4-308 , LH4-308","E03-2 , E04-2 , E24-2 , E29-2 , E36-2 , E37-2 , E38-2 , E03-3 , E24-3 , E29-3 , E38-3 , A26-3",60,,,,,,,จิธัญญา วงษ์วาศ* ,,,,,,,,,,,,,
,3,3,701,"วันจันทร์  10:30-12:00,วันพุธ  10:30-12:00","LH4-308 , LH4-308","A33-2 , B03-2 , B03-3 , F39-2 , F80-2 , F81-2 , S02 , Q05-2",60,,,,,,,จิธัญญา วงษ์วาศ* ,,,,,,,,,,,,,
,3,3,702,"วันจันทร์  13:00-14:30,วันพุธ  13:00-14:30","LH4-308 , LH4-308","A29-3 , H03-3",60,,,,,,,จิธัญญา วงษ์วาศ* ,,,,,,,,,,,,,
,3,3,703,"วันจันทร์  14:30-16:00,วันพุธ  14:30-16:00","LH4-308 , LH4-308","H07-2 , H01-3 , H07-3 , H01-4 , H07-4",60,,,,,,,จิธัญญา วงษ์วาศ* ,,,,,,,,,,,,,
,3,3,704,"วันอังคาร  8:30-10:00,วันพฤหัสบดี  8:30-10:00","LH4-308 , LH4-308","Q03-2 , Q10-2 , Q03-3 , H04-2 , A27-3 , A32-3 , F79-2",60,,,,,,,จิธัญญา วงษ์วาศ* ,,,,,,,,,,,,,
,3,3,705,"วันอังคาร  10:30-12:00,วันพฤหัสบดี  10:30-12:00","LH4-308 , LH4-308","A27-2 , A34-2 , A37-2 , A28-3 , A31-3 , Q07-2 , Q26-2 , Q07-3 , Q26-3 , T02-2 , F80-2",60,,,,,,,จิธัญญา วงษ์วาศ* ,,,,,,,,,,,,,
,3,3,706,"วันอังคาร  13:00-14:30,วันพฤหัสบดี  13:00-14:30","LH4-308 , LH4-308","Q04-2 , Q06-2 , Q08-2 , Q09-2 , Q08-3 , H10-3 , H10-4",60,,,,,,,จิธัญญา วงษ์วาศ* ,,,,,,,,,,,,,
,3,3,707,"วันอังคาร  14:30-16:00,วันพฤหัสบดี  14:30-16:00","LH4-308 , LH4-308","Q11-2 , H08-3 , H09-3 , H08-4 , H09-4",60,,,,,,,จิธัญญา วงษ์วาศ* ,,,,,,,,,,,,,
,3,3,825,"วันอังคาร  18:00-19:30,วันพฤหัสบดี  18:00-19:30","LH4-308 , LH4-308",Q10,60,,,,,,,จิธัญญา วงษ์วาศ* ,,,,,,,,,,,,,
,3,3,845,"วันอังคาร  16:30-18:00,วันพฤหัสบดี  16:30-18:00","LH4-308 , LH4-308","E03-2 , E38-2 , E37-3 , E38-3 , E02-5",60,,,,,,,จิธัญญา วงษ์วาศ* ,,,,,,,,,,,,,
,3,3,855,"วันจันทร์  16:30-18:00,วันพุธ  16:30-18:00","LH4-308 , LH4-308","H01-3 , H03-3 , H08-3 , H09-3 , H01-4 , H03-4 , H08-4 , H09-4 , H08-5 , H09-5",60,,,,,,,จิธัญญา วงษ์วาศ* ,,,,,,,,,,,,,
,3,3,866,"วันอังคาร  13:00-14:30,วันพฤหัสบดี  13:00-14:30","LH4-610 , LH4-610",Q26,60,,,,,,,จิธัญญา วงษ์วาศ* ,,,,,,,,,,,,,
01355209-67 ภาษาอังกฤษเพื่อการสื่อสารในงานอาชีพ (Communicative English for Careers ),3,3,700,"วันจันทร์  13:00-14:30,วันพุธ  13:00-14:30","LH4-307 , LH4-307",H11-2,60,,,,,,,จิธัญญา วงษ์วาศ* ,,,,,,,,,,,,,
,3,3,701,"วันจันทร์  13:00-14:30,วันพุธ  13:00-14:30","LH4-505 , LH4-505",H11-2,60,,,,,,,จิธัญญา วงษ์วาศ* ,,,,,,,,,,,,,
,3,3,702,"วันจันทร์  14:30-16:00,วันพุธ  14:30-16:00","LH4-307 , LH4-307","H01-2 , H03-2",60,,,,,,,จิธัญญา วงษ์วาศ* ,,,,,,,,,,,,,
,3,3,703,"วันจันทร์  14:30-16:00,วันพุธ  14:30-16:00","LH3-209 , LH3-209","H01-2 , H03-2",60,,,,,,,จิธัญญา วงษ์วาศ* ,,,,,,,,,,,,,
,3,3,705,"วันอังคาร  10:30-12:00,วันพฤหัสบดี  10:30-12:00","LH4-308 , LH4-308",F80-2,40,,,,,,,จิธัญญา วงษ์วาศ* ,,,,,,,,,,,,,
,3,3,856,"วันอังคาร  18:00-19:30,วันพฤหัสบดี  18:00-19:30","LH4-602 , LH4-602",H11-2,60,,,,,,,จิธัญญา วงษ์วาศ* ,,,,,,,,,,,,,
,3,3,857,"วันจันทร์  18:00-19:30,วันพุธ  18:00-19:30","LH4-308 , LH4-308",H11-2,60,,,,,,,จิธัญญา วงษ์วาศ* ,,,,,,,,,,,,,
,3,3,858,"วันอังคาร  18:00-19:30,วันพฤหัสบดี  18:00-19:30","LH4-307 , LH4-307","H11-2 , H03-2",60,,,,,,,จิธัญญา วงษ์วาศ* ,,,,,,,,,,,,,
,3,3,859,"วันอังคาร  14:30-16:00,วันพฤหัสบดี  14:30-16:00","LH4-307 , LH4-307",H11-2,60,,,,,,,จิธัญญา วงษ์วาศ* ,,,,,,,,,,,,,
,3,3,860,"วันอังคาร  13:00-14:30,วันพฤหัสบดี  13:00-14:30","LH4-307 , LH4-307",H11-2,60,,,,,,,จิธัญญา วงษ์วาศ* ,,,,,,,,,,,,,
,3,3,870,"วันอังคาร  16:30-18:00,วันพฤหัสบดี  16:30-18:00","LH4-307 , LH4-307",H01-2,60,,,,,,,จิธัญญา วงษ์วาศ* ,,,,,,,,,,,,,
,3,3,872,"วันจันทร์  16:30-18:00,วันพุธ  16:30-18:00","LH4-307 , LH4-307",H03-2,60,,,,,,,จิธัญญา วงษ์วาศ* ,,,,,,,,,,,,,
01355211-63 ระบบภาษาอังกฤษ (English Language Systems),3,3,700,"วันอังคาร  9:00-10:30,วันพฤหัสบดี  9:00-10:30","LLB104 , LLB104",Q02-2,44,,,,,,,ทรงธรรม วงศ์วิรุฬห์* ,,,,,,,,,,,,,
,3,3,701,"วันอังคาร  10:30-12:00,วันพฤหัสบดี  10:30-12:00","LLB104 , LLB104",Q02-2,44,,,,,,,ทรงธรรม วงศ์วิรุฬห์* ,,,,,,,,,,,,,
,3,3,702,"วันอังคาร  14:30-16:00,วันพฤหัสบดี  14:30-16:00","LLB104 , LLB104",F78-2,57,,,,,,,ทรงธรรม วงศ์วิรุฬห์* ,,,,,,,,,,,,,
,3,3,809,"วันจันทร์  9:00-10:30,วันพุธ  9:00-10:30","LLB104 , LLB104","Q02-2 , Q02-3 , Q02-4",37,,,,,,,ทรงธรรม วงศ์วิรุฬห์* ,,,,,,,,,,,,,
,3,3,810,"วันจันทร์  10:30-12:00,วันพุธ  10:30-12:00","LLB104 , LLB104","Q02-2 , Q02-3",38,,,,,,,ทรงธรรม วงศ์วิรุฬห์* ,,,,,,,,,,,,,
,3,3,811,"วันอังคาร  18:00-19:30,วันพฤหัสบดี  18:00-19:30","LLB104 , LLB104","Q02-2 , Q02-3 , Q02-4",38,,,,,,,ทรงธรรม วงศ์วิรุฬห์* ,,,,,,,,,,,,,
01355212-59 โครงสร้างภาษาอังกฤษขั้นสูง (Advanced English Structure),3,3,809,"วันอังคาร  13:00-14:30,วันพฤหัสบดี  13:00-14:30","LLB302 , LLB302",Q02-6X,1,,,,,,,กมลพรรณ แจ้งอรุณ* ,,,,,,,,,,,,,
01355213-63 โครงสร้างภาษาอังกฤษ (English Structure),3,3,700,"วันจันทร์  9:00-10:30,วันพุธ  9:00-10:30","LLB305 , LLB305",Q02-4,1,,,,,,,อรทัย  ชัยญา จรูญธวัชชัย* ,,,,,,,,,,,,,
01355221-59 การอ่านภาษาอังกฤษ (English Reading),3,3,700,"วันอังคาร  10:30-12:00,วันพฤหัสบดี  10:30-12:00","LLB303 , LLB303","F78-3 , F78-5",6,,,,,,,กนกรัตน์ คุณะสารพันธ์* ,,,,,,,,,,,,,
01355221-63 การอ่านภาษาอังกฤษ (English Reading),3,3,700,"วันจันทร์  9:00-10:30,วันพุธ  9:00-10:30","LLB303 , LLB303",Q02-2,44,,,,,,,กนกรัตน์ คุณะสารพันธ์* ,,,,,,,,,,,,,
,3,3,701,"วันจันทร์  10:30-12:00,วันพุธ  10:30-12:00","LLB303 , LLB303",Q02-2,44,,,,,,,กนกรัตน์ คุณะสารพันธ์* ,,,,,,,,,,,,,
,3,3,702,"วันอังคาร  10:30-12:00,วันพฤหัสบดี  10:30-12:00","LLB303 , LLB303",F78-2,57,,,,,,,กนกรัตน์ คุณะสารพันธ์* ,,,,,,,,,,,,,
,3,3,809,"วันจันทร์  13:00-14:30,วันพุธ  13:00-14:30","LLB303 , LLB303","Q02-2 , Q02-3",38,,,,,,,กนกรัตน์ คุณะสารพันธ์* ,,,,,,,,,,,,,
,3,3,810,"วันจันทร์  14:30-16:00,วันพุธ  14:30-16:00","LLB303 , LLB303","Q02-2 , Q02-3",37,,,,,,,กนกรัตน์ คุณะสารพันธ์* ,,,,,,,,,,,,,
,3,3,811,"วันอังคาร  14:30-16:00,วันพฤหัสบดี  14:30-16:00","LLB303 , LLB303",Q02-2,36,,,,,,,กนกรัตน์ คุณะสารพันธ์* ,,,,,,,,,,,,,
01355231-59 การเขียนภาษาอังกฤษ (English Writing),3,3,700,"วันจันทร์  9:00-10:30,วันพุธ  9:00-10:30","LH2-205 , LH4-502","F78-3 , F78-5",6,,,,,,,วิสุทธิ์ จรูญธวัชชัย* ,,,,,,,,,,,,,
01355231-63 การเขียนภาษาอังกฤษ (English Writing),3,3,700,"วันอังคาร  9:00-10:30,วันพฤหัสบดี  9:00-10:30","LLB202 , LLB202",Q02-2,44,,,,,,,วิสุทธิ์ จรูญธวัชชัย* ,,,,,,,,,,,,,
,3,3,701,"วันอังคาร  10:30-12:00,วันพฤหัสบดี  10:30-12:00","LLB202 , LLB202",Q02-2,44,,,,,,,วิสุทธิ์ จรูญธวัชชัย* ,,,,,,,,,,,,,
,3,3,702,"วันจันทร์  9:00-10:30,วันพุธ  9:00-10:30","LH2-205 , LH4-502",F78-2,57,,,,,,,วิสุทธิ์ จรูญธวัชชัย* ,,,,,,,,,,,,,
,3,3,809,"วันจันทร์  13:00-14:30,วันพุธ  13:00-14:30","LLB305 , LLB305",Q02-2,36,,,,,,,กษิดิษฐ์ สุพรรณ* ,,,,,,,,,,,,,
,3,3,810,"วันอังคาร  9:00-10:30,วันพฤหัสบดี  9:00-10:30","LLB305 , LLB305",Q02-2,36,,,,,,,กษิดิษฐ์ สุพรรณ* ,,,,,,,,,,,,,
,3,3,811,"วันอังคาร  13:00-14:30,วันพฤหัสบดี  13:00-14:30","LLB202 , LLB202",Q02-2,38,,,,,,,วิสุทธิ์ จรูญธวัชชัย* ,,,,,,,,,,,,,
01355241-59 การฟัง-การพูดภาษาอังกฤษ (English Listening-Speaking),3,3,700,"วันอังคาร  9:00-10:30,วันพฤหัสบดี  9:00-10:30","LLB206 , LLB206","F78-3 , F78-5",6,,,,,,,สุพัตรา สุจริตรักษ์* ,,,,,,,,,,,,,
01355241-63 การฟังและการพูดภาษาอังกฤษในบริบททางวิชาการ (English Listening and Speaking in Academic Contexts),3,3,700,"วันจันทร์  9:00-10:30,วันพุธ  9:00-10:30","LLB206 , LLB206",Q02-2,44,,,,,,,สุพัตรา สุจริตรักษ์* ,,,,,,,,,,,,,
,3,3,701,"วันจันทร์  10:30-12:00,วันพุธ  10:30-12:00","LLB206 , LLB206",Q02-2,44,,,,,,,สุพัตรา สุจริตรักษ์* ,,,,,,,,,,,,,
,3,3,702,"วันอังคาร  9:00-10:30,วันพฤหัสบดี  9:00-10:30","LLB206 , LLB206",F78-2,57,,,,,,,สุพัตรา สุจริตรักษ์* ,,,,,,,,,,,,,
,3,3,809,"วันจันทร์  14:30-16:00,วันพุธ  14:30-16:00","LLB206 , LLB206","Q02-2 , Q02-3",41,,,,,,,สุพัตรา สุจริตรักษ์* ,,,,,,,,,,,,,
,3,3,810,"วันอังคาร  10:30-12:00,วันพฤหัสบดี  10:30-12:00","LLB206 , LLB206","Q02-2 , Q02-3",38,,,,,,,สุพัตรา สุจริตรักษ์* ,,,,,,,,,,,,,
,3,3,811,"วันอังคาร  16:30-18:00,วันพฤหัสบดี  16:30-18:00","LLB206 , LLB206","Q02-2 , Q02-3",37,,,,,,,สุพัตรา สุจริตรักษ์* ,,,,,,,,,,,,,
01355252-63 การเขียนภาษาอังกฤษธุรกิจ (Business English Writing),3,3,700,"วันอังคาร  14:30-16:00,วันพฤหัสบดี  14:30-16:00","LLB103 , LLB103","Q02-2 , Q02-3 , Q02-4",35,,,,,,,ทรงธรรม วงศ์วิรุฬห์* ,,,,,,,,,,,,,
,3,3,809,"วันอังคาร  10:30-12:00,วันพฤหัสบดี  10:30-12:00","LLB103 , LLB103","Q02-2 , Q02-3 , Q02-4",35,,,,,,,ทรงธรรม วงศ์วิรุฬห์* ,,,,,,,,,,,,,
01355253-63 ภาษาอังกฤษเพื่อการจัดการโลจิสติกส์ (English for Logistics Management),3,3,700,"วันอังคาร  13:00-14:30,วันพฤหัสบดี  13:00-14:30","LLB301 , LLB301","Q02-2 , Q02-3 , Q02-4",50,,,,,,,จิรายุ ทัพพุ่ม* ,,,,,,,,,,,,,
,3,3,809,"วันจันทร์  13:00-14:30,วันพุธ  13:00-14:30","LLB302 , LLB302","Q02-2 , Q02-3 , Q02-4",50,,,,,,,จิรายุ ทัพพุ่ม* ,,,,,,,,,,,,,
01355258-63 ภาษาอังกฤษเพื่องานประชาสัมพันธ์และโฆษณา (English for Public Relations and Advertising),3,3,700,"วันอังคาร  14:30-16:00,วันพฤหัสบดี  14:30-16:00","LLB202 , LLB202","Q02-2 , Q02-3 , Q02-4",50,,,,,,,Steven Ross Smith* ,,,,,,,,,,,,,
,3,3,809,"วันจันทร์  14:30-16:00,วันพุธ  14:30-16:00","LLB202 , LLB202","Q02-2 , Q02-3 , Q02-4",52,,,,,,,Steven Ross Smith* ,,,,,,,,,,,,,
01355274-63 ภาษาอังกฤษเพื่อธุรกิจโรงแรม (English for Hotel Business),3,3,700,"วันจันทร์  13:00-14:30,วันพุธ  13:00-14:30","LLB401 , LLB401","Q02-2 , Q02-3 , Q02-4",40,,,,,,,รัชดาวรรณ คงสัตย์* ,,,,,,,,,,,,,
,3,3,809,"วันจันทร์  10:30-12:00,วันพุธ  10:30-12:00","LLB401 , LLB401","Q02-2 , Q02-3 , Q02-4",40,,,,,,,รัชดาวรรณ คงสัตย์* ,,,,,,,,,,,,,
01355281-59 ระบบภาษาอังกฤษ (English Language Systems),3,3,700,"วันอังคาร  14:30-16:00,วันพฤหัสบดี  14:30-16:00","LLB104 , LLB104","F78-3 , F78-5 , F78-4",8,,,,,,,ทรงธรรม วงศ์วิรุฬห์* ,,,,,,,,,,,,,
01355303-64 ภาษาอังกฤษเพื่อการสมัครงาน (English for Employment),3,3,700,"วันจันทร์  14:30-16:00,วันพุธ  14:30-16:00","LH4-601 , LH4-601","2 , 3 , 4",60,,,,,,,ปริชาติ สาลารัตน์* ,,,,,,,,,,,,,
01355312-63 โครงสร้างภาษาอังกฤษขั้นสูง (Advanced English Structure),3,3,700,"วันอังคาร  9:00-10:30,วันพฤหัสบดี  9:00-10:30","LLB301 , LLB301",Q02-3,49,,,,,,,กมลพรรณ แจ้งอรุณ* ,,,,,,,,,,,,,
,3,3,701,"วันอังคาร  10:30-12:00,วันพฤหัสบดี  10:30-12:00","LLB301 , LLB301",Q02-3,52,,,,,,,กมลพรรณ แจ้งอรุณ* ,,,,,,,,,,,,,
,3,3,809,"วันอังคาร  13:00-14:30,วันพฤหัสบดี  13:00-14:30","LLB302 , LLB302","Q02-3 , Q02-5 , Q02-4",58,,,,,,,กมลพรรณ แจ้งอรุณ* ,,,,,,,,,,,,,
,3,3,810,"วันอังคาร  14:30-16:00,วันพฤหัสบดี  14:30-16:00","LLB302 , LLB302","Q02-3 , Q02-5",48,,,,,,,กมลพรรณ แจ้งอรุณ* ,,,,,,,,,,,,,
,3,3,811,"วันอังคาร  7:30-9:00,วันพฤหัสบดี  7:30-9:00","LLB301 , LLB301",Q02-4,20,,,,,,,กมลพรรณ แจ้งอรุณ* ,,,,,,,,,,,,,
01355331-59 ทักษะรวมทางการอ่านและการเขียนภาษาอังกฤษขั้นสูง (Advanced Integrated English Reading and Writing Skills),3,3,700,"วันจันทร์  10:30-12:00,วันพุธ  10:30-12:00","LLB301 , LLB301",F78-3,56,,,,,,,อุดมกฤษฏิ์ ศรีนนท์* ,,,,,,,,,,,,,
,3,3,701,"วันจันทร์  14:30-16:00,วันพุธ  14:30-16:00","LLB301 , LLB301",F78-4,1,,,,,,,อุดมกฤษฏิ์ ศรีนนท์* ,,,,,,,,,,,,,
01355331-63 การอ่านและการเขียนภาษาอังกฤษเชิงวิพากษ์ (English Critical Reading and Writing),3,3,700,"วันจันทร์  13:00-14:30,วันพุธ  13:00-14:30","LLB301 , LLB301",Q02-3,40,,,,,,,อุดมกฤษฏิ์ ศรีนนท์* ,,,,,,,,,,,,,
,3,3,701,"วันจันทร์  14:30-16:00,วันพุธ  14:30-16:00","LLB301 , LLB301",Q02-3,40,,,,,,,อุดมกฤษฏิ์ ศรีนนท์* ,,,,,,,,,,,,,
,3,3,809,"วันอังคาร  9:00-10:30,วันพฤหัสบดี  9:00-10:30","LLB303 , LLB303","Q02-3 , Q02-4",46,,,,,,,อุดมกฤษฏิ์ ศรีนนท์* ,,,,,,,,,,,,,
,3,3,810,"วันอังคาร  10:30-12:00,วันพฤหัสบดี  10:30-12:00","LLB305 , LLB305",Q02-3,46,,,,,,,อุดมกฤษฏิ์ ศรีนนท์* ,,,,,,,,,,,,,
01355341-59 การพูดภาษาอังกฤษในที่ชุมนุมชน (Public Speaking in English),3,3,809,"วันจันทร์  16:30-18:00,วันพุธ  16:30-18:00","LLB206 , LLB206",Q02-6X,1,,,,,,,Bidhan Gajmer* ,,,,,,,,,,,,,
01355341-63 การฟังและการพูดภาษาอังกฤษเชิงวิพากษ์ (English Critical Listening and Speaking),3,3,700,"วันจันทร์  9:00-10:30,วันพุธ  9:00-10:30","LLB202 , LLB202",Q02-3,40,,,,,,,Steven Ross Smith* ,,,,,,,,,,,,,
,3,3,701,"วันจันทร์  10:30-12:00,วันพุธ  10:30-12:00","LLB202 , LLB202",Q02-3,40,,,,,,,Steven Ross Smith* ,,,,,,,,,,,,,
,3,3,809,"วันจันทร์  13:00-14:30,วันพุธ  13:00-14:30","LLB104 , LLB104",Q02-3,46,,,,,,,Bidhan Gajmer* ,,,,,,,,,,,,,
,3,3,810,"วันจันทร์  14:30-16:00,วันพุธ  14:30-16:00","LLB104 , LLB104","Q02-3 , Q02-4",46,,,,,,,Bidhan Gajmer* ,,,,,,,,,,,,,
01355361-63 การแปลจากภาษาอังกฤษเป็นภาษาไทย (English - Thai Translation),3,3,700,"วันจันทร์  9:00-10:30,วันพุธ  9:00-10:30","LLB302 , LLB302",Q02-3,40,,,,,,,นิดา จำปาทิพย์* ,,,,,,,,,,,,,
,3,3,701,"วันจันทร์  10:30-12:00,วันพุธ  10:30-12:00","LLB302 , LLB302",Q02-3,40,,,,,,,นิดา จำปาทิพย์* ,,,,,,,,,,,,,
,3,3,809,"วันจันทร์  14:30-16:00,วันพุธ  14:30-16:00","LLB302 , LLB302",Q02-3,46,,,,,,,นิดา จำปาทิพย์* ,,,,,,,,,,,,,
,3,3,810,"วันจันทร์  16:30-18:00,วันพุธ  16:30-18:00","LLB302 , LLB302",Q02-3,46,,,,,,,นิดา จำปาทิพย์* ,,,,,,,,,,,,,
01355363-63 การแปลด้านสังคมและวัฒนธรรม (Translation in Society and Culture),3,3,700,วันอังคาร  16:30-19:30,LLB304,Q02-4,16,,,,,,,ณิชา กลิ่นขจร* ,,,,,,,,,,,,,
,3,3,809,วันอังคาร  16:30-19:30,LLB304,Q02-4,15,,,,,,,ณิชา กลิ่นขจร* ,,,,,,,,,,,,,
01355372-63 ภาษาอังกฤษสำหรับมัคคุเทศก์ (English for Tourist Guides),3,3,700,"วันจันทร์  14:30-16:00,วันพุธ  14:30-16:00","LLB401 , LLB401","Q02-2 , Q02-3 , Q02-4",40,,,,,,,รัชดาวรรณ คงสัตย์* ,,,,,,,,,,,,,
,3,3,809,"วันจันทร์  9:00-10:30,วันพุธ  9:00-10:30","LLB401 , LLB401","Q02-2 , Q02-3 , Q02-4",40,,,,,,,รัชดาวรรณ คงสัตย์* ,,,,,,,,,,,,,
"01355411-63 ความหมาย บริบท และการปฏิสัมพันธ์ในภาษาอังกฤษ (Meaning, Context and Interaction in English)",3,3,700,"วันจันทร์  16:30-18:00,วันพุธ  16:30-18:00","LLB301 , LLB301",Q02-5,5,,,,,,,อุดมกฤษฏิ์ ศรีนนท์* ,,,,,,,,,,,,,
,3,3,809,"วันจันทร์  16:30-18:00,วันพุธ  16:30-18:00","LLB301 , LLB301",Q02-5,10,,,,,,,อุดมกฤษฏิ์ ศรีนนท์* ,,,,,,,,,,,,,
01355431-63 การเขียนงานวิจัยภาษาอังกฤษ (English Research Writing),3,3,700,วันศุกร์  9:00-12:00,LLB202,Q02-4,23,,,,,,,ภัทรภร รักเรียน* ,,,,,,,,,,,,,
,3,3,701,วันศุกร์  9:00-12:00,LLB103,Q02-4,15,,,,,,,ภัทรภร รักเรียน* ,,,,,,,,,,,,,
,3,3,702,วันศุกร์  9:00-12:00,LLB303,Q02-4,11,,,,,,,ภัทรภร รักเรียน* ,,,,,,,,,,,,,
,3,3,703,วันศุกร์  9:00-12:00,LLB301,Q02-4,17,,,,,,,ภัทรภร รักเรียน* ,,,,,,,,,,,,,
,3,3,704,วันศุกร์  9:00-12:00,LLB206,Q02-4,14,,,,,,,ภัทรภร รักเรียน* ,,,,,,,,,,,,,
,3,3,705,วันศุกร์  9:00-12:00,LLB302,Q02-4,11,,,,,,,ภัทรภร รักเรียน* ,,,,,,,,,,,,,
,3,3,809,วันศุกร์  13:00-16:00,LLB202,Q02-4,16,,,,,,,ภัทรภร รักเรียน* ,,,,,,,,,,,,,
,3,3,810,วันศุกร์  13:00-16:00,LLB103,Q02-4,16,,,,,,,ภัทรภร รักเรียน* ,,,,,,,,,,,,,
,3,3,811,วันศุกร์  13:00-16:00,LLB303,Q02-4,19,,,,,,,ภัทรภร รักเรียน* ,,,,,,,,,,,,,
,3,3,812,วันศุกร์  13:00-16:00,LLB301,"Q02-4 , Q02-5",19,,,,,,,ภัทรภร รักเรียน* ,,,,,,,,,,,,,
,3,3,813,วันศุกร์  13:00-16:00,LLB206,"Q02-4 , Q02-5",19,,,,,,,ภัทรภร รักเรียน* ,,,,,,,,,,,,,
,3,3,814,วันศุกร์  13:00-16:00,LLB302,"Q02-4 , Q02-5",19,,,,,,,ภัทรภร รักเรียน* ,,,,,,,,,,,,,
01355441-63 ทักษะการโต้วาทีและการพูดในที่ชุมนุมชนเป็นภาษาอังกฤษ (English Debating and Public Speaking Skills),3,3,700,"วันจันทร์  9:00-10:30,วันพุธ  9:00-10:30","LLB304 , LLB304",Q02-4,44,,,,,,,Robert Joseph Cullen* ,,,,,,,,,,,,,
,3,3,701,"วันจันทร์  10:30-12:00,วันพุธ  10:30-12:00","LLB304 , LLB304",Q02-4,44,,,,,,,Robert Joseph Cullen* ,,,,,,,,,,,,,
,3,3,809,"วันจันทร์  16:30-18:00,วันพุธ  16:30-18:00","LLB206 , LLB206",Q02-4,48,,,,,,,Bidhan Gajmer* ,,,,,,,,,,,,,
,3,3,810,"วันจันทร์  18:00-19:30,วันพุธ  18:00-19:30","LLB206 , LLB206",Q02-4,49,,,,,,,Bidhan Gajmer* ,,,,,,,,,,,,,
01355461-63 การแปลเฉพาะทาง (Specialized Translation),3,3,700,"วันอังคาร  9:00-10:30,วันพฤหัสบดี  9:00-10:30","LLB304 , LLB304",Q02-4,44,,,,,,,ณิชา กลิ่นขจร* ,,,,,,,,,,,,,
,3,3,701,"วันอังคาร  10:30-12:00,วันพฤหัสบดี  10:30-12:00","LLB304 , LLB304",Q02-4,44,,,,,,,ณิชา กลิ่นขจร* ,,,,,,,,,,,,,
,3,3,809,"วันอังคาร  13:00-14:30,วันพฤหัสบดี  13:00-14:30","LLB206 , LLB206","Q02-4 , Q02-5",49,,,,,,,ณิชา กลิ่นขจร* ,,,,,,,,,,,,,
,3,3,810,"วันอังคาร  14:30-16:00,วันพฤหัสบดี  14:30-16:00","LLB206 , LLB206","Q02-4 , Q02-5",48,,,,,,,ณิชา กลิ่นขจร* ,,,,,,,,,,,,,
01356101-67 ภาษาฝรั่งเศสเบื้องต้น I (Elementary French I),3,3,700,"วันจันทร์  10:30-12:00,วันศุกร์  13:00-14:30","SC9-411 , SC9-408",Q02-1,15,,,,,,,"ทิสวัส ธำรงสานต์*  , Herve Hinaux",,,,,,,,,,,,,
,3,3,701,"วันจันทร์  13:00-14:30,วันศุกร์  13:00-14:30","SC9-411 , SC9-408",Q02-1,15,,,,,,,"ทิสวัส ธำรงสานต์*  , Herve Hinaux",,,,,,,,,,,,,
,3,3,702,"วันจันทร์  14:30-16:00,วันศุกร์  13:00-14:30","SC9-411 , SC9-408",H04-2,30,,,,,,,"ทิสวัส ธำรงสานต์*  , Herve Hinaux",,,,,,,,,,,,,
,3,3,703,"วันพุธ  10:30-12:00,วันศุกร์  13:00-14:30","SC9-411 , SC9-408","F78-1 , F78-2",5,,,,,,,"ทิสวัส ธำรงสานต์*  , Herve Hinaux",,,,,,,,,,,,,
,3,3,809,"วันอังคาร  14:30-16:00,วันพฤหัสบดี  14:30-16:00","SC9-411 , SC9-237",Q02,18,,,,,,,"ทิสวัส ธำรงสานต์*  , Herve Hinaux",,,,,,,,,,,,,
01356103-67 ภาษาฝรั่งเศสเบื้องต้น III (Elementary French III),3,3,700,"วันพุธ  13:00-14:30,วันพฤหัสบดี  13:00-14:30","SC9-411 , SC9-408",Q02,21,,,,,,,"ทิสวัส ธำรงสานต์*  , Herve Hinaux",,,,,,,,,,,,,
,3,3,701,"วันพุธ  14:30-16:00,วันพฤหัสบดี  13:00-14:30","SC9-411 , SC9-408","F78-2 , F78-3 , F78-4 , H04-3 , H04-4",18,,,,,,,"ทิสวัส ธำรงสานต์*  , Herve Hinaux",,,,,,,,,,,,,
,3,3,809,"วันอังคาร  16:30-18:00,วันพฤหัสบดี  16:30-18:00","SC9-411 , SC9-237",Q02,15,,,,,,,"ทิสวัส ธำรงสานต์*  , Herve Hinaux",,,,,,,,,,,,,
01356115-65 ภาษาฝรั่งเศสพื้นฐาน I (Foundation French I),3,2,700,วันศุกร์  14:30-16:30,SC9-237,Q02-3,4,,,,,,,"Herve Hinaux , ทิสวัส ธำรงสานต์* ",,,,,,,,,,,,,
,,,,,,,,1,711,"วันอังคาร  9:00-10:30,วันพฤหัสบดี  9:00-10:30","SC9-411 , SC9-411",Q02-3,4,"Herve Hinaux , ทิสวัส ธำรงสานต์* ",,,,,,,,,,,,,
01356242-60 การฟัง-การพูดภาษาฝรั่งเศสเพื่องานอาชีพ (French Listening-Speaking for Careers),3,3,700,"วันอังคาร  10:30-12:00,วันพฤหัสบดี  10:30-12:00","SC9-411 , SC9-411","Q02-3 , Q02-4",5,,,,,,,Herve Hinaux,,,,,,,,,,,,,
,3,3,809,วันศุกร์  16:30-19:30,SC9-411,"Q02-3 , Q02-4",5,,,,,,,Herve Hinaux,,,,,,,,,,,,,
01358101-67 ภาษาญี่ปุ่นเบื้องต้น I (Elementary Japanese I),3,3,700,"วันจันทร์  10:30-12:00,วันพุธ  10:30-12:00","SC9-410 , SC9-410","Q02-1 , Q02-2 , Q02-3 , Q02-4",1,,,,,,,สุรีรัตน์ วงศ์สมิง* ,,,,,,,,,,,,,
,3,3,701,"วันอังคาร  10:30-12:00,วันพฤหัสบดี  10:30-12:00","SC9-410 , SC9-410","H04-2 , H04-3 , H04-4",40,,,,,,,สุรีรัตน์ วงศ์สมิง* ,,,,,,,,,,,,,
,3,3,702,"วันจันทร์  9:00-10:30,วันพุธ  9:00-10:30","SC9-410 , SC9-410","F78-2 , F78-3 , F78-4",9,,,,,,,สุรีรัตน์ วงศ์สมิง* ,,,,,,,,,,,,,
,3,3,809,"วันจันทร์  14:30-16:00,วันพุธ  14:30-16:00","SC9-410 , SC9-410","Q02-1 , Q02-2 , Q02-3 , Q02-4",35,,,,,,,สุรีรัตน์ วงศ์สมิง* ,,,,,,,,,,,,,
01358103-67 ภาษาญี่ปุ่นเบื้องต้น III (Elementary Japanese III),3,3,700,"วันอังคาร  13:00-14:30,วันพฤหัสบดี  13:00-14:30","SC9-410 , SC9-410","Q02-2 , Q02-3 , Q02-4",32,,,,,,,สุรีรัตน์ วงศ์สมิง* ,,,,,,,,,,,,,
,3,3,701,"วันอังคาร  14:30-16:00,วันพฤหัสบดี  14:30-16:00","SC9-410 , SC9-410","H04-2 , H04-3 , H04-4",40,,,,,,,สุรีรัตน์ วงศ์สมิง* ,,,,,,,,,,,,,
,3,3,702,"วันจันทร์  13:00-14:30,วันพุธ  13:00-14:30","SC9-410 , SC9-410","F78-2 , F78-3 , F78-4",32,,,,,,,สุรีรัตน์ วงศ์สมิง* ,,,,,,,,,,,,,
,3,3,809,"วันอังคาร  13:00-14:30,วันพฤหัสบดี  13:00-14:30","LLB-303 , LLB-303","Q02-1 , Q02-2 , Q02-3 , Q02-4",25,,,,,,,สุรีรัตน์ วงศ์สมิง* ,,,,,,,,,,,,,
,3,3,810,"วันอังคาร  14:30-16:00,วันพฤหัสบดี  14:30-16:00","LLB-301 , LLB-301","Q02-1 , Q02-2 , Q02-3 , Q02-4",25,,,,,,,สุรีรัตน์ วงศ์สมิง* ,,,,,,,,,,,,,
01358211-60 ภาษาญี่ปุ่นขั้นกลาง I (Intermediate Japanese I),3,3,700,"วันอังคาร  10:30-12:00,วันพฤหัสบดี  10:30-12:00","SC9-238 , SC9-238",Q02-3,20,,,,,,,Tadashi Ezaki,,,,,,,,,,,,,
,3,3,809,"วันอังคาร  13:00-14:30,วันพฤหัสบดี  13:00-14:30","SC9-238 , SC9-238",Q02-3,25,,,,,,,Tadashi Ezaki,,,,,,,,,,,,,
01358221-60 การอ่านและรายงานภาษาญี่ปุ่น I (Japanese Reading and Oral Reports I),3,3,700,"วันจันทร์  10:30-12:00,วันพุธ  10:30-12:00","SC9-238 , SC9-238",Q02-4,20,,,,,,,Tadashi Ezaki,,,,,,,,,,,,,
,3,3,809,"วันจันทร์  13:00-14:30,วันพุธ  13:00-14:30","SC9-238 , SC9-238",Q02-4,25,,,,,,,Tadashi Ezaki,,,,,,,,,,,,,
01361101-67 การใช้ภาษาไทยเบื้องต้น (Introductory Thai Usage),3,3,700,"วันจันทร์  10:30-12:00,วันพุธ  10:30-12:00","LH4-201 , LH4-201","H10-3 , H04-4",125,,,,,,,"ธนัฏฐากุล พรทิพยพานิช*  , กาญจนา โรจนพานิช",,,,,,,,,,,,,
,3,3,701,"วันอังคาร  10:30-12:00,วันพฤหัสบดี  10:30-12:00","LH4-201 , LH4-201",Q03-1,125,,,,,,,"ธนัฏฐากุล พรทิพยพานิช*  , กาญจนา โรจนพานิช",,,,,,,,,,,,,
,3,3,702,"วันอังคาร  14:30-16:00,วันพฤหัสบดี  14:30-16:00","LH4-201 , LH4-201",Q22-1,125,,,,,,,"ธนัฏฐากุล พรทิพยพานิช*  , กาญจนา โรจนพานิช",,,,,,,,,,,,,
,3,3,800,"วันจันทร์  13:00-14:30,วันพุธ  13:00-14:30","LH4-201 , LH4-201","Q03-1 , Q03-4",100,,,,,,,"ธนัฏฐากุล พรทิพยพานิช*  , กาญจนา โรจนพานิช",,,,,,,,,,,,,
,3,3,855,"วันอังคาร  13:00-14:30,วันพฤหัสบดี  13:00-14:30","LH4-201 , LH4-201","H08-3 , H09-3 , H08-4 , H09-4",100,,,,,,,"ธนัฏฐากุล พรทิพยพานิช*  , กาญจนา โรจนพานิช",,,,,,,,,,,,,
,3,3,870,"วันอังคาร  13:00-14:30,วันพฤหัสบดี  13:00-14:30","LH4-201 , LH4-201","H01-3 , H01-4",5,,,,,,,"ธนัฏฐากุล พรทิพยพานิช*  , กาญจนา โรจนพานิช",,,,,,,,,,,,,
,3,3,876,"วันจันทร์  14:30-16:00,วันพุธ  14:30-16:00","LH4-201 , LH4-201",H12-1,125,,,,,,,"ธนัฏฐากุล พรทิพยพานิช*  , กาญจนา โรจนพานิช",,,,,,,,,,,,,
01362101-67 ภาษาจีน I (Chinese I),3,3,700,"วันจันทร์  10:30-12:00,วันพุธ  10:30-12:00","SC9-408 , SC9-408","Q02-1 , F78-1 , F78-2",4,,,,,,,"ภัทรพงศ์ คงวัฒนา*  , เบญจอาภา พิเศษสกุลวงศ์",,,,,,,,,,,,,
,3,3,701,"วันจันทร์  10:30-12:00,วันพุธ  10:30-12:00","SC14-617 , SC14-617","Q02-1 , F78-1 , F78-2",0,,,,,,,"ภัทรพงศ์ คงวัฒนา*  , เบญจอาภา พิเศษสกุลวงศ์",,,,,,,,,,,,,
,3,3,702,"วันอังคาร  10:30-12:00,วันพฤหัสบดี  10:30-12:00","SC9-408 , SC9-408","H04-2 , H04-3",30,,,,,,,"ภัทรพงศ์ คงวัฒนา*  , เบญจอาภา พิเศษสกุลวงศ์",,,,,,,,,,,,,
,3,3,703,"วันจันทร์  9:00-10:30,วันพุธ  9:00-10:30","SC14-617 , SC14-617","H04-2 , H04-3",32,,,,,,,"ภัทรพงศ์ คงวัฒนา*  , เบญจอาภา พิเศษสกุลวงศ์",,,,,,,,,,,,,
,3,3,809,"วันจันทร์  9:00-10:30,วันพุธ  9:00-10:30","LLB-308  , LLB-308 ",Q02,30,,,,,,,Shuzhen Nong* ,,,,,,,,,,,,,
,3,3,810,"วันจันทร์  10:30-12:00,วันพุธ  10:30-12:00","LLB-308  , LLB-308 ",Q02,30,,,,,,,Shuzhen Nong* ,,,,,,,,,,,,,
,3,3,811,"วันจันทร์  14:30-16:00,วันพุธ  14:30-16:00","LLB-308 , LLB-308",Q02,30,,,,,,,Shuzhen Nong* ,,,,,,,,,,,,,
01362201-67 ภาษาจีน III (Chinese III),3,3,700,"วันจันทร์  13:00-14:30,วันพุธ  13:00-14:30","SC9-240 , SC9-240","Q02-2 , Q02-3 , F78-2 , F78-3 , F78-4",45,,,,,,,"พิมพรรณ จันทรแดง*  , เบญจอาภา พิเศษสกุลวงศ์",,,,,,,,,,,,,
,3,3,701,"วันจันทร์  13:00-14:30,วันพุธ  13:00-14:30","SC14-617 , SC14-617","Q02-2 , Q02-3 , F78-2 , F78-3 , F78-4",45,,,,,,,"พิมพรรณ จันทรแดง*  , เบญจอาภา พิเศษสกุลวงศ์",,,,,,,,,,,,,
,3,3,702,"วันอังคาร  10:30-12:00,วันพฤหัสบดี  10:30-12:00","SC9-240 , SC9-240","H04-3 , H04-4",45,,,,,,,"พิมพรรณ จันทรแดง*  , เบญจอาภา พิเศษสกุลวงศ์",,,,,,,,,,,,,
,3,3,703,"วันจันทร์  10:30-12:00,วันพุธ  10:30-12:00","SC9-240 , ติดต่อผู้สอน","H04-3 , H04-4 , F78-3 , F78-4",45,,,,,,,"พิมพรรณ จันทรแดง*  , เบญจอาภา พิเศษสกุลวงศ์",,,,,,,,,,,,,
,3,3,809,"วันอังคาร  9:00-10:30,วันพฤหัสบดี  9:00-10:30","LLB-308 , LLB-308",Q02,30,,,,,,,Shuzhen Nong* ,,,,,,,,,,,,,
,3,3,810,"วันอังคาร  10:30-12:00,วันพฤหัสบดี  10:30-12:00","LLB-308 , LLB-308",Q02,30,,,,,,,Shuzhen Nong* ,,,,,,,,,,,,,
01362242-58 การสนทนาภาษาจีน II (Chinese Conversation II),3,3,700,"วันอังคาร  13:00-14:30,วันพฤหัสบดี  13:00-14:30","SC9-240 , SC9-240",Q02-4,20,,,,,,,พิมพรรณ จันทรแดง* ,,,,,,,,,,,,,
,3,3,809,"วันอังคาร  13:00-14:30,วันพฤหัสบดี  13:00-14:30","LLB-308 , LLB-308",Q02-4,20,,,,,,,Shuzhen Nong* ,,,,,,,,,,,,,
01362301-67 ภาษาจีน V (Chinese V),3,3,700,"วันอังคาร  13:00-14:30,วันพฤหัสบดี  13:00-14:30","SC9-411 , SC9-411",Q02-3,8,,,,,,,ภัทรพงศ์ คงวัฒนา* ,,,,,,,,,,,,,
,3,3,809,"วันจันทร์  13:00-14:30,วันพุธ  13:00-14:30","LLB-308 , LLB-308",Q02-3,30,,,,,,,Shuzhen Nong* ,,,,,,,,,,,,,
01371111-67 สื่อสารสนเทศเพื่อการเรียนรู้ (Information Media for Learning),1,1,700,วันจันทร์  11:00-12:00,LH4-305,"F80-3 , A34-1 , A50-1",142,,,,,,,ภัทรพร จินตกานนท์* ,,,,,,,,,,,,,
,1,1,701,วันจันทร์  13:00-14:00,LH4-305,"Q05-3 , T02-1 , E24-4",184,,,,,,,ภัทรพร จินตกานนท์* ,,,,,,,,,,,,,
,1,1,702,วันอังคาร  10:00-11:00,LH4-305,"E24-3 , F78-1",122,,,,,,,ภัทรพร จินตกานนท์* ,,,,,,,,,,,,,
,1,1,703,วันอังคาร  13:00-14:00,LH4-302,"Q02-1 , H05-1",190,,,,,,,ภัทรพร จินตกานนท์* ,,,,,,,,,,,,,
,1,1,704,วันพุธ  11:00-12:00,LH4-305,"Q06-1 , F80-1",120,,,,,,,ภัทรพร จินตกานนท์* ,,,,,,,,,,,,,
,1,1,705,วันพุธ  13:00-14:00,LH4-305,"Q04-1 , B03-1 , T02-1",195,,,,,,,ภัทรพร จินตกานนท์* ,,,,,,,,,,,,,
,1,1,706,วันพฤหัสบดี  13:00-14:00,LH4-302,"E04-1 , H05-1 , Q03-2",176,,,,,,,ภัทรพร จินตกานนท์* ,,,,,,,,,,,,,
,1,1,707,วันศุกร์  11:00-12:00,LH4-305,"A50-1 , H05-1",180,,,,,,,ภัทรพร จินตกานนท์* ,,,,,,,,,,,,,
,1,1,800,วันพุธ  10:00-11:00,LH4-305,"Q03-2 , Q03-4",83,,,,,,,ภัทรพร จินตกานนท์* ,,,,,,,,,,,,,
,1,1,809,วันอังคาร  11:00-12:00,LH4-305,Q02,125,,,,,,,ภัทรพร จินตกานนท์* ,,,,,,,,,,,,,
,1,1,820,วันพุธ  9:00-10:00,LH4-305,"Q05-3 , Q05-4",80,,,,,,,ภัทรพร จินตกานนท์* ,,,,,,,,,,,,,
,1,1,845,วันอังคาร  11:00-12:00,LH4-305,E02-6,1,,,,,,,ภัทรพร จินตกานนท์* ,,,,,,,,,,,,,
,1,1,855,วันศุกร์  10:00-11:00,LH4-305,H11-4,5,,,,,,,ภัทรพร จินตกานนท์* ,,,,,,,,,,,,,
,1,1,872,วันศุกร์  10:00-11:00,LH4-305,"H03-3 , H03-4",40,,,,,,,ภัทรพร จินตกานนท์* ,,,,,,,,,,,,,
,1,1,874,วันศุกร์  10:00-11:00,LH4-305,"H07-2 , H07-3 , H07-4",10,,,,,,,ภัทรพร จินตกานนท์* ,,,,,,,,,,,,,
,1,1,882,วันศุกร์  10:00-11:00,LH4-305,"H05-1 , H05-2",200,,,,,,,ภัทรพร จินตกานนท์* ,,,,,,,,,,,,,
01373221-60 วิวัฒนาการวรรณคดีอังกฤษ (Evolution of English Literature),3,3,700,"วันอังคาร  13:00-14:30,วันพฤหัสบดี  13:00-14:30","LLB304 , LLB304",Q02-3,43,,,,,,,ณัฐกานต์ สีสังข์* ,,,,,,,,,,,,,
,3,3,701,"วันอังคาร  14:30-16:00,วันพฤหัสบดี  14:30-16:00","LLB304 , LLB304",Q02-3,45,,,,,,,ณัฐกานต์ สีสังข์* ,,,,,,,,,,,,,
,3,3,809,"วันจันทร์  18:00-19:30,วันพุธ  18:00-19:30","LLB304 , LLB304","Q02-3 , Q02-6 , Q02-5 , Q02-4",54,,,,,,,ณัฐกานต์ สีสังข์* ,,,,,,,,,,,,,
,3,3,810,"วันอังคาร  16:30-18:00,วันพฤหัสบดี  16:30-18:00","LLB302 , LLB302","Q02-3 , Q02-4 , Q02-5",49,,,,,,,ณัฐกานต์ สีสังข์* ,,,,,,,,,,,,,
01373323-60 วรรณกรรมร่วมสมัย (Contemporary Literary Works),3,3,700,"วันจันทร์  13:00-14:30,วันพุธ  13:00-14:30","LLB304 , LLB304",Q02-4,44,,,,,,,ณัฐกานต์ สีสังข์* ,,,,,,,,,,,,,
,3,3,701,"วันจันทร์  14:30-16:00,วันพุธ  14:30-16:00","LLB304 , LLB304",Q02-4,45,,,,,,,ณัฐกานต์ สีสังข์* ,,,,,,,,,,,,,
,3,3,809,"วันจันทร์  16:30-18:00,วันพุธ  16:30-18:00","LLB304 , LLB304","Q02-4 , Q02-5",50,,,,,,,ณัฐกานต์ สีสังข์* ,,,,,,,,,,,,,
,3,3,810,"วันอังคาร  18:00-19:30,วันพฤหัสบดี  18:00-19:30","LLB302 , LLB302","Q02-4 , Q02-5",51,,,,,,,ณัฐกานต์ สีสังข์* ,,,,,,,,,,,,,
01373334-65 โลกของเด็กในวรรณคดีอังกฤษ (Children’s World in English Literature),3,3,700,วันพฤหัสบดี  16:30-19:30,LLB301,"Q02-2 , Q02-3 , Q02-4",30,,,,,,,ภัทรภร รักเรียน* ,,,,,,,,,,,,,
,3,3,809,วันพฤหัสบดี  16:30-19:30,LLB301,"Q02-2 , Q02-3 , Q02-4 , Q02-5",32,,,,,,,ภัทรภร รักเรียน* ,,,,,,,,,,,,,
01387101-64 ศิลปะการอยู่ร่วมกับผู้อื่น (The Art of Living with Others),3,3,700,วันศุกร์  13:00-16:00,LH4-302,"Q05-1 , Q11-1",300,,,,,,,จิรพงศ์ ทรัพย์ขุมทอง* ,,,,,,,,,,,,,
,3,3,701,วันจันทร์  13:00-16:00,LH3-302,"Q08-1 , Q03-2",300,,,,,,,จิรพงศ์ ทรัพย์ขุมทอง* ,,,,,,,,,,,,,
,3,3,800,วันพฤหัสบดี  13:00-16:00,LH4-502,Q03-2,83,,,,,,,จิรพงศ์ ทรัพย์ขุมทอง* ,,,,,,,,,,,,,
,3,3,815,วันอังคาร  13:00-16:00,LH4-306,"Q08-1 , Q08-2",122,,,,,,,จิรพงศ์ ทรัพย์ขุมทอง* ,,,,,,,,,,,,,
,3,3,820,วันอังคาร  13:00-16:00,LH4-306,"Q05-1 , Q05-2 , Q05-3",90,,,,,,,จิรพงศ์ ทรัพย์ขุมทอง* ,,,,,,,,,,,,,
01387102-67 ปรัชญาสำหรับชีวิตยุคใหม่ (Philosophy for New Life),3,3,700,วันพฤหัสบดี  9:00-12:00,LH3-301,"Q05-2 , Q22-1 , E24-4",300,,,,,,,จิรพงศ์ ทรัพย์ขุมทอง* ,,,,,,,,,,,,,
,3,3,701,วันพุธ  9:00-12:00,LH3-302,H05-4,1,,,,,,,วรท อุณหสุทธิยานนท์* ,,,,,,,,,,,,,
,3,3,820,วันศุกร์  9:00-12:00,LH2-303,"Q05-2 , Q05-4",88,,,,,,,วรท อุณหสุทธิยานนท์* ,,,,,,,,,,,,,
,3,3,845,วันพฤหัสบดี  9:00-12:00,LH3-301,E06-4X,1,,,,,,,จิรพงศ์ ทรัพย์ขุมทอง* ,,,,,,,,,,,,,
,3,3,855,วันพุธ  9:00-12:00,LH3-302,"H11-2 , H08 , H09 , H03",250,,,,,,,วรท อุณหสุทธิยานนท์* ,,,,,,,,,,,,,
01390103-67 การท่องเที่ยวเพื่อความผาสุก (Tourism for Well-Being),3,3,700,วันพฤหัสบดี  13:00-16:00,LH2-304,"H01-1 , H10-1",267,,,,,,,อิสระพงษ์ พลธานี* ,,,,,,,,,,,,,
,3,3,870,วันอังคาร  13:00-16:00,LH2-201,H01-1,210,,,,,,,อิสระพงษ์ พลธานี* ,,,,,,,,,,,,,
,3,3,880,วันพุธ  16:00-19:00,LH4-306,H10-1,118,,,,,,,อิสระพงษ์ พลธานี* ,,,,,,,,,,,,,
01390104-67 การพัฒนาบุคลิกภาพเพื่อการเป็นผู้ประกอบการสมัยใหม่ (Personality Development for Modern Entrepreneur),3,3,700,วันอังคาร  8:00-11:00,LH2-303,"H01-3 , H03-1",200,,,,,,,อิสระพงษ์ พลธานี* ,,,,,,,,,,,,,
,3,3,870,วันพุธ  9:00-12:00,LH4-302,"H01-3 , H01-4 , H01-5",70,,,,,,,อิสระพงษ์ พลธานี* ,,,,,,,,,,,,,
,3,3,872,วันจันทร์  16:00-19:00,LH3-302,H03-1,160,,,,,,,อิสระพงษ์ พลธานี* ,,,,,,,,,,,,,
01390211-64 นโยบายสาธารณะและหลักกฎหมายที่เกี่ยวข้องในธุรกิจการท่องเที่ยว (Public Policy and Law in Tourism Business),3,3,700,วันจันทร์  13:00-16:00,P310,H04-4,82,,,,,,,อุมาพร บุญเพชรแก้ว* ,,,,,,,,,,,,,
01390215-64 การบริการขนส่งและโลจิสติกส์ในธุรกิจการท่องเที่ยว (Transportation Service and Logistics in Tourism Business),3,3,700,วันอังคาร  13:00-16:00,P301,H04-2,60,,,,,,,เขวิกา สุขเอี่ยม* ,,,,,,,,,,,,,
,3,3,701,วันศุกร์  13:00-16:00,P301,H04-2,60,,,,,,,เขวิกา สุขเอี่ยม* ,,,,,,,,,,,,,
01390216-64 พฤติกรรมนักท่องเที่ยวและการออกแบบประสบการณ์ในอุตสาหกรรมท่องเที่ยว (Tourist Behavior and Experience Design inTourism),3,3,700,วันพฤหัสบดี  15:00-18:00,SILLH102,H04-2,120,,,,,,,อภิญญา สุพิชญ์* ,,,,,,,,,,,,,
01390217-64 เทคโนโลยีสารสนเทศสำหรับงานบริการในธุรกิจการท่องเที่ยว (Information Technology for Service Management in Tourism Business),3,2,700,วันพุธ  13:00-15:00,SILLH103,"H04-2 , H04-4",120,,,,,,,สุวิมล จันโททัย* ,,,,,,,,,,,,,
,,,,,,,,1,711,วันจันทร์  16:00-18:00,SILLH102,"H04-2 , H04-4",120,สุวิมล จันโททัย* ,,,,,,,,,,,,,
01390318-64 การจัดการทรัพยากรมนุษย์เพื่อธุรกิจการท่องเที่ยว (Human Resource Management for Tourism Business),3,3,700,"วันอังคาร  16:00-17:30,วันพฤหัสบดี  16:00-17:30","P401 , P513",H04-3,50,,,,,,,เขวิกา สุขเอี่ยม* ,,,,,,,,,,,,,
,3,3,701,วันศุกร์  9:00-12:00,P401,H04-3,50,,,,,,,เขวิกา สุขเอี่ยม* ,,,,,,,,,,,,,
01390342-64 การตลาดเพื่อธุรกิจการท่องเที่ยว (Marketing for Tourism Business),3,3,700,วันศุกร์  13:00-16:00,SILLH104,H04-3,100,,,,,,,อภิญญา สุพิชญ์* ,,,,,,,,,,,,,
01390343-64 วิธีเชิงปริมาณสำหรับธุรกิจการท่องเที่ยว (Quantitative Methods for Tourism Business),2,2,700,วันศุกร์  10:00-12:00,P301,H04-3,50,,,,,,,อภิญญา สุพิชญ์* ,,,,,,,,,,,,,
,2,2,701,วันอังคาร  16:00-18:00,P301,H04-3,50,,,,,,,อภิญญา สุพิชญ์* ,,,,,,,,,,,,,
01390364-64 การจัดการเทศกาลและงานกิจกรรมพิเศษ (Festival and Special Event Management),3,2,700,วันจันทร์  16:00-18:00,P310,H04-3,100,,,,,,,อุมาพร บุญเพชรแก้ว* ,,,,,,,,,,,,,
,,,,,,,,1,711,วันพุธ  16:00-18:00,P310,H04-3,100,อุมาพร บุญเพชรแก้ว* ,,,,,,,,,,,,,
01390374-64 การดำเนินงานและการจัดการงานจัดเลี้ยง (Catering Operations and Management),3,2,700,วันอังคาร  16:00-18:00,P415,H04-4,82,,,,,,,นุจนาถ นรินทร์* ,,,,,,,,,,,,,
,,,,,,,,1,711,วันพุธ  16:00-18:00,P415,H04-4,82,นุจนาถ นรินทร์* ,,,,,,,,,,,,,
01390426-64 การจัดการการท่องเที่ยวเชิงสุขภาพ (Wellness Tourism Management),3,3,700,วันพฤหัสบดี  16:00-19:00,P301,H04-4,60,,,,,,,อุมาพร บุญเพชรแก้ว* ,,,,,,,,,,,,,
01390473-64 การจัดการคุณภาพในธุรกิจการท่องเที่ยว (Quality Management in Tourism Business),3,3,700,วันจันทร์  13:00-16:00,P407,H04-3,100,,,,,,,สุวิมล จันโททัย* ,,,,,,,,,,,,,
01390490-64 สหกิจศึกษา (Co-operative Education),,,,,,,,6,711,ยังไม่มีการกำหนดวัน-เวลาเรียน,ยังไม่มีการกำหนดห้องเรียน,H04-5,15,สุวิมล จันโททัย* ,,,,,,,,,,,,,
วิทยาการจัดการ,,,,,,,,,,,,,,,,,,,,,,,,,,,
03751111-67 มนุษย์กับสิ่งแวดล้อม (Man and Environment),3,3,700,"วันจันทร์  16:00-17:30,วันพุธ  16:00-17:30","LH3-301 , LH3-301","Q08-1 , S02-3 , H01-1",300,,,,,,,พุทธพร ส่องศรี* ,,,,,,,,,,,,,
,3,3,701,"วันอังคาร  17:00-18:30,วันพฤหัสบดี  17:00-18:30","LH3-302 , LH3-302","E36-2 , F79-3",300,,,,,,,พุทธพร ส่องศรี* ,,,,,,,,,,,,,
,3,3,815,"วันพฤหัสบดี  14:30-16:00,วันศุกร์  10:30-12:00","LH2-301 , LH2-301",Q08-1,300,,,,,,,พุทธพร ส่องศรี* ,,,,,,,,,,,,,
,3,3,861,"วันจันทร์  17:30-19:00,วันพุธ  17:30-19:00","LH3-305 , LH3-305",S02-3,100,,,,,,,พุทธพร ส่องศรี* ,,,,,,,,,,,,,
,3,3,870,"วันจันทร์  10:30-12:00,วันพุธ  10:30-12:00","LH2-301 , LH2-301","H01-1 , H01-3",300,,,,,,,พุทธพร ส่องศรี* ,,,,,,,,,,,,,
03751112-67 สังคมและการเมือง (Social and Politics),3,3,700,วันอังคาร  13:00-16:00,SC9-509,ALL,70,,,,,,,สุภณิดา พวงผกา* ,,,,,,,,,,,,,
03752111-67 ทรัพยากรสารสนเทศเพื่อการค้นคว้า (Information Resources for Research),1,1,700,วันอังคาร  9:00-10:00,LH4-305,"Q28-1 , B03-3 , B03-4",175,,,,,,,ภัทรพร จินตกานนท์* ,,,,,,,,,,,,,
03753111-00 เศรษฐศาสตร์จุลภาค (Microeconomics),3,3,700,"วันอังคาร  14:30-16:00,วันพฤหัสบดี  14:30-16:00","LH4-202 , LH4-202","Q26-1 , Q26-2 , Q26-3",70,,,,,,,วลี สงสุวงค์* ,,,,,,,,,,,,,
,3,3,866,"วันจันทร์  16:30-18:00,วันพุธ  16:30-18:00","LH4-202 , LH4-202","Q26-1 , Q26-2 , Q26-3 , Q26-4",120,,,,,,,วลี สงสุวงค์* ,,,,,,,,,,,,,
03754361-00 ภาษาอังกฤษธุรกิจ (Business English),3,3,700,"CLOSED,CLOSED","P513 , P512",-,60,,,,,,,นิติกร ฤทธิโคตร* ,,,,,,,,,,,,,
,3,3,701,"CLOSED,CLOSED","P505 , SIL201",-,61,,,,,,,Clement Robles Bana* ,,,,,,,,,,,,,
03754371-00 ภาษาอังกฤษสำหรับนักบัญชี (English for Accountant),3,3,700,"วันจันทร์  14:30-16:00,วันพุธ  14:30-16:00","KH80-207 , KH80-206","Q26-3 , Q26-4",60,,,,,,,นันทวัจน์ ปัญญายศธนากรณ์* ,,,,,,,,,,,,,
,3,3,701,"วันจันทร์  13:00-14:30,วันพุธ  13:00-14:30","KH80-207 , KH80-206",Q26-4,1,,,,,,,นันทวัจน์ ปัญญายศธนากรณ์* ,,,,,,,,,,,,,
,3,3,866,"วันจันทร์  13:00-14:30,วันพุธ  13:00-14:30","KH80-207 , KH80-206","Q26-3 , Q26-4",100,,,,,,,นันทวัจน์ ปัญญายศธนากรณ์* ,,,,,,,,,,,,,
03754375-00 ภาษาอังกฤษเพื่อธุรกิจจัดนำเที่ยวและตัวแทนทางการท่องเที่ยว (English for Tour Operator and Travel Agency Business),3,3,700,"CLOSED,CLOSED","SIL103 , SIL103",-,53,,,,,,,Clement Robles Bana* ,,,,,,,,,,,,,
03754473-00 ภาษาอังกฤษเทคนิคสำหรับธุรกิจโรงแรม (Technical English for Hotel Business),3,3,700,"วันพุธ  16:00-17:30,วันศุกร์  13:00-14:30","P513 , P512","H08-3 , H08-4X",60,,,,,,,นิติกร ฤทธิโคตร* ,,,,,,,,,,,,,
,3,3,701,"วันพุธ  16:00-17:30,วันศุกร์  13:00-14:30","P505 , SIL201","H08-3 , H08-4X",61,,,,,,,Clement Robles Bana* ,,,,,,,,,,,,,
,3,3,855,"วันอังคาร  17:30-19:00,วันพฤหัสบดี  17:30-19:00","P512 , P512","H08-3 , H08-4X",51,,,,,,,Clement Robles Bana* ,,,,,,,,,,,,,
,3,3,856,"วันอังคาร  17:30-19:00,วันพฤหัสบดี  17:30-19:00","P504 , P504","H08-3 , H08-4X",51,,,,,,,ธีระพงศ์ คงด้วง* ,,,,,,,,,,,,,
03754474-00 ภาษาอังกฤษเทคนิคสำหรับธุรกิจการท่องเที่ยว (Technical English for Tourism Business),3,3,700,"วันจันทร์  13:00-14:30,วันศุกร์  9:00-10:30","P517 , P415","H09-3 , H09-4X",83,,,,,,,Clement Robles Bana* ,,,,,,,,,,,,,
,3,3,855,"วันจันทร์  14:30-16:00,วันอังคาร  9:00-10:30","P401 , P505","H09-3 , H09-4X , H06-6X , H08-6X , H09-6X",51,,,,,,,ปิยะนุช เลาศรีรัตนชัย* ,,,,,,,,,,,,,
,3,3,856,"วันพฤหัสบดี  10:30-12:00,วันศุกร์  10:00-11:30","P504 , SIL-LH102","H09-3 , H09-4X , H06-6X , H08-6X , H09-6X",51,,,,,,,ปิยะนุช เลาศรีรัตนชัย* ,,,,,,,,,,,,,
03757222-65 การวิเคราะห์เชิงปริมาณทางธุรกิจ (Quantitative Analysis for Business),3,3,700,"วันอังคาร  9:00-10:30,วันพฤหัสบดี  9:00-10:30","LH4-602 , LH4-602",Q26-2,65,,,,,,,อังคณา ธนานุภาพพันธุ์* ,,,,,,,,,,,,,
,3,3,866,"วันอังคาร  14:30-16:00,วันพฤหัสบดี  14:30-16:00","LH4-503 , LH4-503",Q26-2,100,,,,,,,อังคณา ธนานุภาพพันธุ์* ,,,,,,,,,,,,,
03757223-65 การวิเคราะห์เชิงปริมาณและสถิติธุรกิจ (Quantitative Analysis and Business Statistics),3,3,700,"วันพฤหัสบดี  13:00-14:30,วันศุกร์  14:30-16:00","LH2-202 , LH2-202","H08-3 , H09-3",111,,,,,,,เชิญขวัญ ขำเปรม* ,,,,,,,,,,,,,
,3,3,701,ยังไม่มีการกำหนดวัน-เวลาเรียน,ยังไม่มีการกำหนดห้องเรียน,-,20,,,,,,,เชิญขวัญ ขำเปรม* ,,,,,,,,,,,,,
,3,3,855,"วันพฤหัสบดี  9:00-10:30,วันศุกร์  13:00-14:30","SILLH106 , LH2-202",H08-3,120,,,,,,,เชิญขวัญ ขำเปรม* ,,,,,,,,,,,,,
,3,3,856,"วันจันทร์  13:00-14:30,วันศุกร์  13:00-14:30","SILLH106 , P307",H09-3,114,,,,,,,ชนม์ชนก ชิตประเสริฐ* ,,,,,,,,,,,,,
03757231-65 กฎหมายธุรกิจ (Business Law),3,3,700,วันศุกร์  13:00-16:00,P417,H10-3,95,,,,,,,นิรมล ขวาของ* ,,,,,,,,,,,,,
,3,3,701,วันศุกร์  17:30-20:30,P301,"H08-3 , H08-4X , H09-3 , H09-4X",20,,,,,,,รังสิชัย บรรณกิจวิจารณ์,,,,,,,,,,,,,
,3,3,850,วันศุกร์  17:30-20:30,P301,"H08-4X , H08-5X , H09-5X , H09-4X , H09-3 , H08-3",40,,,,,,,รังสิชัย บรรณกิจวิจารณ์,,,,,,,,,,,,,
03760111-64 หลักการบัญชีเบื้องต้น (Fundamental Accounting Principles),3,2,700,"วันอังคาร  10:00-11:00,วันพฤหัสบดี  10:00-11:00","LH4-505 , LH4-505",Q26-1,60,,,,,,,เพชรศิริณ ทองเปลว* ,,,,,,,,,,,,,
,3,2,701,"วันจันทร์  16:00-17:00,วันพุธ  16:00-17:00","LH4-505 , LH4-505","A38-3 , ALL",50,,,,,,,นันทวัจน์ ปัญญายศธนากรณ์* ,,,,,,,,,,,,,
,,,,,,,,1,711,"วันอังคาร  11:00-12:00,วันพฤหัสบดี  11:00-12:00","LH4-505 , LH4-505",Q26-1,60,เพชรศิริณ ทองเปลว* ,,,,,,,,,,,,,
,,,,,,,,1,712,"วันจันทร์  17:00-18:00,วันพุธ  17:00-18:00","LH4-505 , LH4-505","A38-3 , ALL",50,"เพชรศิริณ ทองเปลว*  , นันทวัจน์ ปัญญายศธนากรณ์",,,,,,,,,,,,,
,3,2,866,"วันจันทร์  12:30-13:30,วันพุธ  12:30-13:30","LH2-203 , LH2-203",Q26-1,60,,,,,,,เพชรศิริณ ทองเปลว* ,,,,,,,,,,,,,
,,,,,,,,1,866,"วันจันทร์  13:30-14:30,วันพุธ  13:30-14:30","LH2-203 , LH2-203",Q26-1,60,เพชรศิริณ ทองเปลว* ,,,,,,,,,,,,,
,3,2,867,"วันอังคาร  13:00-14:00,วันพฤหัสบดี  13:00-14:00","LH2-203 , LH3-210",Q26-1,60,,,,,,,เพชรศิริณ ทองเปลว* ,,,,,,,,,,,,,
,,,,,,,,1,867,"วันอังคาร  14:00-15:00,วันพฤหัสบดี  14:00-15:00","LH2-203 , LH3-210",Q26-1,60,เพชรศิริณ ทองเปลว* ,,,,,,,,,,,,,
03760211-64 หลักการบัญชีชั้นกลาง ll (Principles of Intermediate Accounting II),3,2,700,"วันอังคาร  12:30-13:30,วันพฤหัสบดี  12:30-13:30","LH4-202 , LH4-202","Q26-2 , Q26-3",65,,,,,,,เกษศิณี ศิริรุ่งวัฒนชัย* ,,,,,,,,,,,,,
,,,,,,,,1,711,"วันอังคาร  13:30-14:30,วันพฤหัสบดี  13:30-14:30","LH4-202 , LH4-202","Q26-2 , Q26-3",65,เกษศิณี ศิริรุ่งวัฒนชัย* ,,,,,,,,,,,,,
,3,2,866,"วันจันทร์  16:00-17:00,วันพุธ  16:00-17:00","LH3-211 , LH3-211","Q26-2 , Q26-3",110,,,,,,,เกษศิณี ศิริรุ่งวัฒนชัย* ,,,,,,,,,,,,,
,,,,,,,,1,866,"วันจันทร์  17:00-18:00,วันพุธ  17:00-18:00","LH3-211 , LH3-211","Q26-2 , Q26-3",110,เกษศิณี ศิริรุ่งวัฒนชัย* ,,,,,,,,,,,,,
03760231-64 หลักการบัญชีต้นทุน I (Principles of Cost Accounting I),3,2,700,"วันจันทร์  10:00-11:00,วันพุธ  10:00-11:00","LH2-203 , LH2-203",Q26-2,65,,,,,,,"นันทวัจน์ ปัญญายศธนากรณ์*  , เพชรศิริณ ทองเปลว",,,,,,,,,,,,,
,,,,,,,,1,711,"วันจันทร์  11:00-12:00,วันพุธ  11:00-12:00","LH2-203 , LH2-203",Q26-2,65,"นันทวัจน์ ปัญญายศธนากรณ์*  , เพชรศิริณ ทองเปลว",,,,,,,,,,,,,
,3,2,866,"วันอังคาร  16:30-17:30,วันพฤหัสบดี  16:30-17:30","LH2-202 , LH2-202","Q26-2 , Q26-3",100,,,,,,,"นันทวัจน์ ปัญญายศธนากรณ์*  , เพชรศิริณ ทองเปลว",,,,,,,,,,,,,
,,,,,,,,1,866,"วันอังคาร  17:30-18:30,วันพฤหัสบดี  17:30-18:30","LH2-202 , LH2-202","Q26-2 , Q26-3",100,"นันทวัจน์ ปัญญายศธนากรณ์*  , เพชรศิริณ ทองเปลว",,,,,,,,,,,,,
03760321-64 หลักการบัญชีชั้นสูง II (Principles of Advanced Accounting II),3,3,700,"วันอังคาร  13:00-14:30,วันพฤหัสบดี  13:00-14:30","LH2-206 , LH2-206",Q26-3,60,,,,,,,นันทวัจน์ ปัญญายศธนากรณ์* ,,,,,,,,,,,,,
,3,3,866,"วันอังคาร  14:30-16:00,วันพฤหัสบดี  14:30-16:00","LH4-302 , LH4-302","Q26-3 , Q26-5",100,,,,,,,นันทวัจน์ ปัญญายศธนากรณ์* ,,,,,,,,,,,,,
,3,3,867,"วันอังคาร  13:00-14:30,วันพฤหัสบดี  13:00-14:30","SC14-611 , SC14-611","Q26-4 , Q26-5",2,,,,,,,นันทวัจน์ ปัญญายศธนากรณ์* ,,,,,,,,,,,,,
03760332-64 การบริหารต้นทุน (Cost Management),3,3,700,"วันอังคาร  14:30-16:00,วันพฤหัสบดี  14:30-16:00","LH2-206 , LH2-206","Q26-3 , Q26-4",60,,,,,,,ชุดาพร สอนภักดี* ,,,,,,,,,,,,,
,3,3,866,"วันอังคาร  16:00-17:30,วันพฤหัสบดี  16:00-17:30","LH4-201 , LH4-201","Q26-3 , Q26-5",100,,,,,,,ชุดาพร สอนภักดี* ,,,,,,,,,,,,,
03760341-64 หลักการตรวจสอบภายในและการควบคุมภายใน (Principles of Internal Audit and Internal Control),3,3,700,"วันจันทร์  13:00-14:30,วันพุธ  13:00-14:30","LH3-304 , LH3-304",Q26-3,60,,,,,,,ทิพวรรณ ฤทธิชัย* ,,,,,,,,,,,,,
,3,3,866,"วันอังคาร  18:30-20:00,วันพฤหัสบดี  18:30-20:00","LH2-201 , LH2-201",Q26-3,100,,,,,,,ทิพวรรณ ฤทธิชัย* ,,,,,,,,,,,,,
03760351-64 หลักการบัญชีภาษีอากร (Principles of Tax Accounting),3,3,700,"วันจันทร์  10:30-12:00,วันพฤหัสบดี  9:00-10:30","ติดต่อผู้สอน , SC14-611","Q26-3 , Q26-4",60,,,,,,,ทิพวรรณ ฤทธิชัย* ,,,,,,,,,,,,,
,3,3,866,"วันอังคาร  13:00-14:30,วันพฤหัสบดี  13:00-14:30","LH2-301 , LH2-301","Q26-3 , Q26-4 , Q26-5",100,,,,,,,ทิพวรรณ ฤทธิชัย* ,,,,,,,,,,,,,
03760361-64 ระบบสารสนเทศทางการบัญชี (Accounting Information Systems),3,3,700,"วันอังคาร  10:30-12:00,วันพฤหัสบดี  10:30-12:00","SC14-611 , SC14-611",Q26-3,60,,,,,,,นันทวัจน์ ปัญญายศธนากรณ์* ,,,,,,,,,,,,,
,3,3,866,"วันจันทร์  18:00-19:30,วันพุธ  18:00-19:30","LH2-201 , LH2-201",Q26-3,100,,,,,,,นันทวัจน์ ปัญญายศธนากรณ์* ,,,,,,,,,,,,,
03760421-64 มาตรฐานการรายงานทางการเงิน (Financial Reporting Standards),3,3,700,"วันจันทร์  10:00-11:30,วันพุธ  10:00-11:30","SC14-611 , SC14-611","Q26-4 , Q26-5",65,,,,,,,เพชรศิริณ ทองเปลว* ,,,,,,,,,,,,,
,3,3,866,"วันอังคาร  15:00-16:30,วันพฤหัสบดี  15:00-16:30","KH80-201 , KH80-201","Q26-4 , Q26-5",80,,,,,,,เพชรศิริณ ทองเปลว* ,,,,,,,,,,,,,
03760422-64 การบัญชีกิจการเฉพาะ (Accounting for Specific Enterprises),3,3,700,"วันอังคาร  9:00-10:30,วันพฤหัสบดี  9:00-10:30","SC14-612 , SC14-612","Q26-4 , Q26-5",65,,,,,,,เกษศิณี ศิริรุ่งวัฒนชัย* ,,,,,,,,,,,,,
,3,3,866,"วันจันทร์  10:30-12:00,วันอังคาร  10:30-12:00","LH2-204 , SC14-525","Q26-4 , Q26-5",80,,,,,,,เกษศิณี ศิริรุ่งวัฒนชัย* ,,,,,,,,,,,,,
03760431-64 การวางแผนและการควบคุมกำไร (Profit Planning and Control),3,3,700,"วันอังคาร  10:30-12:00,วันพฤหัสบดี  10:30-12:00","SC14-612 , SC14-612","Q26-4 , Q26-5",65,,,,,,,ทิพวรรณ ฤทธิชัย* ,,,,,,,,,,,,,
,3,3,866,"วันอังคาร  9:30-10:30,วันพุธ  10:30-12:00","LH4-304 , LH2-302","Q26-4 , Q26-5",80,,,,,,,ทิพวรรณ ฤทธิชัย* ,,,,,,,,,,,,,
03760433-64 การบัญชีเพื่อการจัดการสิ่งแวดล้อม (Environmental Management Accounting),3,2,700,"วันจันทร์  14:30-15:30,วันพุธ  14:30-15:30","LH4-305 , LH3-305",Q26-4,65,,,,,,,ทิพวรรณ ฤทธิชัย* ,,,,,,,,,,,,,
,,,,,,,,1,711,"วันจันทร์  15:30-16:30,วันพุธ  15:30-16:30","LH4-305 , LH3-305",Q26-4,65,ทิพวรรณ ฤทธิชัย* ,,,,,,,,,,,,,
,3,2,866,"วันอังคาร  16:30-17:30,วันพฤหัสบดี  16:30-17:30","LH4-305 , LH4-305","Q26-4 , Q26-5",80,,,,,,,ทิพวรรณ ฤทธิชัย* ,,,,,,,,,,,,,
,,,,,,,,1,866,"วันอังคาร  17:30-18:30,วันพฤหัสบดี  17:30-18:30","LH4-305 , LH4-305","Q26-4 , Q26-5",80,ทิพวรรณ ฤทธิชัย* ,,,,,,,,,,,,,
03760434-64 การบัญชีบริหารเชิงกลยุทธ์ (Strategic Managerial Accounting),3,3,700,"วันอังคาร  13:00-14:30,วันพฤหัสบดี  13:00-14:30","KH80-203 , KH80-203","Q26-4 , Q26-5",65,,,,,,,ชุดาพร สอนภักดี* ,,,,,,,,,,,,,
,3,3,866,"วันจันทร์  9:00-10:30,วันพุธ  9:00-10:30","LH4-305 , LH4-503","Q26-4 , Q26-5",80,,,,,,,ชุดาพร สอนภักดี* ,,,,,,,,,,,,,
03760497-64 สัมมนา (Seminar),1,1,700,วันจันทร์  16:30-17:30,LH2-206,"Q26-4 , Q26-5",65,,,,,,,ทิพวรรณ ฤทธิชัย* ,,,,,,,,,,,,,
,1,1,866,วันพุธ  18:00-19:00,LH2-206,"Q26-4 , Q26-5",80,,,,,,,ทิพวรรณ ฤทธิชัย* ,,,,,,,,,,,,,
03760498-64 ปัญหาพิเศษ (Special Problems),,,,,,,,3,711,"วันอังคาร  17:30-19:00,วันพฤหัสบดี  17:30-19:00","ติดต่อผู้สอน , ติดต่อผู้สอน","Q26-4 , Q26-5",65,ชุดาพร สอนภักดี* ,,,,,,,,,,,,,
,,,,,,,,3,866,"วันจันทร์  19:00-20:30,วันพุธ  19:00-20:30","ติดต่อผู้สอน , ติดต่อผู้สอน","Q26-4 , Q26-5",80,ชุดาพร สอนภักดี* ,,,,,,,,,,,,,
03761111-00 หลักการผลิตและการดำเนินการ (Principles of Production and Operations),3,3,700,วันอังคาร  17:30-20:30,LH3-210,"Q26-2 , Q26-3",65,,,,,,,เขวิกา สุขเอี่ยม* ,,,,,,,,,,,,,
,3,3,701,"วันจันทร์  18:00-19:30,วันศุกร์  16:00-17:30","LH4-101 , LH4-101","H08-3 , H09-3 , H08-4 , H09-4 , H03-5",100,,,,,,,เชิญขวัญ ขำเปรม* ,,,,,,,,,,,,,
,3,3,855,"วันจันทร์  18:00-19:30,วันศุกร์  16:00-17:30","LH4-101 , LH4-101","H08-3 , H09-3 , H08-4 , H09-4",150,,,,,,,สุนทรัตร์ แสงงาม* ,,,,,,,,,,,,,
,3,3,866,วันจันทร์  9:00-12:00,LH2-201,"Q26-2 , Q26-3",100,,,,,,,เขวิกา สุขเอี่ยม* ,,,,,,,,,,,,,
03763214-59 การพัฒนาบุคลิกภาพสำหรับการบริการในธุรกิจโรงแรมและท่องเที่ยว (Personality Development for Service in Hotel and Tourism Business),3,3,700,"วันอังคาร  13:00-14:30,วันพฤหัสบดี  16:00-17:30","LH3-209 , LH2-203",H08-4X,61,,,,,,,อรธีรา มนูจันทรัถ* ,,,,,,,,,,,,,
,3,3,855,"วันอังคาร  16:00-17:30,วันพุธ  13:00-14:30","P504 , P415",H08-4X,30,,,,,,,เชิญขวัญ ขำเปรม* ,,,,,,,,,,,,,
03763221-64 การจัดการงานบริการส่วนหน้า (Front Office Management),3,3,700,"วันจันทร์  13:00-14:30,วันพุธ  13:00-14:30","P301 , SIL-LH106","H08-3 , H08-5X , H09-5X",55,,,,,,,บริสุทธิ์ แสนคำ* ,,,,,,,,,,,,,
,3,3,855,วันอังคาร  14:30-17:30,SIL-LH102,H08-3,86,,,,,,,บริสุทธิ์ แสนคำ* ,,,,,,,,,,,,,
,3,3,856,"วันจันทร์  13:00-14:30,วันพุธ  13:00-14:30","ติดต่อผู้สอน , ติดต่อผู้สอน",H08-3,5,,,,,,,บริสุทธิ์ แสนคำ* ,,,,,,,,,,,,,
03763242-64 การจัดการและการดำเนินงานแม่บ้าน (Housekeeping Management and Operations),3,2,700,วันจันทร์  10:00-12:00,P415,H08-3,55,,,,,,,อริยา พงษ์พานิช* ,,,,,,,,,,,,,
,,,,,,,,1,711,วันพฤหัสบดี  10:00-12:00,P505,H08-3,55,อริยา พงษ์พานิช* ,,,,,,,,,,,,,
,3,2,855,วันจันทร์  12:30-14:30,SIL-LH104,H08-3,86,,,,,,,พรรษพล คำไล้,,,,,,,,,,,,,
,,,,,,,,1,855,วันจันทร์  14:30-16:30,SIL-LH104,-,86,พรรษพล คำไล้,,,,,,,,,,,,,
,3,2,856,วันจันทร์  8:00-10:00,ติดต่อผู้สอน,"H08-3 , H08-4X",5,,,,,,,บริสุทธิ์ แสนคำ* ,,,,,,,,,,,,,
,,,,,,,,1,856,วันจันทร์  10:00-12:00,ติดต่อผู้สอน,"H08-4X , H08-3",5,บริสุทธิ์ แสนคำ* ,,,,,,,,,,,,,
03763251-64 ระบบการขนส่งในการท่องเที่ยว (Transportation Systems in Tourism),3,3,700,"วันจันทร์  14:30-16:00,วันพฤหัสบดี  10:30-12:00","SIL102 , SIL102",H09-3,49,,,,,,,อิสระพงษ์ พลธานี* ,,,,,,,,,,,,,
,3,3,855,"วันอังคาร  14:30-16:00,วันพฤหัสบดี  14:30-16:00","P407 , P407",H09-3,77,,,,,,,อุมาพร บุญเพชรแก้ว* ,,,,,,,,,,,,,
03763253-64 มัคคุเทศก์ (Tour Guide),3,3,700,วันอังคาร  9:00-12:00,SIL103,H09-3,49,,,,,,,นุจนาถ นรินทร์* ,,,,,,,,,,,,,
,3,3,855,วันพุธ  13:00-16:00,LH3-211,H09-3,77,,,,,,,อิสระพงษ์ พลธานี* ,,,,,,,,,,,,,
03763321-64 การสื่อสารในธุรกิจโรงแรม (Communication in Hotel Business),3,3,700,"วันจันทร์  14:30-16:00,วันพุธ  14:30-16:00","P301 , SIL-LH106","H08-3 , H08-5X , H09-5X",55,,,,,,,บริสุทธิ์ แสนคำ* ,,,,,,,,,,,,,
,3,3,855,วันพฤหัสบดี  14:30-17:30,SIL-LH106,H08-3,86,,,,,,,บริสุทธิ์ แสนคำ* ,,,,,,,,,,,,,
,3,3,856,"วันจันทร์  14:30-16:00,วันพุธ  14:30-16:00","ติดต่อผู้สอน , ติดต่อผู้สอน",H08-3,5,,,,,,,บริสุทธิ์ แสนคำ* ,,,,,,,,,,,,,
03763324-64 การจัดการและดำเนินงานร้านกาแฟ (Cafe Management and Operations),3,2,700,วันพฤหัสบดี  16:00-18:00,LH3-209,H08-3,55,,,,,,,อิสระพงษ์ พลธานี* ,,,,,,,,,,,,,
,,,,,,,,1,711,วันศุกร์  16:00-18:00,LH3-209,H08-3,55,อิสระพงษ์ พลธานี* ,,,,,,,,,,,,,
,3,2,855,วันศุกร์  16:00-18:00,LH4-503,"H08-3 , H09-5X , H09-4X , H08-4X",86,,,,,,,จิรชัย หมื่นฤทธิ์,,,,,,,,,,,,,
,,,,,,,,1,855,วันศุกร์  18:00-20:00,LH4-503,"H08-3 , H09-4X , H09-5X , H08-4X",86,จิรชัย หมื่นฤทธิ์,,,,,,,,,,,,,
03763325-64 การจัดการงานจัดเลี้ยง (Catering Management),3,3,700,"วันพุธ  14:30-16:00,วันศุกร์  9:00-10:30","LH3-210 , LH3-209",H08-4X,61,,,,,,,อรธีรา มนูจันทรัถ* ,,,,,,,,,,,,,
,3,3,855,"วันพุธ  14:30-16:00,วันพฤหัสบดี  14:30-16:00","P415 , P415",-,30,,,,,,,เชิญขวัญ ขำเปรม* ,,,,,,,,,,,,,
03763355-64 เทคโนโลยีสารสนเทศในธุรกิจท่องเที่ยว (Information Technology in Tourism Business),3,2,700,วันจันทร์  8:30-10:30,LH3-204,H09-3,49,,,,,,,อิสระพงษ์ พลธานี* ,,,,,,,,,,,,,
,,,,,,,,1,711,วันจันทร์  10:30-12:30,LH3-204,H09-3,49,อิสระพงษ์ พลธานี* ,,,,,,,,,,,,,
,3,2,855,วันอังคาร  16:00-18:00,P310,H09-3,77,,,,,,,อุมาพร บุญเพชรแก้ว* ,,,,,,,,,,,,,
,,,,,,,,1,855,วันอังคาร  18:00-20:00,P310,H09-3,77,อุมาพร บุญเพชรแก้ว* ,,,,,,,,,,,,,
03763374-64 การจัดการธุรกิจการบิน (Airline Business Management),3,3,855,ติดต่อผู้สอน,ติดต่อผู้สอน,H09-4X,2,,,,,,,วรท พานิชวิทย์ พิณแพทย์,,,,,,,,,,,,,
03763464-64 การจัดการงานเทศกาล (Festival Management),3,3,700,วันพุธ  14:00-17:00,SILLH104,"H09-3 , H09-4 , H08-5X , H09-5X",81,,,,,,,ศุศราภรณ์ แต่งตั้งลำ* ,,,,,,,,,,,,,
,3,3,855,วันพฤหัสบดี  16:00-19:00,P310,"H09-3 , H09-4",92,,,,,,,ศุศราภรณ์ แต่งตั้งลำ* ,,,,,,,,,,,,,
03763465-64 การพัฒนาการท่องเที่ยวแบบยั่งยืน (Sustainable Tourism Development),3,3,700,"วันอังคาร  13:00-14:30,วันพฤหัสบดี  13:00-14:30","SILLH102 , SILLH106",H09-4,35,,,,,,,บริสุทธิ์ แสนคำ* ,,,,,,,,,,,,,
,3,3,855,วันพุธ  13:00-16:00,LH3-203,H09-4X,14,,,,,,,อุมาพร บุญเพชรแก้ว* ,,,,,,,,,,,,,
03763491-59 ระเบียบวิธีวิจัยทางธุรกิจโรงแรมและท่องเที่ยว (Research Methods in Hotel and Tourism Business),3,3,700,"วันจันทร์  16:00-17:30,วันพฤหัสบดี  10:30-12:00","P307 , P310","H08-4X , H09-4X",95,,,,,,,เชิญขวัญ ขำเปรม* ,,,,,,,,,,,,,
,3,3,855,"วันจันทร์  13:00-14:30,วันพฤหัสบดี  9:00-10:30","SIL102 , SIL102",-,45,,,,,,,อิสระพงษ์ พลธานี* ,,,,,,,,,,,,,
03763491-64 ระเบียบวิธีวิจัยทางอุตสาหกรรมการบริการ (Research Methods in Hospitality Industry),3,3,700,"วันจันทร์  16:00-17:30,วันพฤหัสบดี  10:30-12:00","P307 , P310","H08-4X , H09-4X",95,,,,,,,เชิญขวัญ ขำเปรม* ,,,,,,,,,,,,,
,3,3,855,"วันจันทร์  13:00-14:30,วันพฤหัสบดี  9:00-10:30","SIL102 , SIL102","H08-4X , H09-4X",45,,,,,,,อิสระพงษ์ พลธานี* ,,,,,,,,,,,,,
วิทยาลัยบูรณาการศาสตร์,,,,,,,,,,,,,,,,,,,,,,,,,,,
01999011-67 อาหารเพื่อมนุษยชาติ (Food for Mankind),3,3,700,"วันพฤหัสบดี  14:30-16:00,วันศุกร์  13:00-14:30","LH4-104 , LH4-104","A50-1 , E36-4 , H12-1",300,,,,,,,"บุบผา คงสมัย*  , วันชัย วรวัฒนเมธีกุล , อนุรักษ์ อรัญญนาค , ปุญญิศา ตระกูลยิ่งเจริญ , สุกัญญา รัตนทับทิมทอง , ศศิกานต์ เกตุมาลา , พัชราภรณ์ ถิ่นจันทร์ , จักรพงศ์ ภิญโญ",,,,,,,,,,,,,
01999012-67 สุขภาพเพื่อชีวิต (Health for Life),3,3,700,"วันศุกร์  9:00-10:30,วันศุกร์  13:00-14:30","LH4-304 , LH4-304","E24-2 , ALL",300,,,,,,,"ศิรประภา เปรมเจริญ*  , ชัยวัฒน์ วามวรรัตน์ , อัจฉรา ปุราคม , พัชราภา ตันติชูเวช , ชลาลัย เรืองหิรัญ , ธัญญลักษณ์ ขันธะมูล",,,,,,,,,,,,,
,3,3,701,"วันพฤหัสบดี  13:00-14:30,วันศุกร์  10:30-12:00","LH4-304 , LH4-304","F79-1 , ALL",300,,,,,,,"ศิรประภา เปรมเจริญ*  , ชัยวัฒน์ วามวรรัตน์ , อัจฉรา ปุราคม , พัชราภา ตันติชูเวช , ชลาลัย เรืองหิรัญ , ธัญญลักษณ์ ขันธะมูล",,,,,,,,,,,,,
,3,3,890,วันพฤหัสบดี  15:00-18:00,LH4-102,"E , H , Q , S",150,,,,,,,"ศิรประภา เปรมเจริญ*  , ชัยวัฒน์ วามวรรัตน์ , อัจฉรา ปุราคม , พัชราภา ตันติชูเวช , ชลาลัย เรืองหิรัญ , ธัญญลักษณ์ ขันธะมูล",,,,,,,,,,,,,
01999013-67 พลเมืองดิจิทัล (Digital Citizens),3,2,700,"วันอังคาร  16:30-17:30,วันพฤหัสบดี  16:30-17:30","LH3-202 , LH3-202",ALL,50,,,,,,,ธีรศักดิ์ สร้อยคีรี* ,,,,,,,,,,,,,
,3,2,701,วันศุกร์  13:00-15:00,LH2-206,F77-2,80,,,,,,,ธีรศักดิ์ สร้อยคีรี* ,,,,,,,,,,,,,
,,,,,,,,1,711,"วันอังคาร  17:30-18:30,วันพฤหัสบดี  17:30-18:30","LH3-202 , LH3-202",ALL,99,ธีรศักดิ์ สร้อยคีรี* ,,,,,,,,,,,,,
,,,,,,,,1,712,วันศุกร์  15:00-17:00,LH2-206,F77-2,80,ธีรศักดิ์ สร้อยคีรี* ,,,,,,,,,,,,,
01999021-67 ภาษาไทยเพื่อการสื่อสารในงานวิชาการและวิชาชีพ (Thai Language for Academic and Professional Communication),3,3,700,"วันจันทร์  9:00-10:30,วันพุธ  9:00-10:30","LH3-301 , LH3-301","B03-2 , E24-2 , F39-2 , H05-1 , Q06-2",350,,,,,,,"กาญจนา โรจนพานิช*  , ปัทมา เหมือนสมัย",,,,,,,,,,,,,
,3,3,701,"วันอังคาร  13:00-14:30,วันพฤหัสบดี  13:00-14:30","LH3-301 , LH3-301","A50-1 , A34-1 , E29-1",350,,,,,,,"กาญจนา โรจนพานิช*  , ปัทมา เหมือนสมัย",,,,,,,,,,,,,
01999031-67 มรดกอารยธรรมโลก (The Heritage of World Civilizations),3,3,700,วันศุกร์  9:00-12:00,LH4-301,"Q02-1 , Q22-1 , ALL",250,,,,,,,"ทิสวัส ธำรงสานต์*  , ภัทรพงศ์ คงวัฒนา , ขนิษฐา สุขสง",,,,,,,,,,,,,
01999033-67 ศิลปะการดำเนินชีวิต (Arts of Living),3,3,700,"วันจันทร์  13:00-14:30,วันพุธ  13:00-14:30","LH4-104 , LH4-104","Q26-4 , ALL",300,,,,,,,สุเมธ ชัยไธสง* ,,,,,,,,,,,,,
,3,3,701,"วันจันทร์  10:30-12:00,วันพุธ  10:30-12:00","LH2-302 , LH2-304",ALL,300,,,,,,,สุเมธ ชัยไธสง* ,,,,,,,,,,,,,
,3,3,702,"วันอังคาร  13:00-14:30,วันพฤหัสบดี  13:00-14:30","LH4-104 , LH4-104","Q09-1 , ALL",300,,,,,,,สุเมธ ชัยไธสง* ,,,,,,,,,,,,,
,3,3,890,"วันจันทร์  15:00-16:30,วันพุธ  15:00-16:30","LH4-104 , LH4-104","Q26-4 , ALL",200,,,,,,,สุเมธ ชัยไธสง* ,,,,,,,,,,,,,
01999035-67 วัฒนธรรมดนตรีกับชีวิต (Music Culture in Life),3,3,700,วันจันทร์  15:00-18:00,LH4-101,"ALL , F82-1 , Q28-1 , F79-3",300,,,,,,,ยศพนธ์ นิตย์แสวง* ,,,,,,,,,,,,,
,3,3,701,วันศุกร์  13:00-16:00,LH4-101,"Q10-2 , B03-2 , E24-4",300,,,,,,,ยศพนธ์ นิตย์แสวง* ,,,,,,,,,,,,,
,3,3,890,วันจันทร์  9:00-12:00,LH3-302,"H04 , Q02 , Q03 , Q05 , Q08 , Q10 , Q26 , E06 , E37 , E38 , S02 , H01 , H03 , H05 , H07 , H08 , H09 , H10 , H11 , H12 , H13",200,,,,,,,ยศพนธ์ นิตย์แสวง* ,,,,,,,,,,,,,
01999041-67 เศรษฐศาสตร์เพื่อการดำเนินชีวิตที่ดี (Economics for Better Living),3,3,700,"วันจันทร์  10:30-12:00,วันพุธ  10:30-12:00","LH4-102 , LH4-102","Q04-2 , Q06-4 , F39-3 , F81-3",300,,,,,,,"อังคณา ธนานุภาพพันธุ์*  , วลี สงสุวงค์ , พงศ์พันธ์ ศรีเมือง , จุรีวรรณ จันพลา , โสภณ สระทองมา , พชร ใจอารีย์ , ทัตเทพ ทวีไทย",,,,,,,,,,,,,
,3,3,701,"วันอังคาร  10:30-12:00,วันพฤหัสบดี  10:30-12:00","LH2-301 , LH2-301","ALL , H05-1",300,,,,,,,"อังคณา ธนานุภาพพันธุ์*  , วลี สงสุวงค์ , พงศ์พันธ์ ศรีเมือง , จุรีวรรณ จันพลา , โสภณ สระทองมา , พชร ใจอารีย์ , ทัตเทพ ทวีไทย",,,,,,,,,,,,,
,3,3,702,"วันจันทร์  14:30-16:00,วันพุธ  14:30-16:00","LH3-301 , LH3-301","Q02-1 , Q09-1 , Q07-2 , A34-2 , E37-2",304,,,,,,,"อังคณา ธนานุภาพพันธุ์*  , วลี สงสุวงค์ , พงศ์พันธ์ ศรีเมือง , จุรีวรรณ จันพลา , โสภณ สระทองมา , พชร ใจอารีย์ , ทัตเทพ ทวีไทย",,,,,,,,,,,,,
01999091-67 การพัฒนาตนเองผ่านการเรียนรู้นอกห้องเรียน (Self-Development through Outside Classroom Learning),8,1,700,ยังไม่มีการกำหนดวัน-เวลาเรียน,ยังไม่มีการกำหนดห้องเรียน,-,300,,,,,,,พจมาน พูลมี* ,,,,,,,,,,,,,
,8,1,701,ยังไม่มีการกำหนดวัน-เวลาเรียน,ยังไม่มีการกำหนดห้องเรียน,-,300,,,,,,,พจมาน พูลมี* ,,,,,,,,,,,,,
,8,1,702,ยังไม่มีการกำหนดวัน-เวลาเรียน,ยังไม่มีการกำหนดห้องเรียน,-,300,,,,,,,พจมาน พูลมี* ,,,,,,,,,,,,,
,8,1,890,ยังไม่มีการกำหนดวัน-เวลาเรียน,ยังไม่มีการกำหนดห้องเรียน,-,300,,,,,,,พจมาน พูลมี* ,,,,,,,,,,,,,
,8,1,891,ยังไม่มีการกำหนดวัน-เวลาเรียน,ยังไม่มีการกำหนดห้องเรียน,-,300,,,,,,,พจมาน พูลมี* ,,,,,,,,,,,,,
,8,1,893,ยังไม่มีการกำหนดวัน-เวลาเรียน,ยังไม่มีการกำหนดห้องเรียน,-,300,,,,,,,พจมาน พูลมี* ,,,,,,,,,,,,,
01999092-67 การพัฒนาตนเองผ่านกิจกรรมการเรียนรู้ (Self-Development through Learning Activities),,,,,,,,1,700,ยังไม่มีการกำหนดวัน-เวลาเรียน,ยังไม่มีการกำหนดห้องเรียน,-,300,พจมาน พูลมี* ,,,,,,,,,,,,,
,,,,,,,,1,701,ยังไม่มีการกำหนดวัน-เวลาเรียน,ยังไม่มีการกำหนดห้องเรียน,-,300,พจมาน พูลมี* ,,,,,,,,,,,,,
,,,,,,,,1,702,ยังไม่มีการกำหนดวัน-เวลาเรียน,ยังไม่มีการกำหนดห้องเรียน,-,300,พจมาน พูลมี* ,,,,,,,,,,,,,
,,,,,,,,1,890,ยังไม่มีการกำหนดวัน-เวลาเรียน,ยังไม่มีการกำหนดห้องเรียน,-,300,พจมาน พูลมี* ,,,,,,,,,,,,,
,,,,,,,,1,891,ยังไม่มีการกำหนดวัน-เวลาเรียน,ยังไม่มีการกำหนดห้องเรียน,-,300,พจมาน พูลมี* ,,,,,,,,,,,,,
,,,,,,,,1,892,ยังไม่มีการกำหนดวัน-เวลาเรียน,ยังไม่มีการกำหนดห้องเรียน,-,300,พจมาน พูลมี* ,,,,,,,,,,,,,
01999093-67 การพัฒนาตนเองผ่านประสบการณ์ทำงาน (Self-Development through Work Experience),,,,,,,,1,700,ยังไม่มีการกำหนดวัน-เวลาเรียน,ยังไม่มีการกำหนดห้องเรียน,-,300,พจมาน พูลมี* ,,,,,,,,,,,,,
,,,,,,,,1,701,ยังไม่มีการกำหนดวัน-เวลาเรียน,ยังไม่มีการกำหนดห้องเรียน,-,300,พจมาน พูลมี* ,,,,,,,,,,,,,
,,,,,,,,1,702,ยังไม่มีการกำหนดวัน-เวลาเรียน,ยังไม่มีการกำหนดห้องเรียน,-,300,พจมาน พูลมี* ,,,,,,,,,,,,,
,,,,,,,,1,890,ยังไม่มีการกำหนดวัน-เวลาเรียน,ยังไม่มีการกำหนดห้องเรียน,-,300,พจมาน พูลมี* ,,,,,,,,,,,,,
,,,,,,,,1,891,ยังไม่มีการกำหนดวัน-เวลาเรียน,ยังไม่มีการกำหนดห้องเรียน,-,300,พจมาน พูลมี* ,,,,,,,,,,,,,
,,,,,,,,1,892,ยังไม่มีการกำหนดวัน-เวลาเรียน,ยังไม่มีการกำหนดห้องเรียน,-,300,พจมาน พูลมี* ,,,,,,,,,,,,,
01999111-68 เกษตรศาสตร์สร้างศาสตร์แห่งแผ่นดิน (Kasetsart Creating Knowledge of the Land),2,2,700,วันจันทร์  8:00-10:00,LH4-303,A50-1,140,,,,,,,"จำเนียร ชมภู*  , ภาสันต์ ศารทูลทัต , วิภาวรรณ ท้ายเมือง , รุ่งทิพย์ มาศเมธาทิพย์ , เกษมสันต์ สกุลรัตน์ , กนกวรรณ เที่ยงธรรม , พิมลวรรณ เกตพันธ์",,,,,,,,,,,,,
,2,2,701,วันศุกร์  9:00-11:00,KH80-206,A27-1,65,,,,,,,"สุณัฏฐา อัฐฐิศิลป์เวท*  , พงศ์ศักดิ์ ชลธนสวัสดิ์ , สมบัติ ขาวประทีป , ชวลิต คณากรสุขสันต์ , ธวัชชัย เกิดสุข , ภาวิต ตั้งวงศ์กิจ , นนทวัชร์ ชัยณรงค์",,,,,,,,,,,,,
,2,2,702,วันอังคาร  14:00-16:00,LH2-303,A33-1,103,,,,,,,"วันวิสา ชุ่มเงิน*  , วิราวรรณ นุชนารถ , วนิดา สืบสายพรหม , สุกัญญา รัตนทับทิมทอง , ศิริรัตน์ บัวผัน , คงปฐม กาญจนเสริม , สุรพันธ์ จิตวิริยนนท์ , สุธิษา มาเจริญ , ขุนพล พงษ์มณี",,,,,,,,,,,,,
,2,2,703,วันศุกร์  8:00-10:00,LH3-305,Q04-1,60,,,,,,,"พริมา พิริยางกูร*  , ฐิติ กาญจนเกตุ",,,,,,,,,,,,,
,2,2,704,วันศุกร์  8:00-10:00,LH4-606,Q07-1,35,,,,,,,"ฤดีรัตน์ สันตะโก*  , สุนทรี แสงจันทร์ , วีรนุช แก้ววิเศษ",,,,,,,,,,,,,
,2,2,705,วันพุธ  15:00-17:00,LH2-204,A34-1,52,,,,,,,"วิราวรรณ นุชนารถ*  , ษมาภร สิงหพันธุ์ , นงภัทร ไชยชนะ , ทวี เหล่าดิ้ม",,,,,,,,,,,,,
,2,2,706,วันพุธ  14:30-17:30,LH4-301,B03-1,90,,,,,,,อัครศิริ แสงสว่าง* ,,,,,,,,,,,,,
,2,2,707,วันอังคาร  10:00-12:00,EDS3-401,F39-1,80,,,,,,,"นิรันดร์ ยิ่งยวด*  , พัชราภา กล้าหาญ",,,,,,,,,,,,,
,2,2,708,วันศุกร์  8:00-10:00,LH2-301,F77-1,90,,,,,,,ศุภวรรณ วงศ์สร้างทรัพย์* ,,,,,,,,,,,,,
,2,2,709,วันศุกร์  8:00-10:00,LH2-203,F78-1,60,,,,,,,สุภิญญา ปัญญาสีห์* ,,,,,,,,,,,,,
,2,2,710,วันศุกร์  8:00-10:00,LH2-204,F79-1,60,,,,,,,กนิษฐา เชาว์วัฒนกุล* ,,,,,,,,,,,,,
,2,2,711,วันศุกร์  8:00-10:00,LH2-205,F80-1,60,,,,,,,วิทัศน์ ฝักเจริญผล* ,,,,,,,,,,,,,
,2,2,712,วันศุกร์  8:00-10:00,E9501,E03-1,60,,,,,,,วัชมา โพธิ์ทอง* ,,,,,,,,,,,,,
,2,2,713,วันศุกร์  10:00-12:00,E9501,E04-1,60,,,,,,,"ปิโยรส ขอนดอก , สมชาย ดอนเจดีย์* ",,,,,,,,,,,,,
,2,2,714,วันศุกร์  10:00-12:00,E6315,E38-1,55,,,,,,,กมล อมรฟ้า* ,,,,,,,,,,,,,
,2,2,715,วันศุกร์  13:00-15:00,E4403,E36-1,50,,,,,,,สุกัญญา วิชชุกิจ* ,,,,,,,,,,,,,
,2,2,716,วันอังคาร  16:00-18:00,E9202,E24-1,60,,,,,,,"วรญา เนื่องมัจฉา*  , อธิวัฒน์ บุญมี , ภัทรพงษ์ ภาคภูมิ , วรุตม์ บุญภักดี , ชัยมงคล ลิ้มเพียรชอบ , ปริญญา พัฒนวสันต์พร , อณจ ชัยมณี , ศศรส ใจจิตร์ , จิรเกียรติ ทรายทอง , ปริญญา กวีกิจบัณฑิต",,,,,,,,,,,,,
,2,2,717,วันศุกร์  13:00-15:00,E9501,E29-1,60,,,,,,,กายรัฐ เจริญราษฎร์* ,,,,,,,,,,,,,
,2,2,718,วันพุธ  8:30-10:30,LH3-304,Q02-1,90,,,,,,,โสภณ สระทองมา* ,,,,,,,,,,,,,
,2,2,719,วันศุกร์  10:00-12:00,LH3-210,Q03-1,60,,,,,,,"ฐิติ กาญจนเกตุ*  , กฤษณะ ตรีฉลอง",,,,,,,,,,,,,
,2,2,720,วันอังคาร  16:00-18:00,LH2-203,Q05-1,50,,,,,,,"ปัญญาพร ปรางจโรจน์ , สกาวรัตน์ จงพัฒนากร* ",,,,,,,,,,,,,
,2,2,721,วันศุกร์  13:00-15:00,LH2-203,Q06-1,60,,,,,,,"สุนันท์ ทิพย์ทิพากร , ปิติ ตรีสุกล , ธนา ไม้หอม , วรางคณา จิตตชุ่ม* ",,,,,,,,,,,,,
,2,2,722,วันศุกร์  13:00-15:00,LH3-304,Q09-1,105,,,,,,,จุฑาทิพย์ โพธิ์อุบล* ,,,,,,,,,,,,,
,2,2,723,วันพุธ  16:00-18:00,SC9-503,Q10-1,80,,,,,,,โสภณ สระทองมา* ,,,,,,,,,,,,,
,2,2,724,วันพุธ  9:00-11:00,LH2-202,H01-1,140,,,,,,,ปิยะพงษ์ เลาศรีรัตนชัย* ,,,,,,,,,,,,,
,2,2,725,วันจันทร์  16:30-18:30,E7215,E37-1,60,,,,,,,นงลักษณ์ เล็กรุ่งเรืองกิจ* ,,,,,,,,,,,,,
,2,2,726,วันพฤหัสบดี  13:00-15:00,LH3-304,Q11-1,45,,,,,,,"ธนิษฐา โกวรรณ์*  , โรจนี ขุมมงคล",,,,,,,,,,,,,
,2,2,727,วันพุธ  16:00-18:00,LH2-304,H11-1,205,,,,,,,อรธีรา มนูจันทรัถ* ,,,,,,,,,,,,,
,2,2,728,วันจันทร์  16:00-18:00,LH4-502,Q26-1,52,,,,,,,โสภณ สระทองมา* ,,,,,,,,,,,,,
,2,2,729,วันศุกร์  13:00-15:00,E7107,E39-1,30,,,,,,,ภวินท์ ธัญภัทรานนท์* ,,,,,,,,,,,,,
,2,2,730,วันอังคาร  16:00-18:00,LH3-209,Q08-1,60,,,,,,,โสภณ สระทองมา* ,,,,,,,,,,,,,
,2,2,731,วันอังคาร  17:00-19:00,LH2-303,H03-1,150,,,,,,,"กฤษณพงศ์ ภู่กลาง , อังคณา ถนอมเกียรติ* ",,,,,,,,,,,,,
,2,2,732,วันพฤหัสบดี  10:00-12:00,KH80-201,H12-1,170,,,,,,,"เขวิกา สุขเอี่ยม*  , อภิญญา สุพิชญ์ , นุจนาถ นรินทร์ , สุวิมล จันโททัย",,,,,,,,,,,,,
,2,2,733,วันศุกร์  13:00-15:00,LH2-303,H13-1,170,,,,,,,"ณภัทร สำราญราษฎร์*  , ชนัญญู ตินตะบุระ , ปฤณพร บุญรังษี",,,,,,,,,,,,,
,2,2,734,วันพฤหัสบดี  10:30-12:30,LH3-305,S02-1,120,,,,,,,"ศิวะ ลียวัฒนานุพงศ์*  , วิมลมาศ ประชากุล",,,,,,,,,,,,,
,2,2,735,วันพุธ  10:00-12:00,SC9-508,Q22-1,95,,,,,,,"สุภณิดา พวงผกา*  , กฤช วีรกุล , ยุภาพร ต๊ะรังษี",,,,,,,,,,,,,
,2,2,736,วันศุกร์  8:00-10:00,LH4-607,F82-1,30,,,,,,,ยศพนธ์ นิตย์แสวง* ,,,,,,,,,,,,,
,2,2,737,วันจันทร์  8:00-10:00,LH4-302,A50-1,140,,,,,,,"นภาพร พันธุ์กมลศิลป์*  , อรอุมา ตนะดุลย์ , สุนิศา สงวนทรัพย์ , ปิยะณัฎฐ์ ผกามาศ , คนึงรัตน์ คำมณี , อมรศรี ขุนอินทร์ , สุนิตรา อุปนันท์ , กุหลาบ เหล่าสาธิต",,,,,,,,,,,,,
,2,2,738,วันศุกร์  13:00-15:00,LH3-209,T02-1,100,,,,,,,"มณีกาญจน์ อยู่เอี่ยม*  , อรรถพล อ่างแก้ว , ธนพัฒน์ จันทร์สระคู",,,,,,,,,,,,,
,2,2,739,วันจันทร์  8:00-10:00,LH4-306,A50-1,130,,,,,,,"จิรัฐินาฏ ถังเงิน*  , เกียรติสุดา เหลืองวิลัย , พรทิพย์ เรือนปานันท์ , วีระพันธุ์ สรีดอกจันทร์ , อัญชนา สุมาลย์โรจน์ , ษมาภร สิงหพันธุ์ , สนธยา สำเภาทอง , จักรพงศ์ ภิญโญ",,,,,,,,,,,,,
,2,2,740,วันศุกร์  8:00-10:00,LH2-201,H05-1,172,,,,,,,ปิยพงศ์ เขตปิยรัตน์* ,,,,,,,,,,,,,
,2,2,743,วันศุกร์  8:00-10:00,LH2-202,H10-1,153,,,,,,,นิรมล ขวาของ* ,,,,,,,,,,,,,
,2,2,744,วันศุกร์  9:00-11:00,LH4-608,Q28-1,40,,,,,,,"อรพรรณ ศังขจันทรานนท์*  , พรไพรินทร์ รุ่งเจริญทอง , อินทิรา ขูดแก้ว , กิตติพจน์ เพิ่มพูล , วิภาดา กันทยศ",,,,,,,,,,,,,
,2,2,800,วันศุกร์  14:00-16:00,LH3-210,Q03-1,80,,,,,,,ฐิติ กาญจนเกตุ* ,,,,,,,,,,,,,
,2,2,809,วันพฤหัสบดี  8:30-10:30,ติดต่อผู้สอน,Q02-1,120,,,,,,,โสภณ สระทองมา* ,,,,,,,,,,,,,
,2,2,815,วันอังคาร  8:30-10:30,LH3-211,Q08-1,100,,,,,,,โสภณ สระทองมา* ,,,,,,,,,,,,,
,2,2,820,วันจันทร์  10:00-12:00,LH3-305,Q05-1,120,,,,,,,"ปัญญาพร ปรางจโรจน์*  , สกาวรัตน์ จงพัฒนากร",,,,,,,,,,,,,
,2,2,825,วันอังคาร  12:30-14:30,KH80-201,Q10-1,80,,,,,,,โสภณ สระทองมา* ,,,,,,,,,,,,,
,2,2,832,วันพฤหัสบดี  8:00-10:00,E4404,E03-1,40,,,,,,,วิจิตรา ภูมิสวัสดิ์* ,,,,,,,,,,,,,
,2,2,833,วันพุธ  13:00-15:00,E6315,E38-1,45,,,,,,,กมล อมรฟ้า* ,,,,,,,,,,,,,
,2,2,855,วันพุธ  16:00-18:00,LH4-103,H11-1,300,,,,,,,บริสุทธิ์ แสนคำ* ,,,,,,,,,,,,,
,2,2,856,วันพุธ  16:00-18:00,LH4-302,H11-1,300,,,,,,,เชิญขวัญ ขำเปรม* ,,,,,,,,,,,,,
,2,2,861,วันศุกร์  13:00-15:00,LH4-602,"S02-1 , S02-2 , S02-3 , S02-4",50,,,,,,,"ศิวะ ลียวัฒนานุพงศ์*  , วิมลมาศ ประชากุล",,,,,,,,,,,,,
,2,2,866,วันพฤหัสบดี  15:00-17:00,LH3-304,Q26,80,,,,,,,โสภณ สระทองมา* ,,,,,,,,,,,,,
,2,2,870,วันพฤหัสบดี  9:00-11:00,LH2-304,H01,230,,,,,,,ปิยะพงษ์ เลาศรีรัตนชัย* ,,,,,,,,,,,,,
,2,2,872,วันพฤหัสบดี  17:00-19:00,LH4-302,H03-1,150,,,,,,,"กฤษณพงศ์ ภู่กลาง*  , อังคณา ถนอมเกียรติ",,,,,,,,,,,,,
,2,2,876,วันพฤหัสบดี  13:00-15:00,LH4-306,H12-1,140,,,,,,,"เขวิกา สุขเอี่ยม*  , อภิญญา สุพิชญ์ , นุจนาถ นรินทร์ , สุวิมล จันโททัย",,,,,,,,,,,,,
,2,2,878,วันศุกร์  9:00-11:00,LH3-302,H13-1,200,,,,,,,"ณภัทร สำราญราษฎร์*  , ชนัญญู ตินตะบุระ , ปฤณพร บุญรังษี",,,,,,,,,,,,,
,2,2,880,วันศุกร์  10:00-12:00,LH2-202,H10-1,160,,,,,,,นิรมล ขวาของ* ,,,,,,,,,,,,,
,2,2,882,วันพุธ  13:00-15:00,LH2-201,H05-1,220,,,,,,,ชนม์ชนก ชิตประเสริฐ* ,,,,,,,,,,,,,
01999141-67 มนุษย์กับสังคม (Man and Society),3,3,700,วันจันทร์  13:00-16:00,LH4-103,"Q04-3 , ALL",300,,,,,,,"พิมพ์ธรรม เอื้อเฟื้อ*  , ภัทรานิษฐ์ ศรีมงคล , วลี สงสุวงค์ , จุรีวรรณ จันพลา , กันต์ธกรณ์ เขาทอง",,,,,,,,,,,,,
,3,3,701,วันพุธ  15:00-18:00,LH2-303,"Q10-2 , T02-2 , ALL",300,,,,,,,"พิมพ์ธรรม เอื้อเฟื้อ*  , ภัทรานิษฐ์ ศรีมงคล , วลี สงสุวงค์ , จุรีวรรณ จันพลา , กันต์ธกรณ์ เขาทอง",,,,,,,,,,,,,
,3,3,890,วันพฤหัสบดี  13:00-16:00,LH4-103,"Q10-3 , ALL",300,,,,,,,"พิมพ์ธรรม เอื้อเฟื้อ*  , ภัทรานิษฐ์ ศรีมงคล , วลี สงสุวงค์ , จุรีวรรณ จันพลา , กันต์ธกรณ์ เขาทอง",,,,,,,,,,,,,
"01999213-64 สิ่งแวดล้อม เทคโนโลยี และชีวิต (Environment, Technology and Life)",3,3,700,"วันศุกร์  8:30-10:00,วันศุกร์  13:00-14:30","LH3-301 , LH3-301","E24-2 , ALL",300,,,,,,,"พุทธพร ส่องศรี*  , ชัยณรงค์ รัตนกรีฑากุล , ชัยวัฒน์ วามวรรัตน์ , ประภา โซ๊ะสลาม , พริมา พิริยางกูร , วีระพันธุ์ สรีดอกจันทร์ , ศิรประภา เปรมเจริญ",,,,,,,,,,,,,
,3,3,890,"วันอังคาร  18:30-20:00,วันพฤหัสบดี  18:30-20:00","LH3-301 , LH3-301",ALL,300,,,,,,,"พุทธพร ส่องศรี*  , ชัยณรงค์ รัตนกรีฑากุล , ชัยวัฒน์ วามวรรัตน์ , ประภา โซ๊ะสลาม , พริมา พิริยางกูร , วีระพันธุ์ สรีดอกจันทร์ , ศิรประภา เปรมเจริญ",,,,,,,,,,,,,
วิทยาศาสตร์,,,,,,,,,,,,,,,,,,,,,,,,,,,
01401114-66 พฤกษศาสตร์ทั่วไป (General Botany),3,2,700,วันจันทร์  10:00-12:00,LH4-104,"A28-2 , A29-2 , A32-2 , A38-2 , F80-2 , Q28-2",240,,,,,,,"กิตติพจน์ เพิ่มพูล*  , วิภาดา กันทยศ , ศิริพร ศรีภิญโญวณิชย์ , ทิพรดา พูลสวัสดิ์ , พิมพ์ชนก สตภูมินทร์ , สหณัฐ เพชรศรี , อรพรรณ ศังขจันทรานนท์",,,,,,,,,,,,,
,3,2,701,วันพุธ  10:00-12:00,LH4-104,"A31-2 , A37-2",120,,,,,,,"กิตติพจน์ เพิ่มพูล*  , วิภาดา กันทยศ , ศิริพร ศรีภิญโญวณิชย์ , ทิพรดา พูลสวัสดิ์ , พิมพ์ชนก สตภูมินทร์ , สหณัฐ เพชรศรี , อรพรรณ ศังขจันทรานนท์",,,,,,,,,,,,,
,,,,,,,,1,711,วันจันทร์  13:00-16:00,SC3-201,A29-2,32,"สหณัฐ เพชรศรี , อรพรรณ ศังขจันทรานนท์",,,,,,,,,,,,,
,,,,,,,,1,712,วันจันทร์  13:00-16:00,SC3-203,A29-2,33,"กิตติพจน์ เพิ่มพูล*  , ทิพรดา พูลสวัสดิ์",,,,,,,,,,,,,
,,,,,,,,1,713,วันอังคาร  14:00-17:00,SC3-201,A28-2,25,"พรไพรินทร์ รุ่งเจริญทอง , วิภาดา กันทยศ",,,,,,,,,,,,,
,,,,,,,,1,714,วันอังคาร  14:00-17:00,SC3-203,A28-2,25,"กิตติพจน์ เพิ่มพูล*  , ทิพรดา พูลสวัสดิ์",,,,,,,,,,,,,
,,,,,,,,1,715,วันพุธ  9:00-12:00,SC3-201,F80-2,27,"กิตติพจน์ เพิ่มพูล*  , ทิพรดา พูลสวัสดิ์",,,,,,,,,,,,,
,,,,,,,,1,716,วันพุธ  9:00-12:00,SC3-203,F80-2,27,"ศิริพร ศรีภิญโญวณิชย์ , อรพรรณ ศังขจันทรานนท์",,,,,,,,,,,,,
,,,,,,,,1,717,วันพุธ  13:00-16:00,SC3-201,A37-2,34,"พิมพ์ชนก สตภูมินทร์ , พรไพรินทร์ รุ่งเจริญทอง",,,,,,,,,,,,,
,,,,,,,,1,718,วันพุธ  13:00-16:00,SC3-203,A37-2,33,"กิตติพจน์ เพิ่มพูล*  , ทิพรดา พูลสวัสดิ์",,,,,,,,,,,,,
,,,,,,,,1,719,วันพฤหัสบดี  13:00-16:00,SC3-201,A31-2,25,"ศิริพร ศรีภิญโญวณิชย์ , สหณัฐ เพชรศรี",,,,,,,,,,,,,
,,,,,,,,1,720,วันพฤหัสบดี  13:00-16:00,SC3-203,A32-2,35,"อินทิรา ขูดแก้ว , วิภาดา กันทยศ",,,,,,,,,,,,,
,,,,,,,,1,721,วันศุกร์  13:00-16:00,SC3-201,A31-2,25,"สหณัฐ เพชรศรี , อรพรรณ ศังขจันทรานนท์",,,,,,,,,,,,,
,,,,,,,,1,722,วันศุกร์  13:00-16:00,SC3-203,"A38-2 , Q28-2",30,"พิมพ์ชนก สตภูมินทร์ , พรไพรินทร์ รุ่งเจริญทอง",,,,,,,,,,,,,
01401351-66 สรีรวิทยาเบื้องต้นของพืช (Introductory Plant Physiology),3,2,700,วันจันทร์  10:30-12:30,LH4-306,"Q04-3 , A28-4 , Q28-2",120,,,,,,,"พรไพรินทร์ รุ่งเจริญทอง*  , อินทิรา ขูดแก้ว , พิมพ์ชนก สตภูมินทร์ , ศิริพร ศรีภิญโญวณิชย์ , วิภาดา กันทยศ",,,,,,,,,,,,,
,,,,,,,,1,711,วันอังคาร  9:00-12:00,SC3-201,Q04-3,34,"พรไพรินทร์ รุ่งเจริญทอง*  , พิมพ์ชนก สตภูมินทร์",,,,,,,,,,,,,
,,,,,,,,1,712,วันพฤหัสบดี  9:00-12:00,SC3-201,A28-4,34,"วิภาดา กันทยศ , อินทิรา ขูดแก้ว",,,,,,,,,,,,,
,,,,,,,,1,713,วันศุกร์  9:00-12:00,SC3-201,Q28-2,22,"ศิริพร ศรีภิญโญวณิชย์ , พิมพ์ชนก สตภูมินทร์",,,,,,,,,,,,,
,,,,,,,,1,714,วันศุกร์  9:00-12:00,SC3-203,Q28-2,22,"พรไพรินทร์ รุ่งเจริญทอง*  , อินทิรา ขูดแก้ว , วิภาดา กันทยศ",,,,,,,,,,,,,
01402301-65 ชีวเคมีอย่างสังเขป (Abridged Biochemistry),3,3,700,"วันจันทร์  10:00-12:00,วันอังคาร  9:00-10:00","LH3-202 , LH3-202",Q06-3,40,,,,,,,พริมา พิริยางกูร* ,,,,,,,,,,,,,
01402311-65 ชีวเคมี I (Biochemistry I),2,2,700,วันจันทร์  8:00-10:00,LH4-103,"A29-3 , Q09-3",200,,,,,,,"พริมา พิริยางกูร*  , ชัยวัฒน์ วามวรรัตน์ , พุทธพร ส่องศรี",,,,,,,,,,,,,
,2,2,701,วันพฤหัสบดี  8:00-10:00,LH4-101,"A34-2 , A37-2 , Q04-2",200,,,,,,,"พริมา พิริยางกูร*  , ชัยวัฒน์ วามวรรัตน์ , พุทธพร ส่องศรี",,,,,,,,,,,,,
01402312-65 ปฏิบัติการชีวเคมี I (Laboratory  in  Biochemistry I),,,,,,,,1,711,วันจันทร์  13:00-16:00,SC3-103,Q09-3,40,"ชัยวัฒน์ วามวรรัตน์*  , พุทธพร ส่องศรี , พริมา พิริยางกูร",,,,,,,,,,,,,
,,,,,,,,1,712,วันจันทร์  13:00-16:00,SC3-101,Q09-3,40,"ชัยวัฒน์ วามวรรัตน์*  , พุทธพร ส่องศรี , พริมา พิริยางกูร",,,,,,,,,,,,,
,,,,,,,,1,713,วันอังคาร  9:00-12:00,SC3-103,Q04-2,35,"ชัยวัฒน์ วามวรรัตน์*  , พุทธพร ส่องศรี , พริมา พิริยางกูร",,,,,,,,,,,,,
,,,,,,,,1,714,วันอังคาร  9:00-12:00,SC3-101,Q04-2,35,"ชัยวัฒน์ วามวรรัตน์*  , พุทธพร ส่องศรี , พริมา พิริยางกูร",,,,,,,,,,,,,
,,,,,,,,1,715,วันพุธ  13:00-16:00,SC3-103,Q06-3,35,"ชัยวัฒน์ วามวรรัตน์*  , พุทธพร ส่องศรี , พริมา พิริยางกูร",,,,,,,,,,,,,
,,,,,,,,1,716,วันพุธ  13:00-16:00,SC3-101,Q06-3,35,"ชัยวัฒน์ วามวรรัตน์*  , พุทธพร ส่องศรี , พริมา พิริยางกูร",,,,,,,,,,,,,
,,,,,,,,1,717,วันพฤหัสบดี  10:00-13:00,SC3-103,A29-3,35,"ชัยวัฒน์ วามวรรัตน์*  , พุทธพร ส่องศรี , พริมา พิริยางกูร",,,,,,,,,,,,,
,,,,,,,,1,718,วันพฤหัสบดี  10:00-13:00,SC3-101,A29-3,35,"ชัยวัฒน์ วามวรรัตน์*  , พุทธพร ส่องศรี , พริมา พิริยางกูร",,,,,,,,,,,,,
,,,,,,,,1,719,วันจันทร์  13:00-16:00,SC3-108,Q09-3,20,"ชัยวัฒน์ วามวรรัตน์*  , พุทธพร ส่องศรี , พริมา พิริยางกูร",,,,,,,,,,,,,
,,,,,,,,1,720,ติดต่อผู้สอน,ติดต่อผู้สอน,-,10,"ชัยวัฒน์ วามวรรัตน์*  , พุทธพร ส่องศรี , พริมา พิริยางกูร",,,,,,,,,,,,,
,,,,,,,,1,721,วันศุกร์  13:00-16:00,SC3-103,A34-2,39,"ชัยวัฒน์ วามวรรัตน์*  , พุทธพร ส่องศรี , พริมา พิริยางกูร",,,,,,,,,,,,,
01402313-65 ชีวเคมี II (Biochemistry II),3,3,700,ติดต่อผู้สอน,ติดต่อผู้สอน,-,20,,,,,,,"พุทธพร ส่องศรี*  , พริมา พิริยางกูร , ชัยวัฒน์ วามวรรัตน์",,,,,,,,,,,,,
01403111-60 เคมีทั่วไป (General Chemistry),4,4,700,"วันจันทร์  10:00-12:00,วันพุธ  10:00-12:00","LH4-101 , LH4-101","A39-1 , A33-1",250,,,,,,,"บุญเดช เบิกฟ้า*  , กมลทิพย์ ขัตติยะวงศ์ , วรางคณา จิตตชุ่ม",,,,,,,,,,,,,
01403111-65 เคมีทั่วไป (General Chemistry),3,3,701,"วันจันทร์  10:30-12:00,วันพุธ  10:30-12:00","LH3-301 , LH3-301","A50-1 , Q09-1",340,,,,,,,"บุญเดช เบิกฟ้า*  , เกษศิรินทร์ เอกสินิทธ์กุล , ประดุจเนตร เกตุวงค์",,,,,,,,,,,,,
,3,3,702,"วันอังคาร  10:30-12:00,วันพฤหัสบดี  10:30-12:00","LH4-101 , LH4-101",A50-1,250,,,,,,,"บุญเดช เบิกฟ้า*  , ทรงธรรม เรืองชัยทวีสุข , ทิพย์วรรณ รุ่งสว่าง",,,,,,,,,,,,,
,3,3,703,"วันอังคาร  10:30-12:00,วันพฤหัสบดี  10:30-12:00","LH4-102 , LH4-102","B03-1 , A27-1 , Q04-1 , A34-1",252,,,,,,,"ประดุจเนตร เกตุวงค์ , บุญเดช เบิกฟ้า*  , ธนา ไม้หอม",,,,,,,,,,,,,
01403112-65 ปฏิบัติการเคมีทั่วไป (Laboratory in General Chemistry),,,,,,,,1,711,วันจันทร์  13:00-16:00,SC14-203,A34-1,48,"ประดุจเนตร เกตุวงค์*  , โสภิดา ถาวรประดิษฐ์",,,,,,,,,,,,,
,,,,,,,,1,712,วันจันทร์  13:00-16:00,SC14-206,A50-1,48,"เกษศิรินทร์ เอกสินิทธ์กุล , ประดุจเนตร เกตุวงค์*  , ปิติ ตรีสุกล",,,,,,,,,,,,,
,,,,,,,,1,713,วันจันทร์  13:00-16:00,SC14-218,A50-1,48,"ประดุจเนตร เกตุวงค์*  , อาทร ลอยสรวงสิน",,,,,,,,,,,,,
,,,,,,,,1,714,วันจันทร์  13:00-16:00,SC14-221,A50-1,48,"สุนันท์ ทิพย์ทิพากร , ประดุจเนตร เกตุวงค์* ",,,,,,,,,,,,,
,,,,,,,,1,715,วันจันทร์  13:00-16:00,SC14-303,A50-1,48,"บุญเดช เบิกฟ้า , พิเชษฐ อนุรักษ์อุดม , ประดุจเนตร เกตุวงค์* ",,,,,,,,,,,,,
,,,,,,,,1,716,วันอังคาร  13:00-16:00,SC14-203,A50-1,48,"ประดุจเนตร เกตุวงค์*  , วีรชัย พุทธวงศ์",,,,,,,,,,,,,
,,,,,,,,1,717,วันอังคาร  13:00-16:00,SC14-206,A50-1,48,"ประดุจเนตร เกตุวงค์*  , กมลทิพย์ ขัตติยะวงศ์",,,,,,,,,,,,,
,,,,,,,,1,718,วันอังคาร  13:00-16:00,SC14-218,A50-1,48,"ประดุจเนตร เกตุวงค์*  , โสภิดา ถาวรประดิษฐ์",,,,,,,,,,,,,
,,,,,,,,1,719,วันอังคาร  13:00-16:00,SC14-221,A50-1,48,"ประดุจเนตร เกตุวงค์*  , ศศิวดี บุญญะอุทธยาน , บุญเดช เบิกฟ้า",,,,,,,,,,,,,
,,,,,,,,1,720,วันพุธ  9:00-12:00,SC14-203,"A27-1 , Q04-1",48,"ธนา ไม้หอม , ประดุจเนตร เกตุวงค์* ",,,,,,,,,,,,,
,,,,,,,,1,721,วันพุธ  9:00-12:00,SC14-206,"A27-1 , Q04-1",48,"ประดุจเนตร เกตุวงค์*  , พิเชษฐ อนุรักษ์อุดม",,,,,,,,,,,,,
,,,,,,,,1,722,วันพุธ  9:00-12:00,SC14-218,"A27-1 , Q04-1",48,"วีนาวรรณ สมผล , อาทร ลอยสรวงสิน , ประดุจเนตร เกตุวงค์* ",,,,,,,,,,,,,
,,,,,,,,1,723,วันพุธ  13:00-16:00,SC14-203,F39-1,48,"ประดุจเนตร เกตุวงค์*  , กมลทิพย์ ขัตติยะวงศ์ , วรางคณา จิตตชุ่ม , บุญเดช เบิกฟ้า",,,,,,,,,,,,,
,,,,,,,,1,724,วันพุธ  13:00-16:00,SC14-206,F39-1,48,"ประดุจเนตร เกตุวงค์*  , วีรมลล์ ไวลิขิต",,,,,,,,,,,,,
,,,,,,,,1,725,วันพฤหัสบดี  9:00-12:00,SC14-203,Q09-1,48,"ประดุจเนตร เกตุวงค์*  , เกษศิรินทร์ เอกสินิทธ์กุล",,,,,,,,,,,,,
,,,,,,,,1,726,วันพฤหัสบดี  9:00-12:00,SC14-206,Q09-1,48,"ประดุจเนตร เกตุวงค์*  , อาทร ลอยสรวงสิน",,,,,,,,,,,,,
,,,,,,,,1,727,วันพฤหัสบดี  9:00-12:00,SC14-218,A33-1,48,"นงพงา จรัสโสภณ , ประดุจเนตร เกตุวงค์* ",,,,,,,,,,,,,
,,,,,,,,1,728,วันพฤหัสบดี  9:00-12:00,SC14-221,A33-1,48,"ประดุจเนตร เกตุวงค์*  , ปิติ ตรีสุกล",,,,,,,,,,,,,
,,,,,,,,1,729,วันพฤหัสบดี  13:00-16:00,SC14-203,"A33-1 , B03-1",48,"สุนันท์ ทิพย์ทิพากร , ประดุจเนตร เกตุวงค์*  , ธนา ไม้หอม",,,,,,,,,,,,,
,,,,,,,,1,730,วันพฤหัสบดี  13:00-16:00,SC14-206,B03-1,48,ประดุจเนตร เกตุวงค์* ,,,,,,,,,,,,,
,,,,,,,,1,731,วันพฤหัสบดี  13:00-16:00,SC14-218,B03-1,48,"วีรมลล์ ไวลิขิต , ประดุจเนตร เกตุวงค์* ",,,,,,,,,,,,,
01403113-65 เคมีพื้นฐาน I (Basic Chemistry I),3,3,700,"วันอังคาร  13:00-14:30,วันพฤหัสบดี  13:00-14:30","LH4-101 , LH4-101","Q06-1 , Q07-1 , T02-1",195,,,,,,,"ปิติ ตรีสุกล*  , นงพงา จรัสโสภณ",,,,,,,,,,,,,
01403114-65 ปฏิบัติการหลักมูลเคมีทั่วไป (Laboratory in Fundamentals of General Chemistry),,,,,,,,1,711,วันจันทร์  9:00-12:00,SC14-203,Q11-2,44,"เกษศิรินทร์ เอกสินิทธ์กุล*  , วีรมลล์ ไวลิขิต",,,,,,,,,,,,,
,,,,,,,,1,712,วันจันทร์  9:00-12:00,SC14-206,"A37-1 , E03-1",44,"เกษศิรินทร์ เอกสินิทธ์กุล*  , ปิติ ตรีสุกล",,,,,,,,,,,,,
,,,,,,,,1,713,วันจันทร์  9:00-12:00,SC14-218,"E37-1 , E03-1",44,"เกษศิรินทร์ เอกสินิทธ์กุล*  , ทรงธรรม เรืองชัยทวีสุข",,,,,,,,,,,,,
,,,,,,,,1,714,วันจันทร์  9:00-12:00,SC14-221,"E03-1 , E37-1",44,"เกษศิรินทร์ เอกสินิทธ์กุล*  , บุญเดช เบิกฟ้า , ศศิวดี บุญญะอุทธยาน",,,,,,,,,,,,,
,,,,,,,,1,715,วันอังคาร  9:00-12:00,SC14-203,"E04-1 , E36-1",44,"เกษศิรินทร์ เอกสินิทธ์กุล*  , วีรชัย พุทธวงศ์",,,,,,,,,,,,,
,,,,,,,,1,716,วันอังคาร  9:00-12:00,SC14-206,"E04-1 , E36-1",44,"เกษศิรินทร์ เอกสินิทธ์กุล*  , นงพงา จรัสโสภณ",,,,,,,,,,,,,
,,,,,,,,1,717,วันอังคาร  9:00-12:00,SC14-218,"E04-1 , E36-1",44,เกษศิรินทร์ เอกสินิทธ์กุล* ,,,,,,,,,,,,,
,,,,,,,,1,718,วันอังคาร  13:00-16:00,SC14-303,"E24-1 , E29-2",44,"เกษศิรินทร์ เอกสินิทธ์กุล*  , วีนาวรรณ สมผล",,,,,,,,,,,,,
,,,,,,,,1,719,วันอังคาร  13:00-16:00,SC14-306,"E24-1 , E29-2",44,"เกษศิรินทร์ เอกสินิทธ์กุล*  , พจมาน พูลมี",,,,,,,,,,,,,
,,,,,,,,1,720,วันอังคาร  13:00-16:00,SC5-105,"E24-1 , E29-2",36,"เกษศิรินทร์ เอกสินิทธ์กุล*  , วรางคณา จิตตชุ่ม",,,,,,,,,,,,,
,,,,,,,,1,721,วันพุธ  13:00-16:00,SC14-221,Q28-1,44,"เกษศิรินทร์ เอกสินิทธ์กุล*  , สุนันท์ ทิพย์ทิพากร",,,,,,,,,,,,,
,,,,,,,,1,722,วันพุธ  13:00-16:00,SC14-303,"E38-1 , E39-1",44,"เกษศิรินทร์ เอกสินิทธ์กุล*  , พจมาน พูลมี",,,,,,,,,,,,,
,,,,,,,,1,723,วันพุธ  13:00-16:00,SC14-306,"E38-1 , E39-1",44,"เกษศิรินทร์ เอกสินิทธ์กุล*  , โสภิดา ถาวรประดิษฐ์ , บุญเดช เบิกฟ้า",,,,,,,,,,,,,
,,,,,,,,1,847,วันจันทร์  16:30-19:30,SC14-203,"E03-1 , E38-1",32,"เกษศิรินทร์ เอกสินิทธ์กุล*  , พจมาน พูลมี",,,,,,,,,,,,,
,,,,,,,,1,848,วันจันทร์  16:30-19:30,SC14-206,"E03-1 , E38-1",32,"เกษศิรินทร์ เอกสินิทธ์กุล*  , อาทร ลอยสรวงสิน",,,,,,,,,,,,,
,,,,,,,,1,849,วันจันทร์  16:30-19:30,SC14-218,"E03-1 , E38-1",32,"ธนา ไม้หอม , เกษศิรินทร์ เอกสินิทธ์กุล* ",,,,,,,,,,,,,
01403117-65 หลักมูลเคมีทั่วไป (Fundamentals of General Chemistry),3,3,700,"วันจันทร์  10:30-12:00,วันพุธ  10:30-12:00","LH4-103 , LH4-103","E36-1 , E04-1 , E38-1 , A00 , A01 , A02 , A03 , A04 , A05 , A06 , A07 , A11 , A12 , A16 , A26 , A27 , A28 , A29 , A31 , A32 , A33 , A34 , A37 , A38 , A39 , A50 , XA01 , XA03 , XA04 , XA05 , XA06 , XA07 , XA08 , XA09 , XA12 , XA13 , XA14 , XA15 , XA16 , XA17 , XA18 , XA19 , XA20 , XA21 , XA22 , XA23 , XA25 , XA26 , XA27 , XA30 , XA31 , XA32 , XA34 , XA35 , XA36 , XA39 , XA41 , XA61 , B03 , E00 , E01 , E02 , E03 , E04 , E06 , E12 , E24 , E25 , E29 , E36 , E37 , E38 , E39 , E40 , XE01 , XE04 , XE05 , XE07 , XE10 , XE11 , XE25 , XE34 , XE61 , F11 , F13 , F16 , F31 , F39 , F41 , F71 , F72 , F73 , F74 , F75 , F76 , F77 , F78 , F79 , F80 , F81 , F82 , XF10 , XF26 , XF62 , XF76 , XX01 , XX02 , XX03 , XX04 , XX05 , XX07 , XX60 , XX61 , XX62 , XX63 , XX64 , H01 , H02 , H03 , H04 , H05 , H06 , H07 , H08 , H09 , H10 , H11 , H12 , H13 , XH01 , XH60 , I00 , I08 , XI02 , XI05 , XI06 , XI07 , XI08 , XI10 , XI11 , Q00 , Q01 , Q02 , Q03 , Q04 , Q05 , Q06 , Q07 , Q08 , Q09 , Q10 , Q11 , Q12 , Q13 , Q14 , Q15 , Q16 , Q17 , Q18 , Q19 , Q20 , Q21 , Q22 , Q23 , Q24 , Q25 , Q26 , Q27 , Q28 , XD06 , XD15 , XD19 , XH61 , XL04 , XL05 , XQ01 , XQ02 , XQ03 , XQ04 , XQ05 , XQ06 , XQ07 , XQ08 , XQ60 , S00 , S01 , S02 , XF66 , XS01 , XS02 , XS03 , XS04 , XS05 , XS06 , XS60 , XS61 , XS62 , XS63 , XS64 , T02 , T03 , T21 , T22 , XK04 , XY03 , XY05 , XY14 , XY61 , XY62 , XZ00 , Z00 , ZF78 , ZI00 , ZZ00 , ZZ01 , ZZ02",200,,,,,,,"วีนาวรรณ สมผล*  , อาทร ลอยสรวงสิน , สุนันท์ ทิพย์ทิพากร",,,,,,,,,,,,,
,3,3,701,"วันอังคาร  8:30-10:00,วันพฤหัสบดี  8:30-10:00","LH4-103 , LH4-103","E03-1 , E24-1 , E37-1 , A00 , A01 , A02 , A03 , A04 , A05 , A06 , A07 , A11 , A12 , A16 , A26 , A27 , A28 , A29 , A31 , A32 , A33 , A34 , A37 , A38 , A39 , A50 , XA01 , XA03 , XA04 , XA05 , XA06 , XA07 , XA08 , XA09 , XA12 , XA13 , XA14 , XA15 , XA16 , XA17 , XA18 , XA19 , XA20 , XA21 , XA22 , XA23 , XA25 , XA26 , XA27 , XA30 , XA31 , XA32 , XA34 , XA35 , XA36 , XA39 , XA41 , XA61 , B03 , E00 , E01 , E02 , E03 , E04 , E06 , E12 , E24 , E25 , E29 , E36 , E37 , E38 , E39 , E40 , XE01 , XE04 , XE05 , XE07 , XE10 , XE11 , XE25 , XE34 , XE61 , F11 , F13 , F16 , F31 , F39 , F41 , F71 , F72 , F73 , F74 , F75 , F76 , F77 , F78 , F79 , F80 , F81 , F82 , XF10 , XF26 , XF62 , XF76 , XX01 , XX02 , XX03 , XX04 , XX05 , XX07 , XX60 , XX61 , XX62 , XX63 , XX64 , H01 , H02 , H03 , H04 , H05 , H06 , H07 , H08 , H09 , H10 , H11 , H12 , H13 , XH01 , XH60 , I00 , I08 , XI02 , XI05 , XI06 , XI07 , XI08 , XI10 , XI11 , Q00 , Q01 , Q02 , Q03 , Q04 , Q05 , Q06 , Q07 , Q08 , Q09 , Q10 , Q11 , Q12 , Q13 , Q14 , Q15 , Q16 , Q17 , Q18 , Q19 , Q20 , Q21 , Q22 , Q23 , Q24 , Q25 , Q26 , Q27 , Q28 , XD06 , XD15 , XD19 , XH61 , XL04 , XL05 , XQ01 , XQ02 , XQ03 , XQ04 , XQ05 , XQ06 , XQ07 , XQ08 , XQ60 , S00 , S01 , S02 , XF66 , XS01 , XS02 , XS03 , XS04 , XS05 , XS06 , XS60 , XS61 , XS62 , XS63 , XS64 , T02 , T03 , T21 , T22 , XK04 , XY03 , XY05 , XY14 , XY61 , XY62 , XZ00 , Z00 , ZF78 , ZI00 , ZZ00 , ZZ01 , ZZ02",200,,,,,,,"วีนาวรรณ สมผล*  , พิเชษฐ อนุรักษ์อุดม",,,,,,,,,,,,,
,3,3,702,"วันอังคาร  10:30-12:00,วันพฤหัสบดี  10:30-12:00","LH4-103 , LH4-103","Q28-1 , E39-1 , Q11-2 , A00 , A01 , A02 , A03 , A04 , A05 , A06 , A07 , A11 , A12 , A16 , A26 , A27 , A28 , A29 , A31 , A32 , A33 , A34 , A37 , A38 , A39 , A50 , XA01 , XA03 , XA04 , XA05 , XA06 , XA07 , XA08 , XA09 , XA12 , XA13 , XA14 , XA15 , XA16 , XA17 , XA18 , XA19 , XA20 , XA21 , XA22 , XA23 , XA25 , XA26 , XA27 , XA30 , XA31 , XA32 , XA34 , XA35 , XA36 , XA39 , XA41 , XA61 , B03 , E00 , E01 , E02 , E03 , E04 , E06 , E12 , E24 , E25 , E29 , E36 , E37 , E38 , E39 , E40 , XE01 , XE04 , XE05 , XE07 , XE10 , XE11 , XE25 , XE34 , XE61 , F11 , F13 , F16 , F31 , F39 , F41 , F71 , F72 , F73 , F74 , F75 , F76 , F77 , F78 , F79 , F80 , F81 , F82 , XF10 , XF26 , XF62 , XF76 , XX01 , XX02 , XX03 , XX04 , XX05 , XX07 , XX60 , XX61 , XX62 , XX63 , XX64 , H01 , H02 , H03 , H04 , H05 , H06 , H07 , H08 , H09 , H10 , H11 , H12 , H13 , XH01 , XH60 , I00 , I08 , XI02 , XI05 , XI06 , XI07 , XI08 , XI10 , XI11 , Q00 , Q01 , Q02 , Q03 , Q04 , Q05 , Q06 , Q07 , Q08 , Q09 , Q10 , Q11 , Q12 , Q13 , Q14 , Q15 , Q16 , Q17 , Q18 , Q19 , Q20 , Q21 , Q22 , Q23 , Q24 , Q25 , Q26 , Q27 , Q28 , XD06 , XD15 , XD19 , XH61 , XL04 , XL05 , XQ01 , XQ02 , XQ03 , XQ04 , XQ05 , XQ06 , XQ07 , XQ08 , XQ60 , S00 , S01 , S02 , XF66 , XS01 , XS02 , XS03 , XS04 , XS05 , XS06 , XS60 , XS61 , XS62 , XS63 , XS64 , T02 , T03 , T21 , T22 , XK04 , XY03 , XY05 , XY14 , XY61 , XY62 , XZ00 , Z00 , ZF78 , ZI00 , ZZ00 , ZZ01 , ZZ02 , E29-2",200,,,,,,,"วีนาวรรณ สมผล*  , วีรมลล์ ไวลิขิต , สุนันท์ ทิพย์ทิพากร",,,,,,,,,,,,,
,3,3,820,"วันจันทร์  10:00-12:00,วันพุธ  10:00-12:00","ติดต่อผู้สอน , ติดต่อผู้สอน",Q05-6X,1,,,,,,,วีนาวรรณ สมผล* ,,,,,,,,,,,,,
,3,3,845,"วันอังคาร  18:00-19:30,วันพฤหัสบดี  18:00-19:30","LH4-202 , LH4-202","E03-1 , E38-1 , E00 , E01 , E02 , E03 , E04 , E06 , E12 , E24 , E25 , E29 , E36 , E37 , E38 , E39 , E40 , XE01 , XE04 , XE05 , XE07 , XE10 , XE11 , XE25 , XE34 , XE61",135,,,,,,,"วีนาวรรณ สมผล , วรางคณา จิตตชุ่ม* ",,,,,,,,,,,,,
01403181-65 ความปลอดภัยและการจัดการเชิงเคมี (Chemical Safety and Management),1,1,700,วันจันทร์  10:00-11:00,LH3-210,Q06-1,70,,,,,,,"ทิพย์วรรณ รุ่งสว่าง , นงพงา จรัสโสภณ* ",,,,,,,,,,,,,
01403221-60 เคมีอินทรีย์ (Organic Chemistry),4,4,701,"วันอังคาร  13:00-15:00,วันพฤหัสบดี  13:00-15:00","LH4-102 , LH4-102","A00 , A01 , A02 , A03 , A04 , A05 , A06 , A07 , A11 , A12 , A16 , A26 , A27 , A28 , A29 , A31 , A32 , A33 , A34 , A37 , A38 , A39 , A50 , XA01 , XA03 , XA04 , XA05 , XA06 , XA07 , XA08 , XA09 , XA12 , XA13 , XA14 , XA15 , XA16 , XA17 , XA18 , XA19 , XA20 , XA21 , XA22 , XA23 , XA25 , XA26 , XA27 , XA30 , XA31 , XA32 , XA34 , XA35 , XA36 , XA39 , XA41 , XA61 , B03 , E00 , E01 , E02 , E03 , E04 , E06 , E12 , E24 , E25 , E29 , E36 , E37 , E38 , E39 , E40 , XE01 , XE04 , XE05 , XE07 , XE10 , XE11 , XE25 , XE34 , XE61 , F11 , F13 , F16 , F31 , F39 , F41 , F71 , F72 , F73 , F74 , F75 , F76 , F77 , F78 , F79 , F80 , F81 , F82 , XF10 , XF26 , XF62 , XF76 , XX01 , XX02 , XX03 , XX04 , XX05 , XX07 , XX60 , XX61 , XX62 , XX63 , XX64 , H01 , H02 , H03 , H04 , H05 , H06 , H07 , H08 , H09 , H10 , H11 , H12 , H13 , XH01 , XH60 , I00 , I08 , XI02 , XI05 , XI06 , XI07 , XI08 , XI10 , XI11 , Q00 , Q01 , Q02 , Q03 , Q04 , Q05 , Q06 , Q07 , Q08 , Q09 , Q10 , Q11 , Q12 , Q13 , Q14 , Q15 , Q16 , Q17 , Q18 , Q19 , Q20 , Q21 , Q22 , Q23 , Q24 , Q25 , Q26 , Q27 , Q28 , XD06 , XD15 , XD19 , XH61 , XL04 , XL05 , XQ01 , XQ02 , XQ03 , XQ04 , XQ05 , XQ06 , XQ07 , XQ08 , XQ60 , S00 , S01 , S02 , XF66 , XS01 , XS02 , XS03 , XS04 , XS05 , XS06 , XS60 , XS61 , XS62 , XS63 , XS64 , T02 , T03 , T21 , T22 , XK04 , XY03 , XY05 , XY14 , XY61 , XY62 , XZ00 , Z00 , ZF78 , ZI00 , ZZ00 , ZZ01 , ZZ02",50,,,,,,,"ศศิวดี บุญญะอุทธยาน*  , เกษศิรินทร์ เอกสินิทธ์กุล",,,,,,,,,,,,,
01403221-65 เคมีอินทรีย์ (Organic Chemistry),3,3,700,"วันอังคาร  8:30-10:00,วันพฤหัสบดี  8:30-10:00","LH4-201 , LH4-201","Q06-2 , B03-2",160,,,,,,,"ศศิวดี บุญญะอุทธยาน*  , โสภิดา ถาวรประดิษฐ์",,,,,,,,,,,,,
01403225-65 ปฏิบัติการเคมีอินทรีย์ I (Organic Chemistry Laboratory I),,,,,,,,1,711,วันพุธ  13:00-16:00,SC5-105,Q06-2,36,"ศศิวดี บุญญะอุทธยาน*  , วุฒิพงษ์ ศิลปวิศาล",,,,,,,,,,,,,
,,,,,,,,1,712,วันพุธ  13:00-16:00,SC5-107,Q06-2,36,"ศศิวดี บุญญะอุทธยาน*  , วุฒิพงษ์ ศิลปวิศาล",,,,,,,,,,,,,
01403227-65 เคมีอินทรีย์พื้นฐาน (Basic Organic Chemistry),4,4,700,"วันอังคาร  13:00-15:00,วันพฤหัสบดี  13:00-15:00","LH4-102 , LH4-102","T02 , T03 , T21 , T22",85,,,,,,,"ศศิวดี บุญญะอุทธยาน*  , เกษศิรินทร์ เอกสินิทธ์กุล",,,,,,,,,,,,,
01403231-60 ปริมาณวิเคราะห์ทางเคมี (Chemical Quantitative Analysis),2,2,700,วันพุธ  10:00-12:00,LH4-306,"T02 , T03 , T21 , T22",12,,,,,,,"วีรมลล์ ไวลิขิต*  , ทิพย์วรรณ รุ่งสว่าง",,,,,,,,,,,,,
01403231-65 ปริมาณวิเคราะห์ทางเคมี (Chemical Quantitative Analysis),2,2,700,วันพุธ  10:00-12:00,LH4-306,"Q04-3 , Q09-3 , T02-4 , T03-4 , Q04-4 , Q04-5",152,,,,,,,"วีรมลล์ ไวลิขิต*  , ทิพย์วรรณ รุ่งสว่าง",,,,,,,,,,,,,
01403232-65 ปฏิบัติการปริมาณวิเคราะห์ทางเคมี (Laboratory in Chemical Quantitative Analysis),,,,,,,,2,711,วันพฤหัสบดี  9:00-16:00,SC5-204,"Q04-3 , T02-4 , T03-4",35,กมลทิพย์ ขัตติยะวงศ์* ,,,,,,,,,,,,,
01403234-65 เคมีวิเคราะห์พื้นฐาน (Basic Analytical Chemistry),3,3,700,"วันอังคาร  8:30-10:00,วันพฤหัสบดี  8:30-10:00","LH4-505 , LH4-505",A28-2,50,,,,,,,"วีรมลล์ ไวลิขิต*  , ทิพย์วรรณ รุ่งสว่าง",,,,,,,,,,,,,
01403235-65 ปฏิบัติการเคมีวิเคราะห์พื้นฐาน (Laboratory in Basic Analytical Chemistry),,,,,,,,2,711,วันศุกร์  9:00-16:00,SC14-208,A28-2,30,วรางคณา จิตตชุ่ม* ,,,,,,,,,,,,,
01403241-65 คณิตศาสตร์สำหรับเคมี (Mathematics for Chemistry),3,3,700,วันศุกร์  9:00-12:00,LH4-502,"Q06-2 , Q06-3",68,,,,,,,อาทร ลอยสรวงสิน* ,,,,,,,,,,,,,
01403242-65 เคมีเชิงฟิสิกส์ I (Physical Chemistry I),4,3,700,"วันอังคาร  10:30-12:00,วันพฤหัสบดี  10:30-12:00","LH3-209 , LH3-209","Q06-2 , Q06-3",68,,,,,,,"พจมาน พูลมี*  , ประดุจเนตร เกตุวงค์",,,,,,,,,,,,,
,,,,,,,,1,711,วันจันทร์  13:00-16:00,SC5-105,"Q06-2 , Q06-3",34,"พจมาน พูลมี*  , ประดุจเนตร เกตุวงค์ , ธนา ไม้หอม",,,,,,,,,,,,,
,,,,,,,,1,712,วันจันทร์  13:00-16:00,SC5107,"Q06-2 , Q06-3",34,"ธนา ไม้หอม*  , ประดุจเนตร เกตุวงค์",,,,,,,,,,,,,
01403313-65 เคมีอนินทรีย์ II (Inorganic Chemistry II),3,3,700,"วันอังคาร  10:30-12:00,วันพฤหัสบดี  10:30-12:00","LH4-307 , LH4-307",Q06-3,39,,,,,,,"พิเชษฐ อนุรักษ์อุดม*  , ทรงธรรม เรืองชัยทวีสุข , วีนาวรรณ สมผล",,,,,,,,,,,,,
01403314-65 ปฏิบัติการเคมีอนินทรีย์ (Inorganic Chemistry Laboratory),,,,,,,,2,711,วันศุกร์  9:00-16:00,SC5-105,Q06-3,20,"พิเชษฐ อนุรักษ์อุดม*  , ทรงธรรม เรืองชัยทวีสุข , วีนาวรรณ สมผล",,,,,,,,,,,,,
,,,,,,,,2,712,วันศุกร์  9:00-16:00,SC5-107,Q06-3,20,"พิเชษฐ อนุรักษ์อุดม*  , ทรงธรรม เรืองชัยทวีสุข , วีนาวรรณ สมผล",,,,,,,,,,,,,
01403325-65 หลักมูลของผลิตภัณฑ์ธรรมชาติ (Fundamentals of Natural Products),3,3,700,"วันจันทร์  8:30-10:00,วันพุธ  8:30-10:00","ติดต่อผู้สอน , ติดต่อผู้สอน",Q06-4,11,,,,,,,"นงพงา จรัสโสภณ*  , ศศิวดี บุญญะอุทธยาน",,,,,,,,,,,,,
01403331-65 การวิเคราะห์โดยเครื่องมือ I (Instrumental Analysis I),3,3,700,"วันจันทร์  14:30-16:00,วันอังคาร  14:30-16:00","LH3-205 , LH3-205",Q06-3,39,,,,,,,"วีรมลล์ ไวลิขิต*  , ทิพย์วรรณ รุ่งสว่าง",,,,,,,,,,,,,
01403342-65 เคมีควอนตัม (Quantum Chemistry),2,2,700,วันพุธ  10:00-12:00,LH3-202,Q06-3,39,,,,,,,"บุญเดช เบิกฟ้า , ปิติ ตรีสุกล* ",,,,,,,,,,,,,
01403345-65 การจำลองแบบด้วยคอมพิวเตอร์ในวิชาเคมีและวิศวกรรมเคมี (Computer Simulation in Chemistry and Chemical Engineering),3,2,700,ยังไม่มีการกำหนดวัน-เวลาเรียน,ยังไม่มีการกำหนดห้องเรียน,Q06-4,11,,,,,,,ธนา ไม้หอม* ,,,,,,,,,,,,,
,,,,,,,,1,711,ยังไม่มีการกำหนดวัน-เวลาเรียน,ยังไม่มีการกำหนดห้องเรียน,Q06-4,11,ธนา ไม้หอม* ,,,,,,,,,,,,,
01403381-65 สเปกโทรสโกปีของสารประกอบอินทรีย์ (Spectroscopy of Organic Compounds),3,3,700,"วันพุธ  8:30-10:00,วันพฤหัสบดี  8:30-10:00","LH3-202 , LH3-202",Q06-3,39,,,,,,,"โสภิดา ถาวรประดิษฐ์*  , วีรชัย พุทธวงศ์",,,,,,,,,,,,,
01403399-65 การฝึกงาน (Practicum),1,1,700,วันพฤหัสบดี  16:00-18:00,SC14-611,Q06-4,11,,,,,,,วีนาวรรณ สมผล* ,,,,,,,,,,,,,
01403481-65 แนวคิดในการเป็นผู้ประกอบการสำหรับนักเคมี (Concepts in Entrepreneurship for Chemists),2,2,700,วันพุธ  16:00-18:00,SC14-611,Q06-4,11,,,,,,,"วรางคณา จิตตชุ่ม*  , นงพงา จรัสโสภณ , ปิติ ตรีสุกล",,,,,,,,,,,,,
01403497-65 สัมมนา (Seminar),1,1,700,วันพฤหัสบดี  13:00-16:00,LH3-204,Q06-4,11,,,,,,,"อาทร ลอยสรวงสิน*  , วีนาวรรณ สมผล , โสภิดา ถาวรประดิษฐ์ , เกษศิรินทร์ เอกสินิทธ์กุล",,,,,,,,,,,,,
01416311-65 หลักพันธุศาสตร์ (Principle of Genetics),3,3,700,"วันจันทร์  16:30-18:00,วันอังคาร  10:30-12:00","LH4-302 , LH4-302","A32-3 , A37-3 , B03-3 , B03-4X",300,,,,,,,"นฤพร เพ็ชร์กลาง*  , ศิริลักษณ์ เอี่ยมธรรม , จรีรัตน์ มงคลศิริวัฒนา , นพมาศ โลกคำลือ , ฐิติ กาญจนเกตุ , อัญลักษณ์ วชิรไชยการ",,,,,,,,,,,,,
,3,3,701,"วันจันทร์  10:30-12:00,วันอังคาร  16:30-18:00","LH4-302 , LH4-302","Q09-2 , A31-3",300,,,,,,,"นฤพร เพ็ชร์กลาง*  , ศิริลักษณ์ เอี่ยมธรรม , จรีรัตน์ มงคลศิริวัฒนา , นพมาศ โลกคำลือ , ฐิติ กาญจนเกตุ , อัญลักษณ์ วชิรไชยการ",,,,,,,,,,,,,
01416312-65 พันธุศาสตร์ปฏิบัติการ (Laboratory in Genetics),,,,,,,,1,711,วันอังคาร  13:00-16:00,SC1-211,A31-3,21,"อัญลักษณ์ วชิรไชยการ*  , ศิริลักษณ์ เอี่ยมธรรม , จรีรัตน์ มงคลศิริวัฒนา , นฤพร เพ็ชร์กลาง , นพมาศ โลกคำลือ , ฐิติ กาญจนเกตุ",,,,,,,,,,,,,
,,,,,,,,1,712,วันอังคาร  13:00-16:00,SC1-213,A31-3,21,"อัญลักษณ์ วชิรไชยการ*  , ศิริลักษณ์ เอี่ยมธรรม , จรีรัตน์ มงคลศิริวัฒนา , นฤพร เพ็ชร์กลาง , นพมาศ โลกคำลือ , ฐิติ กาญจนเกตุ",,,,,,,,,,,,,
,,,,,,,,1,713,วันอังคาร  13:00-16:00,SC2-103,A31-3,21,"อัญลักษณ์ วชิรไชยการ*  , ศิริลักษณ์ เอี่ยมธรรม , จรีรัตน์ มงคลศิริวัฒนา , นฤพร เพ็ชร์กลาง , นพมาศ โลกคำลือ , ฐิติ กาญจนเกตุ",,,,,,,,,,,,,
,,,,,,,,1,714,วันพุธ  9:00-12:00,SC12-211,Q09-2,24,"อัญลักษณ์ วชิรไชยการ*  , ศิริลักษณ์ เอี่ยมธรรม , จรีรัตน์ มงคลศิริวัฒนา , นฤพร เพ็ชร์กลาง , นพมาศ โลกคำลือ , ฐิติ กาญจนเกตุ",,,,,,,,,,,,,
,,,,,,,,1,715,วันพุธ  9:00-12:00,SC1-213,Q09-2,23,"อัญลักษณ์ วชิรไชยการ*  , ศิริลักษณ์ เอี่ยมธรรม , จรีรัตน์ มงคลศิริวัฒนา , นฤพร เพ็ชร์กลาง , นพมาศ โลกคำลือ , ฐิติ กาญจนเกตุ",,,,,,,,,,,,,
,,,,,,,,1,716,วันพุธ  9:00-12:00,SC1-305,Q09-2,23,"อัญลักษณ์ วชิรไชยการ*  , ศิริลักษณ์ เอี่ยมธรรม , จรีรัตน์ มงคลศิริวัฒนา , นฤพร เพ็ชร์กลาง , นพมาศ โลกคำลือ , ฐิติ กาญจนเกตุ",,,,,,,,,,,,,
,,,,,,,,1,717,วันพุธ  13:00-16:00,SC1-211,"B03-3 , B03-4X",27,"อัญลักษณ์ วชิรไชยการ*  , ศิริลักษณ์ เอี่ยมธรรม , จรีรัตน์ มงคลศิริวัฒนา , นฤพร เพ็ชร์กลาง , นพมาศ โลกคำลือ , ฐิติ กาญจนเกตุ",,,,,,,,,,,,,
,,,,,,,,1,718,วันพุธ  13:00-16:00,SC1-213,"B03-3 , B03-4X",27,"อัญลักษณ์ วชิรไชยการ*  , ศิริลักษณ์ เอี่ยมธรรม , จรีรัตน์ มงคลศิริวัฒนา , นฤพร เพ็ชร์กลาง , นพมาศ โลกคำลือ , ฐิติ กาญจนเกตุ",,,,,,,,,,,,,
,,,,,,,,1,719,วันพุธ  13:00-16:00,SC2-103,"B03-3 , B03-4X",24,"อัญลักษณ์ วชิรไชยการ*  , ศิริลักษณ์ เอี่ยมธรรม , จรีรัตน์ มงคลศิริวัฒนา , นฤพร เพ็ชร์กลาง , นพมาศ โลกคำลือ , ฐิติ กาญจนเกตุ",,,,,,,,,,,,,
,,,,,,,,1,720,วันพฤหัสบดี  9:00-12:00,SC1-211,A37-3,24,"ศิริลักษณ์ เอี่ยมธรรม , จรีรัตน์ มงคลศิริวัฒนา , นฤพร เพ็ชร์กลาง , นพมาศ โลกคำลือ , ฐิติ กาญจนเกตุ , อัญลักษณ์ วชิรไชยการ* ",,,,,,,,,,,,,
,,,,,,,,1,721,วันพฤหัสบดี  9:00-12:00,SC1-213,A37-3,24,"อัญลักษณ์ วชิรไชยการ*  , ศิริลักษณ์ เอี่ยมธรรม , จรีรัตน์ มงคลศิริวัฒนา , นฤพร เพ็ชร์กลาง , นพมาศ โลกคำลือ , ฐิติ กาญจนเกตุ",,,,,,,,,,,,,
,,,,,,,,1,722,วันพฤหัสบดี  9:00-12:00,SC2-103,A37-3,24,"อัญลักษณ์ วชิรไชยการ*  , ศิริลักษณ์ เอี่ยมธรรม , จรีรัตน์ มงคลศิริวัฒนา , นฤพร เพ็ชร์กลาง , นพมาศ โลกคำลือ , ฐิติ กาญจนเกตุ",,,,,,,,,,,,,
,,,,,,,,1,723,วันพฤหัสบดี  13:00-16:00,SC1-211,A32-3,21,"อัญลักษณ์ วชิรไชยการ*  , ศิริลักษณ์ เอี่ยมธรรม , จรีรัตน์ มงคลศิริวัฒนา , นฤพร เพ็ชร์กลาง , นพมาศ โลกคำลือ , ฐิติ กาญจนเกตุ",,,,,,,,,,,,,
,,,,,,,,1,724,วันพฤหัสบดี  13:00-16:00,SC1-213,A32-3,21,"อัญลักษณ์ วชิรไชยการ*  , ศิริลักษณ์ เอี่ยมธรรม , จรีรัตน์ มงคลศิริวัฒนา , นฤพร เพ็ชร์กลาง , นพมาศ โลกคำลือ , ฐิติ กาญจนเกตุ",,,,,,,,,,,,,
,,,,,,,,1,725,วันพฤหัสบดี  13:00-16:00,SC2-103,A32-3,21,"อัญลักษณ์ วชิรไชยการ*  , ศิริลักษณ์ เอี่ยมธรรม , จรีรัตน์ มงคลศิริวัฒนา , นฤพร เพ็ชร์กลาง , นพมาศ โลกคำลือ , ฐิติ กาญจนเกตุ",,,,,,,,,,,,,
,,,,,,,,1,726,วันศุกร์  9:00-12:00,SC1-211,ALL,27,"อัญลักษณ์ วชิรไชยการ*  , ศิริลักษณ์ เอี่ยมธรรม , จรีรัตน์ มงคลศิริวัฒนา , นฤพร เพ็ชร์กลาง , นพมาศ โลกคำลือ , ฐิติ กาญจนเกตุ",,,,,,,,,,,,,
,,,,,,,,1,727,วันพุธ  9:00-12:00,SC2-103,Q09-2,22,"อัญลักษณ์ วชิรไชยการ*  , ศิริลักษณ์ เอี่ยมธรรม , จรีรัตน์ มงคลศิริวัฒนา , นฤพร เพ็ชร์กลาง , นพมาศ โลกคำลือ , ฐิติ กาญจนเกตุ",,,,,,,,,,,,,
,,,,,,,,1,728,วันพุธ  9:00-12:00,SC2-105,Q09-2,19,"อัญลักษณ์ วชิรไชยการ*  , ศิริลักษณ์ เอี่ยมธรรม , จรีรัตน์ มงคลศิริวัฒนา , นฤพร เพ็ชร์กลาง , นพมาศ โลกคำลือ , ฐิติ กาญจนเกตุ",,,,,,,,,,,,,
01416453-65 พันธุศาสตร์โมเลกุลเบื้องต้น (Introductory molecular genetics),3,3,700,CLOSED,ติดต่อผู้สอน,"3 , 4",20,,,,,,,"นฤพร เพ็ชร์กลาง*  , ศิริลักษณ์ เอี่ยมธรรม , จรีรัตน์ มงคลศิริวัฒนา , นพมาศ โลกคำลือ , อดิศร ไชยบาง",,,,,,,,,,,,,
01416456-65 พันธุวิศวกรรม I (Genetic Engineering I),3,3,700,CLOSED,ติดต่อผู้สอน,"3 , 4",20,,,,,,,"อัญลักษณ์ วชิรไชยการ*  , ศิริลักษณ์ เอี่ยมธรรม , จรีรัตน์ มงคลศิริวัฒนา , นพมาศ โลกคำลือ , อดิศร ไชยบาง",,,,,,,,,,,,,
01416458-65 พันธุวิศวกรรมปฏิบัติการ (Laboratory in Genetic Engineering),,,,,,,,1,711,ติดต่อผู้สอน,ติดต่อผู้สอน,"3 , 4",10,จรีรัตน์ มงคลศิริวัฒนา* ,,,,,,,,,,,,,
01417111-65 แคลคูลัส I (Calculus I),3,3,700,"วันจันทร์  14:30-16:00,วันพุธ  14:30-16:00","LH4-303 , LH4-303","T03-3 , T03-4X , Q07 , F80-2",200,,,,,,,สิทธิพงศ์ รักตะเมธากูล* ,,,,,,,,,,,,,
,3,3,701,"วันอังคาร  10:30-12:00,วันพฤหัสบดี  10:30-12:00","LH4-303 , LH4-303","Q09-2 , Q09-3 , Q09-4X , Q05",200,,,,,,,วัชรินทร รักษาศักดิ์ชัย* ,,,,,,,,,,,,,
,3,3,702,"วันอังคาร  13:00-14:30,วันพฤหัสบดี  13:00-14:30","LH4-303 , LH4-303","Q03 , A27",200,,,,,,,พรพิศ ยิ้มประยูร* ,,,,,,,,,,,,,
,3,3,703,"วันจันทร์  15:00-16:30,วันพุธ  15:00-16:30","LH4-304 , LH4-304","Q06 , Q04",200,,,,,,,"โรจนี ขุมมงคล*  , วัชรินทร รักษาศักดิ์ชัย , ธนิษฐา โกวรรณ์",,,,,,,,,,,,,
,3,3,704,"วันจันทร์  10:30-12:00,วันพุธ  10:30-12:00","LH4-303 , LH4-303",T02,200,,,,,,,พรพิศ ยิ้มประยูร* ,,,,,,,,,,,,,
,3,3,800,"วันอังคาร  9:00-10:30,วันพฤหัสบดี  9:00-10:30","LH4-303 , LH4-303",Q03,150,,,,,,,"แสงแข สุวรรณสุนทร*  , วัชรินทร รักษาศักดิ์ชัย",,,,,,,,,,,,,
,3,3,820,"วันจันทร์  13:00-14:30,วันพุธ  13:00-14:30","LH4-303 , LH4-303",Q05,170,,,,,,,"สิทธิพงศ์ รักตะเมธากูล*  , พรพิศ ยิ้มประยูร",,,,,,,,,,,,,
01417167-65 คณิตศาสตร์วิศวกรรม I (Engineering Mathematics I),3,3,700,"วันจันทร์  13:00-14:30,วันพุธ  13:00-14:30","LH4-304 , LH4-304","E04 , E29",200,,,,,,,ศศิธร อุดปิน* ,,,,,,,,,,,,,
,3,3,701,"วันจันทร์  14:30-16:00,วันพุธ  14:30-16:00","LH4-302 , LH4-302","E03 , E36 , E24",200,,,,,,,วิเนตร แสนหาญ* ,,,,,,,,,,,,,
,3,3,702,"วันอังคาร  14:30-16:00,วันพฤหัสบดี  14:30-16:00","LH4-101 , LH4-304","E37 , E38",200,,,,,,,"วิเนตร แสนหาญ*  , ปริวัฒน์ ปาจีนบูรวรรณ์",,,,,,,,,,,,,
,3,3,845,"วันอังคาร  10:30-12:00,วันพฤหัสบดี  10:30-12:00","LH4-304 , LH4-304","E38 , E37-3 , E02 , E03 , E06-4",150,,,,,,,"ศศิธร อุดปิน*  , ปริวัฒน์ ปาจีนบูรวรรณ์",,,,,,,,,,,,,
01417211-65 แคลคูลัส III (Calculus III),3,3,700,"วันจันทร์  10:30-12:00,วันพุธ  10:30-12:00","LH4-505 , LH4-505","Q07-2 , Q07-3 , Q07-4X",50,,,,,,,จิระศักดิ์ มงคลเคหา* ,,,,,,,,,,,,,
01417267-65 คณิตศาสตร์วิศวกรรม III (Engineering Mathematics III),3,3,700,"วันจันทร์  13:00-14:30,วันพุธ  13:00-14:30","LH4-302 , LH4-302","E24-2 , E24-3 , E24-4X , E29-2 , E29-3 , E29-4X , E36-2 , E36-3 , E36-4X",250,,,,,,,สุจิตรา แสนหาญ* ,,,,,,,,,,,,,
,3,3,845,"วันอังคาร  9:00-10:30,วันพฤหัสบดี  9:00-10:30","LH4-604 , LH4-604",E,100,,,,,,,"ทิพวรรณ พุทธสนธิพจน์*  , สุจิตรา แสนหาญ",,,,,,,,,,,,,
01418104-67 รู้ทันไอที (IT Updates),2,2,700,วันพฤหัสบดี  15:00-17:00,LH4-306,"Q08-2 , Q26-2 , E24-4",135,,,,,,,พีรญา ธภัทรสุวรรณ* ,,,,,,,,,,,,,
,2,2,815,วันอังคาร  8:00-10:00,LH4-101,Q08-2,125,,,,,,,พีรญา ธภัทรสุวรรณ* ,,,,,,,,,,,,,
,2,2,866,วันอังคาร  8:00-10:00,LH4-101,Q26-2,95,,,,,,,พีรญา ธภัทรสุวรรณ* ,,,,,,,,,,,,,
01418111-65 วิทยาการคอมพิวเตอร์เบื้องต้น (Introduction to Computer Science),2,2,700,วันพุธ  13:00-15:00,LH2-205,Q03-1,60,,,,,,,พิชยภรณ์ พงศกรรังศิลป์* ,,,,,,,,,,,,,
,2,2,800,วันพุธ  16:00-18:00,LH2-205,"Q03-1 , Q03-3 , Q03-2",86,,,,,,,พิชยภรณ์ พงศกรรังศิลป์* ,,,,,,,,,,,,,
01418112-65 แนวคิดการโปรแกรมเบื้องต้น (Fundamental Programming Concepts),3,2,700,วันจันทร์  13:00-15:00,LH2-206,Q03-1,60,,,,,,,กฤษณะ ตรีฉลอง* ,,,,,,,,,,,,,
,,,,,,,,1,711,วันจันทร์  15:00-17:00,SC9-402,Q03-1,30,กฤษณะ ตรีฉลอง* ,,,,,,,,,,,,,
,,,,,,,,1,712,วันจันทร์  17:00-19:00,SC9-402,Q03-1,30,กฤษณะ ตรีฉลอง* ,,,,,,,,,,,,,
,3,2,800,วันอังคาร  13:00-15:00,LH4-502,"Q03-1 , Q03-2",85,,,,,,,กฤษณะ ตรีฉลอง* ,,,,,,,,,,,,,
,,,,,,,,1,800,วันอังคาร  15:00-17:00,SC9-402,Q03-1,40,กฤษณะ ตรีฉลอง* ,,,,,,,,,,,,,
,,,,,,,,1,801,วันอังคาร  17:00-19:00,SC9-402,"Q03-1 , Q03-2",43,กฤษณะ ตรีฉลอง* ,,,,,,,,,,,,,
01418141-65 ทรัพย์สินทางปัญญาและจรรยาบรรณวิชาชีพ (Intellectual Properties and Professional Ethics),3,3,700,"วันอังคาร  8:30-10:00,วันพุธ  8:30-10:00","LH2-205 , LH2-205",Q03-1,60,,,,,,,พิชยภรณ์ พงศกรรังศิลป์* ,,,,,,,,,,,,,
,3,3,800,"วันอังคาร  10:30-12:00,วันพุธ  10:30-12:00","LH2-205 , LH2-205",Q03-1,80,,,,,,,พิชยภรณ์ พงศกรรังศิลป์* ,,,,,,,,,,,,,
01418211-65 การสร้างซอฟต์แวร์ (Software Construction),3,2,700,วันพฤหัสบดี  14:00-16:00,LH2-205,Q03-2,70,,,,,,,กฤษณะ ตรีฉลอง* ,,,,,,,,,,,,,
,,,,,,,,1,711,วันพฤหัสบดี  16:00-18:00,SC9-330,Q03-2,35,กฤษณะ ตรีฉลอง* ,,,,,,,,,,,,,
,,,,,,,,1,712,วันพฤหัสบดี  18:00-20:00,SC9-330,Q03-2,35,กฤษณะ ตรีฉลอง* ,,,,,,,,,,,,,
,3,2,800,วันศุกร์  13:00-15:00,LH2-205,"Q03-2 , Q03-3",75,,,,,,,กฤษณะ ตรีฉลอง* ,,,,,,,,,,,,,
,,,,,,,,1,800,วันศุกร์  15:00-17:00,SC9-330,"Q03-2 , Q03-3",37,กฤษณะ ตรีฉลอง* ,,,,,,,,,,,,,
,,,,,,,,1,801,วันศุกร์  17:00-19:00,SC9-330,Q03-2,35,กฤษณะ ตรีฉลอง* ,,,,,,,,,,,,,
01418212-65 การโปรแกรมภาษาซี (C Programming),3,2,700,วันอังคาร  16:00-18:00,SC9-333,"Q03-3 , Q03-4",33,,,,,,,ศศิน เทียนดี* ,,,,,,,,,,,,,
,,,,,,,,1,711,วันอังคาร  18:00-20:00,SC9-333,"Q03-3 , Q03-4",33,ศศิน เทียนดี* ,,,,,,,,,,,,,
,3,2,800,วันพุธ  16:00-18:00,SC9-333,"Q03-3 , Q03-4 , Q03-2",42,,,,,,,ศศิน เทียนดี* ,,,,,,,,,,,,,
,,,,,,,,1,800,วันพุธ  18:00-20:00,SC9-333,"Q03-3 , Q03-4 , Q03-2",42,ศศิน เทียนดี* ,,,,,,,,,,,,,
01418213-60 การโปรแกรมภาษาโคบอล (COBOL Programming),3,2,800,วันอาทิตย์  12:00-14:00,SC9-402,Q03-5,3,,,,,,,วรัทภพ ธภัทรสุวรรณ* ,,,,,,,,,,,,,
,,,,,,,,1,800,วันอาทิตย์  14:00-16:00,SC9-402,Q03-5,3,วรัทภพ ธภัทรสุวรรณ* ,,,,,,,,,,,,,
01418213-65 การโปรแกรมภาษาโคบอล (COBOL Programming),3,2,700,วันจันทร์  8:00-10:00,SC9-330,"Q03-3 , Q03-4",30,,,,,,,วรัทภพ ธภัทรสุวรรณ* ,,,,,,,,,,,,,
,,,,,,,,1,711,วันจันทร์  10:00-12:00,SC9-330,"Q03-3 , Q03-4",30,วรัทภพ ธภัทรสุวรรณ* ,,,,,,,,,,,,,
,3,2,800,วันจันทร์  13:00-15:00,SC9-330,"Q03-3 , Q03-4",30,,,,,,,วรัทภพ ธภัทรสุวรรณ* ,,,,,,,,,,,,,
,,,,,,,,1,800,วันจันทร์  15:00-17:00,SC9-330,"Q03-3 , Q03-4",30,วรัทภพ ธภัทรสุวรรณ* ,,,,,,,,,,,,,
01418222-60 การประยุกต์อินเทอร์เน็ตเพื่อการพาณิชย์ (Internet Application for Commerce),3,3,800,วันอาทิตย์  18:00-21:00,SC9-330,Q03-5,1,,,,,,,พิชยภรณ์ พงศกรรังศิลป์* ,,,,,,,,,,,,,
01418222-65 ระบบสารสนเทศวิสาหกิจ (Enterprise Information System),3,3,700,วันอังคาร  13:00-16:00,SC9-330,Q03-2,33,,,,,,,พิชยภรณ์ พงศกรรังศิลป์* ,,,,,,,,,,,,,
,3,3,800,วันจันทร์  17:00-20:00,SC9-330,"Q03-2 , Q03-3",42,,,,,,,พิชยภรณ์ พงศกรรังศิลป์* ,,,,,,,,,,,,,
01418231-60 โครงสร้างข้อมูล (Data Structures),3,3,800,วันอาทิตย์  9:00-12:00,SC9-402,-,1,,,,,,,กฤษณะ ตรีฉลอง* ,,,,,,,,,,,,,
01418231-65 โครงสร้างข้อมูลและขั้นตอนวิธี (Data Structures and Algorithms),3,3,700,วันจันทร์  9:00-12:00,LH4-503,"Q03-2 , Q03-3",70,,,,,,,กฤษณะ ตรีฉลอง* ,,,,,,,,,,,,,
,3,3,800,วันอังคาร  9:00-12:00,KH80-203,"Q03-2 , Q03-3",85,,,,,,,กฤษณะ ตรีฉลอง* ,,,,,,,,,,,,,
01418233-60 ภาษาแอสเซมบลีและสถาปัตยกรรมคอมพิวเตอร์ (Assembly Language and Computer Architecture),4,4,800,วันอาทิตย์  16:00-20:00,SC9-333,Q03-4X,2,,,,,,,"พิชยภรณ์ พงศกรรังศิลป์ , ภารุจ รัตนวรพันธุ์* ",,,,,,,,,,,,,
01418233-65 สถาปัตยกรรมคอมพิวเตอร์ (Computer Architecture),3,3,700,วันเสาร์  9:00-12:00,LH4-502,Q03-2,70,,,,,,,"พิชยภรณ์ พงศกรรังศิลป์ , ภารุจ รัตนวรพันธุ์* ",,,,,,,,,,,,,
,3,3,800,วันเสาร์  13:00-16:00,LH4-502,"Q03-2 , Q03-3",85,,,,,,,"พิชยภรณ์ พงศกรรังศิลป์ , ภารุจ รัตนวรพันธุ์* ",,,,,,,,,,,,,
01418321-65 การวิเคราะห์และการออกแบบระบบ (System Analysis and Design),3,2,700,วันพุธ  8:00-10:00,LH2-204,Q03-3,70,,,,,,,ศศิน เทียนดี* ,,,,,,,,,,,,,
,,,,,,,,1,711,วันพุธ  10:00-12:00,SC9-333,Q03-3,35,ศศิน เทียนดี* ,,,,,,,,,,,,,
,,,,,,,,1,712,วันพุธ  13:00-15:00,SC9-333,Q03-3,35,ศศิน เทียนดี* ,,,,,,,,,,,,,
,3,2,800,วันอังคาร  8:00-10:00,LH2-204,Q03-3,80,,,,,,,ศศิน เทียนดี* ,,,,,,,,,,,,,
,,,,,,,,1,800,วันอังคาร  10:00-12:00,SC9-333,Q03-3,40,ศศิน เทียนดี* ,,,,,,,,,,,,,
,,,,,,,,1,801,วันอังคาร  13:00-15:00,SC9-333,Q03-3,40,ศศิน เทียนดี* ,,,,,,,,,,,,,
01418331-65 ทฤษฎีการคำนวณ (Theory of Computation),3,3,700,วันอังคาร  13:00-16:00,LH2-204,Q03-3,70,,,,,,,วรัทภพ ธภัทรสุวรรณ* ,,,,,,,,,,,,,
,3,3,800,วันพุธ  9:00-12:00,LH3-210,Q03-3,80,,,,,,,วรัทภพ ธภัทรสุวรรณ* ,,,,,,,,,,,,,
01418351-60 หลักการการสื่อสารคอมพิวเตอร์และการประมวลผลบนคลาวด์ (Computer Communications and Cloud Computing Principles),3,3,700,วันเสาร์  9:00-12:00,SC9-330,Q03-5,1,,,,,,,ปรวี วงศ์สวัสดิ์สุริยะ* ,,,,,,,,,,,,,
,3,3,800,วันอาทิตย์  9:00-12:00,SC9-330,"Q03-6 , Q03-5",5,,,,,,,ปรวี วงศ์สวัสดิ์สุริยะ* ,,,,,,,,,,,,,
01418351-65 หลักการการเครือข่ายคอมพิวเตอร์และการประมวลผลบนคลาวด์ (Computer Networks and Cloud Computing Principles),3,3,700,วันพฤหัสบดี  13:00-16:00,LH2-204,Q03-3,70,,,,,,,ปรวี วงศ์สวัสดิ์สุริยะ* ,,,,,,,,,,,,,
,3,3,800,วันพฤหัสบดี  9:00-12:00,LH4-502,Q03-3,80,,,,,,,ปรวี วงศ์สวัสดิ์สุริยะ* ,,,,,,,,,,,,,
01418362-65 การเรียนรู้ของเครื่องเบื้องต้น (Introduction to Machine Learning),3,3,700,วันพุธ  9:00-12:00,SC9-402,Q03-4,30,,,,,,,พีรญา ธภัทรสุวรรณ* ,,,,,,,,,,,,,
,3,3,800,วันอังคาร  13:00-16:00,LH3-202,"Q03-4 , Q03-3",30,,,,,,,พีรญา ธภัทรสุวรรณ* ,,,,,,,,,,,,,
01418381-60 หลักการสร้างภาพเคลื่อนไหวด้วยคอมพิวเตอร์ (Principles of Computer Animation),3,3,700,วันอาทิตย์  9:00-12:00,SC9-333,Q03-5,1,,,,,,,ศศิน เทียนดี* ,,,,,,,,,,,,,
,3,3,800,วันอาทิตย์  13:00-16:00,SC9-333,Q03-5,1,,,,,,,ศศิน เทียนดี* ,,,,,,,,,,,,,
01418381-65 คอมพิวเตอร์กราฟิกส์เชิงโต้ตอบเบื้องต้น (Introduction to Interactive Computer Graphics),3,3,700,วันจันทร์  13:00-16:00,SC9-333,Q03-3,30,,,,,,,ศศิน เทียนดี* ,,,,,,,,,,,,,
,3,3,800,วันจันทร์  9:00-12:00,SC9-333,Q03-3,30,,,,,,,ศศิน เทียนดี* ,,,,,,,,,,,,,
01418390-60 การเตรียมความพร้อมสหกิจศึกษา (Cooperative Education Preparation),1,1,701,ยังไม่มีการกำหนดวัน-เวลาเรียน,ยังไม่มีการกำหนดห้องเรียน,Q03-5,1,,,,,,,ปรวี วงศ์สวัสดิ์สุริยะ* ,,,,,,,,,,,,,
01418390-65 การเตรียมความพร้อมสหกิจศึกษา (Cooperative Education Preparation),1,1,700,วันจันทร์  16:00-18:00,SC9-333,Q03-3,16,,,,,,,ศศิน เทียนดี* ,,,,,,,,,,,,,
,1,1,701,วันจันทร์  16:00-18:00,SC9-333,Q03-3,20,,,,,,,ปรวี วงศ์สวัสดิ์สุริยะ* ,,,,,,,,,,,,,
,1,1,702,วันพฤหัสบดี  10:00-12:00,SC9-333,Q03-3,15,,,,,,,พิชยภรณ์ พงศกรรังศิลป์* ,,,,,,,,,,,,,
,1,1,703,วันพฤหัสบดี  10:00-12:00,SC9-402,Q03-3,15,,,,,,,วรัทภพ ธภัทรสุวรรณ* ,,,,,,,,,,,,,
,1,1,704,วันพฤหัสบดี  10:00-12:00,SC9-402,Q03-3,15,,,,,,,พีรญา ธภัทรสุวรรณ* ,,,,,,,,,,,,,
,1,1,705,วันพฤหัสบดี  10:00-12:00,SC9-330,Q03-3,15,,,,,,,กฤษณะ ตรีฉลอง* ,,,,,,,,,,,,,
,1,1,800,วันจันทร์  18:00-20:00,SC9-333,Q03-3,15,,,,,,,ศศิน เทียนดี* ,,,,,,,,,,,,,
,1,1,801,วันจันทร์  18:00-20:00,SC9-333,Q03-3,15,,,,,,,ปรวี วงศ์สวัสดิ์สุริยะ* ,,,,,,,,,,,,,
,1,1,802,วันพฤหัสบดี  13:00-15:00,SC9-333,Q03-3,15,,,,,,,พิชยภรณ์ พงศกรรังศิลป์* ,,,,,,,,,,,,,
,1,1,803,วันพฤหัสบดี  13:00-15:00,SC9-402,Q03-3,15,,,,,,,วรัทภพ ธภัทรสุวรรณ* ,,,,,,,,,,,,,
,1,1,804,วันพฤหัสบดี  13:00-15:00,SC9-402,Q03-3,15,,,,,,,พีรญา ธภัทรสุวรรณ* ,,,,,,,,,,,,,
,1,1,805,วันจันทร์  19:00-21:00,SC9-402,Q03-3,15,,,,,,,กฤษณะ ตรีฉลอง* ,,,,,,,,,,,,,
01418441-65 เว็บเทคโนโลยีและเว็บบริการ (Web Technology and Web Services),3,2,700,วันอังคาร  10:00-12:00,SC9-402,"Q03-3 , Q03-4",30,,,,,,,วรัทภพ ธภัทรสุวรรณ* ,,,,,,,,,,,,,
,,,,,,,,1,711,วันพฤหัสบดี  17:00-19:00,SC9-402,"Q03-3 , Q03-4",30,วรัทภพ ธภัทรสุวรรณ* ,,,,,,,,,,,,,
,3,2,800,วันพุธ  13:00-15:00,SC9-402,"Q03-3 , Q03-4",33,,,,,,,วรัทภพ ธภัทรสุวรรณ* ,,,,,,,,,,,,,
,,,,,,,,1,800,วันพฤหัสบดี  15:00-17:00,SC9-402,"Q03-4 , Q03-3",33,วรัทภพ ธภัทรสุวรรณ* ,,,,,,,,,,,,,
01418442-60 เว็บเทคโนโลยีและเว็บบริการ (Web Technology and Web Services),3,2,800,วันอาทิตย์  16:00-18:00,SC9-402,Q03-5,1,,,,,,,วรัทภพ ธภัทรสุวรรณ* ,,,,,,,,,,,,,
,,,,,,,,1,800,วันอาทิตย์  18:00-20:00,SC9-402,Q03-5,1,วรัทภพ ธภัทรสุวรรณ* ,,,,,,,,,,,,,
01418474-65 การทดสอบและทวนสอบซอฟต์แวร์ (Software Testing and Verification),3,3,700,วันศุกร์  14:00-17:00,SC9-402,"Q03-3 , Q03-4",30,,,,,,,ปรวี วงศ์สวัสดิ์สุริยะ* ,,,,,,,,,,,,,
,3,3,800,วันพฤหัสบดี  17:00-20:00,SC9-402,"Q03-3 , Q03-4",30,,,,,,,ปรวี วงศ์สวัสดิ์สุริยะ* ,,,,,,,,,,,,,
01418475-60 การทดสอบและทวนสอบซอฟต์แวร์ (Software Testing and Verification),3,3,700,วันพฤหัสบดี  17:00-20:00,ติดต่อผู้สอน,Q03-5,5,,,,,,,ปรวี วงศ์สวัสดิ์สุริยะ* ,,,,,,,,,,,,,
,3,3,800,วันเสาร์  13:00-16:00,ติดต่อผู้สอน,-,5,,,,,,,ปรวี วงศ์สวัสดิ์สุริยะ* ,,,,,,,,,,,,,
01418490-60 สหกิจศึกษา (Cooperative Education),,,,,,,,6,711,ยังไม่มีการกำหนดวัน-เวลาเรียน,ยังไม่มีการกำหนดห้องเรียน,Q03-4X,10,ศศิน เทียนดี* ,,,,,,,,,,,,,
,,,,,,,,6,712,ยังไม่มีการกำหนดวัน-เวลาเรียน,ยังไม่มีการกำหนดห้องเรียน,Q03-4X,10,ปรวี วงศ์สวัสดิ์สุริยะ* ,,,,,,,,,,,,,
,,,,,,,,6,713,ยังไม่มีการกำหนดวัน-เวลาเรียน,ยังไม่มีการกำหนดห้องเรียน,Q03-4X,10,พิชยภรณ์ พงศกรรังศิลป์* ,,,,,,,,,,,,,
,,,,,,,,6,714,ยังไม่มีการกำหนดวัน-เวลาเรียน,ยังไม่มีการกำหนดห้องเรียน,Q03-4X,10,วรัทภพ ธภัทรสุวรรณ* ,,,,,,,,,,,,,
,,,,,,,,6,715,ยังไม่มีการกำหนดวัน-เวลาเรียน,ยังไม่มีการกำหนดห้องเรียน,Q03-4X,10,พีรญา ธภัทรสุวรรณ* ,,,,,,,,,,,,,
,,,,,,,,6,716,ยังไม่มีการกำหนดวัน-เวลาเรียน,ยังไม่มีการกำหนดห้องเรียน,Q03-4X,10,กฤษณะ ตรีฉลอง* ,,,,,,,,,,,,,
,,,,,,,,6,800,ยังไม่มีการกำหนดวัน-เวลาเรียน,ยังไม่มีการกำหนดห้องเรียน,Q03-4X,10,ศศิน เทียนดี* ,,,,,,,,,,,,,
,,,,,,,,6,801,ยังไม่มีการกำหนดวัน-เวลาเรียน,ยังไม่มีการกำหนดห้องเรียน,Q03-4X,10,ปรวี วงศ์สวัสดิ์สุริยะ* ,,,,,,,,,,,,,
,,,,,,,,6,802,ยังไม่มีการกำหนดวัน-เวลาเรียน,ยังไม่มีการกำหนดห้องเรียน,Q03-4X,10,พิชยภรณ์ พงศกรรังศิลป์* ,,,,,,,,,,,,,
,,,,,,,,6,803,ยังไม่มีการกำหนดวัน-เวลาเรียน,ยังไม่มีการกำหนดห้องเรียน,Q03-4X,10,วรัทภพ ธภัทรสุวรรณ* ,,,,,,,,,,,,,
,,,,,,,,6,804,ยังไม่มีการกำหนดวัน-เวลาเรียน,ยังไม่มีการกำหนดห้องเรียน,Q03-4X,10,พีรญา ธภัทรสุวรรณ* ,,,,,,,,,,,,,
,,,,,,,,6,805,ยังไม่มีการกำหนดวัน-เวลาเรียน,ยังไม่มีการกำหนดห้องเรียน,Q03-4X,10,กฤษณะ ตรีฉลอง* ,,,,,,,,,,,,,
01418490-65 สหกิจศึกษา (Cooperative Education),,,,,,,,6,711,ยังไม่มีการกำหนดวัน-เวลาเรียน,ยังไม่มีการกำหนดห้องเรียน,Q03-4X,10,ศศิน เทียนดี* ,,,,,,,,,,,,,
,,,,,,,,6,712,ยังไม่มีการกำหนดวัน-เวลาเรียน,ยังไม่มีการกำหนดห้องเรียน,Q03-4X,10,ปรวี วงศ์สวัสดิ์สุริยะ* ,,,,,,,,,,,,,
,,,,,,,,6,713,ยังไม่มีการกำหนดวัน-เวลาเรียน,ยังไม่มีการกำหนดห้องเรียน,Q03-4X,10,พิชยภรณ์ พงศกรรังศิลป์* ,,,,,,,,,,,,,
,,,,,,,,6,714,ยังไม่มีการกำหนดวัน-เวลาเรียน,ยังไม่มีการกำหนดห้องเรียน,Q03-4X,10,วรัทภพ ธภัทรสุวรรณ* ,,,,,,,,,,,,,
,,,,,,,,6,715,ยังไม่มีการกำหนดวัน-เวลาเรียน,ยังไม่มีการกำหนดห้องเรียน,Q03-4X,10,พีรญา ธภัทรสุวรรณ* ,,,,,,,,,,,,,
,,,,,,,,6,716,ยังไม่มีการกำหนดวัน-เวลาเรียน,ยังไม่มีการกำหนดห้องเรียน,Q03-4X,10,กฤษณะ ตรีฉลอง* ,,,,,,,,,,,,,
,,,,,,,,6,800,ยังไม่มีการกำหนดวัน-เวลาเรียน,ยังไม่มีการกำหนดห้องเรียน,Q03-4X,10,ศศิน เทียนดี* ,,,,,,,,,,,,,
,,,,,,,,6,801,ยังไม่มีการกำหนดวัน-เวลาเรียน,ยังไม่มีการกำหนดห้องเรียน,Q03-4X,10,ปรวี วงศ์สวัสดิ์สุริยะ* ,,,,,,,,,,,,,
,,,,,,,,6,802,ยังไม่มีการกำหนดวัน-เวลาเรียน,ยังไม่มีการกำหนดห้องเรียน,Q03-4X,10,พิชยภรณ์ พงศกรรังศิลป์* ,,,,,,,,,,,,,
,,,,,,,,6,803,ยังไม่มีการกำหนดวัน-เวลาเรียน,ยังไม่มีการกำหนดห้องเรียน,Q03-4X,10,วรัทภพ ธภัทรสุวรรณ* ,,,,,,,,,,,,,
,,,,,,,,6,804,ยังไม่มีการกำหนดวัน-เวลาเรียน,ยังไม่มีการกำหนดห้องเรียน,Q03-4X,10,พีรญา ธภัทรสุวรรณ* ,,,,,,,,,,,,,
,,,,,,,,6,805,ยังไม่มีการกำหนดวัน-เวลาเรียน,ยังไม่มีการกำหนดห้องเรียน,Q03-4X,10,กฤษณะ ตรีฉลอง* ,,,,,,,,,,,,,
01418499-65 โครงงานวิทยาการคอมพิวเตอร์ (Computer Science Project),,,,,,,,3,711,วันเสาร์  16:00-18:00,ติดต่อผู้สอน,Q03-4,10,ศศิน เทียนดี* ,,,,,,,,,,,,,
,,,,,,,,3,712,วันเสาร์  16:00-18:00,ติดต่อผู้สอน,Q03-4,10,ปรวี วงศ์สวัสดิ์สุริยะ* ,,,,,,,,,,,,,
,,,,,,,,3,713,วันเสาร์  16:00-18:00,ติดต่อผู้สอน,Q03-4,10,พิชยภรณ์ พงศกรรังศิลป์* ,,,,,,,,,,,,,
,,,,,,,,3,714,วันเสาร์  16:00-18:00,ติดต่อผู้สอน,Q03-4,20,วรัทภพ ธภัทรสุวรรณ* ,,,,,,,,,,,,,
,,,,,,,,3,715,วันเสาร์  16:00-18:00,ติดต่อผู้สอน,Q03-4,10,พีรญา ธภัทรสุวรรณ* ,,,,,,,,,,,,,
,,,,,,,,3,716,วันเสาร์  16:00-18:00,ติดต่อผู้สอน,"Q03-4 , Q03-5",12,กฤษณะ ตรีฉลอง* ,,,,,,,,,,,,,
,,,,,,,,3,800,วันเสาร์  18:00-20:00,ติดต่อผู้สอน,Q03-4,10,ศศิน เทียนดี* ,,,,,,,,,,,,,
,,,,,,,,3,801,วันเสาร์  18:00-20:00,ติดต่อผู้สอน,"Q03-4 , Q03-5",20,ปรวี วงศ์สวัสดิ์สุริยะ* ,,,,,,,,,,,,,
,,,,,,,,3,802,วันเสาร์  18:00-20:00,ติดต่อผู้สอน,"Q03-4 , Q03-5",14,พิชยภรณ์ พงศกรรังศิลป์* ,,,,,,,,,,,,,
,,,,,,,,3,803,วันเสาร์  18:00-20:00,ติดต่อผู้สอน,"Q03-4 , Q03-6 , Q03-5",13,วรัทภพ ธภัทรสุวรรณ* ,,,,,,,,,,,,,
,,,,,,,,3,804,วันเสาร์  18:00-20:00,ติดต่อผู้สอน,Q03-4,25,พีรญา ธภัทรสุวรรณ* ,,,,,,,,,,,,,
,,,,,,,,3,805,วันเสาร์  18:00-20:00,ติดต่อผู้สอน,"Q03-4 , Q03-6 , Q03-5",17,กฤษณะ ตรีฉลอง* ,,,,,,,,,,,,,
01419211-65 จุลชีววิทยาทั่วไป (General Microbiology),3,3,700,"วันอังคาร  10:30-12:00,วันพฤหัสบดี  10:30-12:00","LH3-302 , LH3-302","A26-2 , A29-2 , A33-2 , A39-2 , F39-2",350,,,,,,,"มลธิรา ศรีถาวร*  , พงศ์ระวี นิ่มน้อย , อารีย์ อินทร์นวล , ฐิติพร ปัญญาชนะกุล , คฑาวุธ โสภาลุน , จินตนาถ วงศ์ชวลิต , สุทธิชา ณ ระนอง ธรรมสิทธิรงค์ , รัชนี มิ่งมา",,,,,,,,,,,,,
,3,3,701,"วันอังคาร  15:00-16:30,วันพฤหัสบดี  15:00-16:30","LH3-302 , LH3-302","Q09-2 , Q28-3 , T02-2 , A34-2",235,,,,,,,"มลธิรา ศรีถาวร*  , พงศ์ระวี นิ่มน้อย , อารีย์ อินทร์นวล , ฐิติพร ปัญญาชนะกุล , คฑาวุธ โสภาลุน , จินตนาถ วงศ์ชวลิต , สุทธิชา ณ ระนอง ธรรมสิทธิรงค์ , รัชนี มิ่งมา",,,,,,,,,,,,,
01419213-65 จุลชีววิทยาทั่วไปภาคปฏิบัติการ (Laboratory in General Microbiology),,,,,,,,2,711,"วันจันทร์  13:00-16:00,วันพุธ  13:00-16:00","SC14-427 , SC14-427","Q09-2 , Q09-3",44,"อรวรรณ ชุณหชาติ*  , เยาวนุช พรมนวล , สุทธิชา ณ ระนอง ธรรมสิทธิรงค์ , รัชนี มิ่งมา",,,,,,,,,,,,,
,,,,,,,,2,712,"วันจันทร์  13:00-16:00,วันพุธ  13:00-16:00","SC14-519 , SC14-519","Q09-2 , Q09-3",25,"อรวรรณ ชุณหชาติ*  , เยาวนุช พรมนวล , สุทธิชา ณ ระนอง ธรรมสิทธิรงค์ , รัชนี มิ่งมา",,,,,,,,,,,,,
,,,,,,,,2,713,"วันจันทร์  13:00-16:00,วันพุธ  13:00-16:00","SC14-520 , SC14-520","Q09-2 , Q09-3",25,"อรวรรณ ชุณหชาติ*  , เยาวนุช พรมนวล , สุทธิชา ณ ระนอง ธรรมสิทธิรงค์ , รัชนี มิ่งมา",,,,,,,,,,,,,
01419214-65 จุลชีววิทยาพื้นฐานภาคปฏิบัติการ (Laboratory in Fundamental Microbiology),,,,,,,,1,711,วันจันทร์  9:00-12:00,SC14-422,T02-2,27,"จุฑาทิพย์ โพธิ์อุบล*  , อารีย์ อินทร์นวล",,,,,,,,,,,,,
,,,,,,,,1,712,วันจันทร์  9:00-12:00,SC14-423,T02-2,28,"จุฑาทิพย์ โพธิ์อุบล*  , จินตนาถ วงศ์ชวลิต",,,,,,,,,,,,,
,,,,,,,,1,713,วันจันทร์  13:00-16:00,SC14-422,F39-2,28,"จุฑาทิพย์ โพธิ์อุบล*  , อารีย์ อินทร์นวล",,,,,,,,,,,,,
,,,,,,,,1,714,วันจันทร์  13:00-16:00,SC14-423,F39-2,29,"จุฑาทิพย์ โพธิ์อุบล*  , จินตนาถ วงศ์ชวลิต",,,,,,,,,,,,,
,,,,,,,,1,715,วันจันทร์  13:00-16:00,SC14-424,F39-2,29,จุฑาทิพย์ โพธิ์อุบล* ,,,,,,,,,,,,,
,,,,,,,,1,716,วันพุธ  9:00-12:00,SC14-422,A26-2,27,"จุฑาทิพย์ โพธิ์อุบล*  , รัชนี มิ่งมา",,,,,,,,,,,,,
,,,,,,,,1,717,วันพุธ  9:00-12:00,SC14-423,"A26-2 , A34-2",27,"จุฑาทิพย์ โพธิ์อุบล*  , ฐิติพร ปัญญาชนะกุล",,,,,,,,,,,,,
,,,,,,,,1,718,วันพุธ  9:00-12:00,SC14-424,A34-2,28,จุฑาทิพย์ โพธิ์อุบล* ,,,,,,,,,,,,,
,,,,,,,,1,719,วันพุธ  13:00-16:00,SC14-422,A29-2,32,"จุฑาทิพย์ โพธิ์อุบล*  , มลธิรา ศรีถาวร",,,,,,,,,,,,,
,,,,,,,,1,720,วันพุธ  13:00-16:00,SC14-423,A29-2,33,"จุฑาทิพย์ โพธิ์อุบล*  , พงศ์ระวี นิ่มน้อย",,,,,,,,,,,,,
,,,,,,,,1,721,วันศุกร์  9:00-12:00,SC14-422,A33-2,33,"จุฑาทิพย์ โพธิ์อุบล*  , มลธิรา ศรีถาวร",,,,,,,,,,,,,
,,,,,,,,1,722,วันศุกร์  9:00-12:00,SC14-423,A33-2,33,"จุฑาทิพย์ โพธิ์อุบล*  , ศรัณย์ พรหมสาย",,,,,,,,,,,,,
,,,,,,,,1,723,วันศุกร์  9:00-12:00,SC14-424,A33-2,34,"จุฑาทิพย์ โพธิ์อุบล*  , อานนท์ ธรรมสิทธิรงค์",,,,,,,,,,,,,
,,,,,,,,1,724,วันศุกร์  9:00-12:00,SC14-425,A33-2,37,"จุฑาทิพย์ โพธิ์อุบล*  , คฑาวุธ โสภาลุน",,,,,,,,,,,,,
,,,,,,,,1,725,วันศุกร์  13:00-16:00,SC14-422,"A39-2 , Q28-3",29,"จุฑาทิพย์ โพธิ์อุบล*  , อารีย์ อินทร์นวล",,,,,,,,,,,,,
,,,,,,,,1,726,วันศุกร์  13:00-16:00,SC14-423,"A39-2 , Q28-3",29,"จุฑาทิพย์ โพธิ์อุบล*  , เยาวนุช พรมนวล",,,,,,,,,,,,,
01419325-65 ราวิทยา (Mycology),3,2,700,วันอังคาร  10:00-12:00,LH3-303,"Q09-3 , Q09-4 , Q09-5 , Q09-6",105,,,,,,,"สุทธิชา ณ ระนอง ธรรมสิทธิรงค์*  , รัชนี มิ่งมา , คฑาวุธ โสภาลุน , อานนท์ ธรรมสิทธิรงค์",,,,,,,,,,,,,
,,,,,,,,1,711,วันอังคาร  13:00-16:00,SC14-427,"Q09-5 , Q09-6 , Q09-3 , Q09-4",45,"สุทธิชา ณ ระนอง ธรรมสิทธิรงค์*  , รัชนี มิ่งมา , คฑาวุธ โสภาลุน , อานนท์ ธรรมสิทธิรงค์",,,,,,,,,,,,,
,,,,,,,,1,712,วันอังคาร  13:00-16:00,SC14-423,"Q09-5 , Q09-6 , Q09-3 , Q09-4",32,"สุทธิชา ณ ระนอง ธรรมสิทธิรงค์*  , รัชนี มิ่งมา , คฑาวุธ โสภาลุน , อานนท์ ธรรมสิทธิรงค์",,,,,,,,,,,,,
,,,,,,,,1,713,วันอังคาร  13:00-16:00,SC14-424,"Q09-3 , Q09-4 , Q09-5 , Q09-6",30,"สุทธิชา ณ ระนอง ธรรมสิทธิรงค์*  , รัชนี มิ่งมา , คฑาวุธ โสภาลุน , อานนท์ ธรรมสิทธิรงค์",,,,,,,,,,,,,
01419371-65 ระบบพันธุกรรมของจุลินทรีย์ (Genetic Systems of Microorganisms),3,3,700,วันศุกร์  9:00-12:00,LH3-304,"Q09-3 , Q09-4",85,,,,,,,"รัชนี มิ่งมา*  , อานนท์ ธรรมสิทธิรงค์ , สุทธิชา ณ ระนอง ธรรมสิทธิรงค์ , พงศ์ระวี นิ่มน้อย , จินตนาถ วงศ์ชวลิต , เยาวนุช พรมนวล , ศรัณย์ พรหมสาย",,,,,,,,,,,,,
01419411-65 การเจริญและการเพาะเลี้ยงเซลล์จุลินทรีย์ (Microbial Cell Growth and Cultivation),3,2,700,วันจันทร์  10:00-12:00,LH3-303,"Q09-3 , Q09-4 , Q09-5 , Q09-6",105,,,,,,,"อรวรรณ ชุณหชาติ*  , ศรัณย์ พรหมสาย , ฐิติพร ปัญญาชนะกุล",,,,,,,,,,,,,
,,,,,,,,1,711,วันศุกร์  13:00-16:00,SC14-518,"Q09-3 , Q09-4 , Q09-5 , Q09-6",35,"อรวรรณ ชุณหชาติ*  , ศรัณย์ พรหมสาย , ฐิติพร ปัญญาชนะกุล",,,,,,,,,,,,,
,,,,,,,,1,712,วันศุกร์  13:00-16:00,SC14-519,"Q09-3 , Q09-4 , Q09-5 , Q09-6",35,"อรวรรณ ชุณหชาติ*  , ศรัณย์ พรหมสาย , ฐิติพร ปัญญาชนะกุล",,,,,,,,,,,,,
,,,,,,,,1,713,วันศุกร์  13:00-16:00,SC14-520,"Q09-3 , Q09-4 , Q09-5 , Q09-6",35,"อรวรรณ ชุณหชาติ*  , ศรัณย์ พรหมสาย , ฐิติพร ปัญญาชนะกุล",,,,,,,,,,,,,
01419413-65 การเก็บรักษาเชื้อจุลินทรีย์ (Preservation of Microbial Cultures),3,2,700,วันจันทร์  10:00-12:00,ติดต่อผู้สอน,Q09-4,25,,,,,,,"มลธิรา ศรีถาวร*  , ศรัณย์ พรหมสาย",,,,,,,,,,,,,
,,,,,,,,1,711,วันพฤหัสบดี  9:00-12:00,ติดต่อผู้สอน,Q09-4,25,"มลธิรา ศรีถาวร*  , ศรัณย์ พรหมสาย",,,,,,,,,,,,,
01419414-65 การอ่านและเขียนภาษาอังกฤษทางจุลชีววิทยา (English Reading and Writing in Microbiology),1,1,700,วันศุกร์  9:00-11:00,LH4-306,Q09-4,95,,,,,,,"คฑาวุธ โสภาลุน*  , อานนท์ ธรรมสิทธิรงค์ , ฐิติพร ปัญญาชนะกุล , อรวรรณ ชุณหชาติ , จุฑาทิพย์ โพธิ์อุบล , จินตนาถ วงศ์ชวลิต",,,,,,,,,,,,,
01419423-60 แอคติโนมัยซีท (Actinomycetes),3,2,700,วันอังคาร  16:30-18:30,ติดต่อผู้สอน,"Q09-5 , Q09-6",5,,,,,,,พงศ์ระวี นิ่มน้อย* ,,,,,,,,,,,,,
,,,,,,,,1,711,ยังไม่มีการกำหนดวัน-เวลาเรียน,ยังไม่มีการกำหนดห้องเรียน,"Q09-5 , Q09-6",5,พงศ์ระวี นิ่มน้อย* ,,,,,,,,,,,,,
01419423-65 แอคติโนมัยซีท (Actinomycetes),3,2,700,วันอังคาร  16:30-18:30,ติดต่อผู้สอน,"Q09-3 , Q09-4",25,,,,,,,พงศ์ระวี นิ่มน้อย* ,,,,,,,,,,,,,
,,,,,,,,1,711,ยังไม่มีการกำหนดวัน-เวลาเรียน,ยังไม่มีการกำหนดห้องเรียน,"Q09-3 , Q09-4",25,พงศ์ระวี นิ่มน้อย* ,,,,,,,,,,,,,
01419435-65 จุลชีววิทยาของน้ำนมและผลิตภัณฑ์นม (Microbiology of Milk and Milk Products),3,2,700,วันอังคาร  9:00-11:00,SC14-425,Q09-4,25,,,,,,,จุฑาทิพย์ โพธิ์อุบล* ,,,,,,,,,,,,,
,,,,,,,,1,711,วันอังคาร  13:00-16:00,SC14-425,Q09-4,25,จุฑาทิพย์ โพธิ์อุบล* ,,,,,,,,,,,,,
01419436-65 จุลชีววิทยาอุตสาหกรรม (Industrial Microbiology),3,2,700,วันอังคาร  10:00-12:00,ติดต่อผู้สอน,Q09-4,25,,,,,,,"อรวรรณ ชุณหชาติ , คฑาวุธ โสภาลุน , ฐิติพร ปัญญาชนะกุล* ",,,,,,,,,,,,,
,,,,,,,,1,711,วันอังคาร  13:00-16:00,ติดต่อผู้สอน,Q09-4,25,"ฐิติพร ปัญญาชนะกุล*  , อรวรรณ ชุณหชาติ , คฑาวุธ โสภาลุน",,,,,,,,,,,,,
01419438-65 จุลชีววิทยาของอาหารหมัก (Microbiology of Fermented Foods),3,2,700,ยังไม่มีการกำหนดวัน-เวลาเรียน,ยังไม่มีการกำหนดห้องเรียน,Q09-3,30,,,,,,,อารีย์ อินทร์นวล* ,,,,,,,,,,,,,
,,,,,,,,1,711,ยังไม่มีการกำหนดวัน-เวลาเรียน,ยังไม่มีการกำหนดห้องเรียน,Q09-3,30,อารีย์ อินทร์นวล* ,,,,,,,,,,,,,
01419482-60 จุลชีววิทยาของภาวะมลพิษ (Pollution Microbiology),3,2,700,วันพุธ  16:30-18:30,ติดต่อผู้สอน,"Q09-5 , Q09-6",5,,,,,,,พงศ์ระวี นิ่มน้อย* ,,,,,,,,,,,,,
,,,,,,,,1,711,ยังไม่มีการกำหนดวัน-เวลาเรียน,ยังไม่มีการกำหนดห้องเรียน,"Q09-5 , Q09-6",5,พงศ์ระวี นิ่มน้อย* ,,,,,,,,,,,,,
01419482-65 จุลชีววิทยาของภาวะมลพิษ (Pollution Microbiology),3,2,700,วันพุธ  16:30-18:30,ติดต่อผู้สอน,"Q09-3 , Q09-4",25,,,,,,,พงศ์ระวี นิ่มน้อย* ,,,,,,,,,,,,,
,,,,,,,,1,711,ยังไม่มีการกำหนดวัน-เวลาเรียน,ยังไม่มีการกำหนดห้องเรียน,"Q09-3 , Q09-4",25,พงศ์ระวี นิ่มน้อย* ,,,,,,,,,,,,,
01419484-65 จุลชีววิทยาของการบำบัดน้ำเสีย (Microbiology of Waste Water Treatment),3,2,700,วันพฤหัสบดี  10:00-12:00,ติดต่อผู้สอน,Q09-4,25,,,,,,,"ฐิติพร ปัญญาชนะกุล*  , อรวรรณ ชุณหชาติ",,,,,,,,,,,,,
,,,,,,,,1,711,วันจันทร์  13:00-16:00,ติดต่อผู้สอน,Q09-4,25,"ฐิติพร ปัญญาชนะกุล*  , อรวรรณ ชุณหชาติ",,,,,,,,,,,,,
01419485-60 จุลินทรีย์ในดิน (Soil Microorganisms),3,2,700,ยังไม่มีการกำหนดวัน-เวลาเรียน,ยังไม่มีการกำหนดห้องเรียน,"Q09-5 , Q09-6",5,,,,,,,"จินตนาถ วงศ์ชวลิต*  , ฐิติพร ปัญญาชนะกุล",,,,,,,,,,,,,
,,,,,,,,1,711,ยังไม่มีการกำหนดวัน-เวลาเรียน,ยังไม่มีการกำหนดห้องเรียน,"Q09-5 , Q09-6",5,"จินตนาถ วงศ์ชวลิต*  , รัชนี มิ่งมา",,,,,,,,,,,,,
01419485-65 จุลินทรีย์ในดิน (Soil Microorganisms),3,2,700,ยังไม่มีการกำหนดวัน-เวลาเรียน,ยังไม่มีการกำหนดห้องเรียน,"Q09-3 , Q09-4",25,,,,,,,"จินตนาถ วงศ์ชวลิต*  , รัชนี มิ่งมา",,,,,,,,,,,,,
,,,,,,,,1,711,ยังไม่มีการกำหนดวัน-เวลาเรียน,ยังไม่มีการกำหนดห้องเรียน,"Q09-3 , Q09-4",25,"จินตนาถ วงศ์ชวลิต*  , รัชนี มิ่งมา",,,,,,,,,,,,,
01419486-65 จุลชีววิทยาในแหล่งน้ำ (Aquatic Microbiology),3,2,700,ยังไม่มีการกำหนดวัน-เวลาเรียน,ยังไม่มีการกำหนดห้องเรียน,Q09-4,25,,,,,,,เยาวนุช พรมนวล* ,,,,,,,,,,,,,
,,,,,,,,1,711,ยังไม่มีการกำหนดวัน-เวลาเรียน,ยังไม่มีการกำหนดห้องเรียน,Q09-4,25,เยาวนุช พรมนวล* ,,,,,,,,,,,,,
01419487-65 จุลชีววิทยาเพื่อการเกษตร (Microbiology for Agriculture),3,2,700,วันจันทร์  16:00-18:00,ติดต่อผู้สอน,Q09-4,30,,,,,,,"อานนท์ ธรรมสิทธิรงค์*  , สุทธิชา ณ ระนอง ธรรมสิทธิรงค์",,,,,,,,,,,,,
,,,,,,,,1,711,วันจันทร์  13:00-16:00,ติดต่อผู้สอน,Q09-4,30,"อานนท์ ธรรมสิทธิรงค์*  , สุทธิชา ณ ระนอง ธรรมสิทธิรงค์",,,,,,,,,,,,,
01419497-60 สัมมนา (Seminar),1,1,700,วันพฤหัสบดี  13:00-16:00,LH3-201,Q09-5,4,,,,,,,"จุฑาทิพย์ โพธิ์อุบล*  , พงศ์ระวี นิ่มน้อย",,,,,,,,,,,,,
,1,1,701,วันพฤหัสบดี  13:00-16:00,LH3-202,Q09-5,4,,,,,,,"มลธิรา ศรีถาวร*  , ฐิติพร ปัญญาชนะกุล",,,,,,,,,,,,,
,1,1,702,วันพฤหัสบดี  13:00-16:00,LH3-203,Q09-5,4,,,,,,,"เยาวนุช พรมนวล*  , อรวรรณ ชุณหชาติ",,,,,,,,,,,,,
01419497-65 สัมมนา (Seminar),1,1,700,วันพฤหัสบดี  13:00-16:00,LH3-201,Q09-4,32,,,,,,,"จุฑาทิพย์ โพธิ์อุบล*  , พงศ์ระวี นิ่มน้อย",,,,,,,,,,,,,
,1,1,701,วันพฤหัสบดี  13:00-16:00,LH3-202,Q09-4,32,,,,,,,"มลธิรา ศรีถาวร*  , ฐิติพร ปัญญาชนะกุล",,,,,,,,,,,,,
,1,1,702,วันพฤหัสบดี  13:00-16:00,LH3-203,Q09-4,32,,,,,,,"เยาวนุช พรมนวล*  , อรวรรณ ชุณหชาติ",,,,,,,,,,,,,
01419499-60 โครงงานจุลชีววิทยา (Microbiology Projects),,,,,,,,3,711,ยังไม่มีการกำหนดวัน-เวลาเรียน,ยังไม่มีการกำหนดห้องเรียน,"Q09-5 , Q09-6 , Q09-4",10,"พงศ์ระวี นิ่มน้อย*  , เยาวนุช พรมนวล",,,,,,,,,,,,,
01419499-65 โครงงานจุลชีววิทยา (Microbiology Projects),,,,,,,,3,711,ยังไม่มีการกำหนดวัน-เวลาเรียน,ยังไม่มีการกำหนดห้องเรียน,Q09-4,5,"พงศ์ระวี นิ่มน้อย*  , เยาวนุช พรมนวล",,,,,,,,,,,,,
01420101-66 ฟิสิกส์ในชีวิตประจำวัน (Physics in Everyday life),2,2,700,ติดต่อผู้สอน,ติดต่อผู้สอน,"F80-2 , F80-3",70,,,,,,,"สุชีวัน กรอบทอง*  , ศศิมลฑล ม่วงศรีจันทร์ , วัชระ ทองเสมอ",,,,,,,,,,,,,
01420111-66 ฟิสิกส์ทั่วไป I (General Physics I),3,3,700,"วันจันทร์  8:30-10:00,วันพุธ  8:30-10:00","LH4-101 , LH4-101","E04 , E38 , E29",200,,,,,,,"สุทธิพจน์ วงศ์ฤกษ์ดี , ศุภเดช สุจินพรัหม , ศศิมลฑล ม่วงศรีจันทร์*  , ฤดีรัตน์ สันตะโก , บุษรา พัฒนศิริ",,,,,,,,,,,,,
,3,3,701,"วันจันทร์  13:00-14:30,วันพุธ  13:00-14:30","LH4-502 , LH4-502","E36 , Q07",100,,,,,,,"สุทธิพจน์ วงศ์ฤกษ์ดี , ศุภเดช สุจินพรัหม , ศศิมลฑล ม่วงศรีจันทร์*  , ฤดีรัตน์ สันตะโก , บุษรา พัฒนศิริ",,,,,,,,,,,,,
,3,3,702,"วันอังคาร  10:30-12:00,วันพฤหัสบดี  10:30-12:00","LH4-301 , LH4-301","E37 , E03 , E24",200,,,,,,,"สุทธิพจน์ วงศ์ฤกษ์ดี , ศุภเดช สุจินพรัหม , ศศิมลฑล ม่วงศรีจันทร์*  , ฤดีรัตน์ สันตะโก , บุษรา พัฒนศิริ",,,,,,,,,,,,,
,3,3,846,"วันอังคาร  15:00-16:30,วันพฤหัสบดี  15:00-16:30","LH4-305 , LH4-305","E38 , E03",120,,,,,,,"สุทธิพจน์ วงศ์ฤกษ์ดี , ศุภเดช สุจินพรัหม , ศศิมลฑล ม่วงศรีจันทร์*  , ฤดีรัตน์ สันตะโก , บุษรา พัฒนศิริ",,,,,,,,,,,,,
01420113-66 ปฏิบัติการฟิสิกส์ I (Laboratory in Physics I),,,,,,,,1,711,วันอังคาร  9:00-12:00,SC14-209,Q06,35,สันทัด พิทักษ์วงศาภรณ์* ,,,,,,,,,,,,,
,,,,,,,,1,712,วันอังคาร  9:00-12:00,SC14-213,Q06,35,สุทธิพจน์ วงศ์ฤกษ์ดี* ,,,,,,,,,,,,,
,,,,,,,,1,713,วันอังคาร  9:00-12:00,SC14-226,Q07,35,อัฐสิษฐ์ ทับทิมแท้* ,,,,,,,,,,,,,
,,,,,,,,1,714,วันอังคาร  9:00-12:00,SC14-227,"Q06 , Q07",35,ศุภเดช สุจินพรัหม* ,,,,,,,,,,,,,
,,,,,,,,1,715,วันอังคาร  14:30-17:30,SC14-209,Q09,30,วีรนุช แก้ววิเศษ* ,,,,,,,,,,,,,
,,,,,,,,1,716,วันอังคาร  14:30-17:30,SC14-213,Q09,30,อัฐสิษฐ์ ทับทิมแท้* ,,,,,,,,,,,,,
,,,,,,,,1,717,วันพุธ  9:00-12:00,SC14-209,"E37 , E24",30,พีรพงศ์ ยศประยูรศักดิ์* ,,,,,,,,,,,,,
,,,,,,,,1,718,วันพุธ  9:00-12:00,SC14-213,"E24 , E37",30,ฤดีรัตน์ สันตะโก* ,,,,,,,,,,,,,
,,,,,,,,1,719,วันพุธ  9:00-12:00,SC14-226,"E24 , E37",30,สุทธิพจน์ วงศ์ฤกษ์ดี* ,,,,,,,,,,,,,
,,,,,,,,1,720,วันพุธ  9:00-12:00,SC14-227,"E24 , E37",30,ศศิมลฑล ม่วงศรีจันทร์* ,,,,,,,,,,,,,
,,,,,,,,1,721,วันพฤหัสบดี  9:00-12:00,SC14-209,"E04 , E38",30,สันทัด พิทักษ์วงศาภรณ์* ,,,,,,,,,,,,,
,,,,,,,,1,722,วันพฤหัสบดี  9:00-12:00,SC14-213,"E04 , E38",30,ฤดีรัตน์ สันตะโก* ,,,,,,,,,,,,,
,,,,,,,,1,723,วันพฤหัสบดี  9:00-12:00,SC14-226,"E04 , E38",30,นพพร รัตนช่วง* ,,,,,,,,,,,,,
,,,,,,,,1,724,วันพฤหัสบดี  9:00-12:00,SC14-227,"E04 , E38",30,"สุทธิพจน์ วงศ์ฤกษ์ดี*  , ศศิมลฑล ม่วงศรีจันทร์",,,,,,,,,,,,,
,,,,,,,,1,725,วันพฤหัสบดี  13:00-16:00,SC14-209,"E03 , Q04",40,"ศศิมลฑล ม่วงศรีจันทร์*  , สันทัด พิทักษ์วงศาภรณ์",,,,,,,,,,,,,
,,,,,,,,1,726,วันพฤหัสบดี  13:00-16:00,SC14-213,"Q04 , E03",40,สุชีวัน กรอบทอง* ,,,,,,,,,,,,,
,,,,,,,,1,727,วันพฤหัสบดี  13:00-16:00,SC14-226,"E03 , Q04",30,สุนทรี แสงจันทร์* ,,,,,,,,,,,,,
,,,,,,,,1,728,วันพฤหัสบดี  13:00-16:00,SC14-227,"E03 , Q04",30,"ฤดีรัตน์ สันตะโก*  , บุษรา พัฒนศิริ",,,,,,,,,,,,,
,,,,,,,,1,729,วันศุกร์  9:00-12:00,SC14-209,"E29 , E36",30,วัชระ ทองเสมอ* ,,,,,,,,,,,,,
,,,,,,,,1,730,วันศุกร์  9:00-12:00,SC14-213,"E29 , E36",30,"อัฐสิษฐ์ ทับทิมแท้*  , บุษรา พัฒนศิริ",,,,,,,,,,,,,
,,,,,,,,1,731,วันศุกร์  9:00-12:00,SC14-226,"E29 , E36",30,"วีรชัย ลิภา*  , ศศิมลฑล ม่วงศรีจันทร์",,,,,,,,,,,,,
,,,,,,,,1,732,วันศุกร์  9:00-12:00,SC14-227,"E29 , E36",30,พีรพงศ์ ยศประยูรศักดิ์* ,,,,,,,,,,,,,
,,,,,,,,1,733,วันอังคาร  14:30-17:30,SC14-226,Q09,30,สุชีวัน กรอบทอง* ,,,,,,,,,,,,,
,,,,,,,,1,734,วันอังคาร  14:30-17:30,SC14-227,Q09,35,ศุภเดช สุจินพรัหม* ,,,,,,,,,,,,,
,,,,,,,,1,847,วันศุกร์  13:00-16:00,SC14-209,"E03 , E38",35,วัชระ ทองเสมอ* ,,,,,,,,,,,,,
,,,,,,,,1,848,วันศุกร์  13:00-16:00,SC14-213,"E03 , E38",35,บุษรา พัฒนศิริ* ,,,,,,,,,,,,,
,,,,,,,,1,849,วันศุกร์  13:00-16:00,SC14-226,"E03 , E38",35,ศศิมลฑล ม่วงศรีจันทร์* ,,,,,,,,,,,,,
01420115-66 ฟิสิกส์อย่างสังเขปภาคปฏิบัติการ (Laboratory in Abridged Physics),,,,,,,,1,711,วันจันทร์  9:00-12:00,SC14-209,A27,30,"วัชระ ทองเสมอ*  , นพพร รัตนช่วง",,,,,,,,,,,,,
,,,,,,,,1,712,วันจันทร์  9:00-12:00,SC14-213,A27,30,วีรนุช แก้ววิเศษ* ,,,,,,,,,,,,,
,,,,,,,,1,713,วันจันทร์  13:00-16:00,SC14-209,B03,35,วัชระ ทองเสมอ* ,,,,,,,,,,,,,
,,,,,,,,1,714,วันจันทร์  13:00-16:00,SC14-213,B03,35,นพพร รัตนช่วง* ,,,,,,,,,,,,,
,,,,,,,,1,715,วันจันทร์  13:00-16:00,SC14-226,B03,30,วีรชัย ลิภา* ,,,,,,,,,,,,,
,,,,,,,,1,716,วันจันทร์  16:30-19:30,SC14-209,Q28,30,วัชระ ทองเสมอ* ,,,,,,,,,,,,,
,,,,,,,,1,717,วันจันทร์  16:30-19:30,SC14-213,Q28,30,วีรชัย ลิภา* ,,,,,,,,,,,,,
,,,,,,,,1,718,วันจันทร์  13:00-16:00,SC14-227,B03,30,พีรพงศ์ ยศประยูรศักดิ์* ,,,,,,,,,,,,,
01420117-66 ฟิสิกส์พื้นฐาน I (Basic Physics I),2,2,700,วันศุกร์  10:00-12:00,LH4-101,"Q04 , Q09 , Q06 , T02",300,,,,,,,"สันทัด พิทักษ์วงศาภรณ์*  , นพพร รัตนช่วง , วีรนุช แก้ววิเศษ",,,,,,,,,,,,,
01420118-66 ฟิสิกส์พื้นฐาน II (Basic Physics II),2,2,700,วันศุกร์  10:00-12:00,LH4-102,"Q04 , Q09 , Q06 , T02 , T03",300,,,,,,,"สันทัด พิทักษ์วงศาภรณ์*  , นพพร รัตนช่วง , วีรนุช แก้ววิเศษ",,,,,,,,,,,,,
01420119-66 ฟิสิกส์อย่างสังเขป (Abridged Physics),3,3,700,"วันจันทร์  8:30-10:00,วันพุธ  8:30-10:00","LH4-102 , LH4-102","B03 , F80",150,,,,,,,"อัฐสิษฐ์ ทับทิมแท้ , วัชระ ทองเสมอ , วีรชัย ลิภา , สุนทรี แสงจันทร์* ",,,,,,,,,,,,,
,3,3,701,"วันอังคาร  8:30-10:00,วันพฤหัสบดี  8:30-10:00","LH4-102 , LH4-102","A26 , A27 , Q28-2 , Q28-3 , Q28-4X",200,,,,,,,"อัฐสิษฐ์ ทับทิมแท้ , วัชระ ทองเสมอ , วีรชัย ลิภา , สุนทรี แสงจันทร์* ",,,,,,,,,,,,,
01420211-66 กลศาสตร์ I (Mechanics I),3,3,700,"วันจันทร์  13:00-14:30,วันพุธ  13:00-14:30","SC14-324 , SC14-324","Q07-2 , Q07-3 , Q07-4X",50,,,,,,,วีรนุช แก้ววิเศษ* ,,,,,,,,,,,,,
01420214-66 กลศาสตร์เชิงประยุกต์สำหรับวิศวกรรม (Applied Mechanics for Engineering),3,3,700,ติดต่อผู้สอน,SC14-313,"Q07-2 , Q07-3 , Q07-4X , E03 , E06 , E38 , E37",10,,,,,,,นพพร รัตนช่วง* ,,,,,,,,,,,,,
01420221-66 ฟิสิกส์ยุคใหม่ (Modern Physics),3,3,700,"วันจันทร์  8:30-10:00,วันพุธ  8:30-10:00","LH4-608 , LH4-608","Q07-2 , Q07-3 , Q07-4X",50,,,,,,,"นพพร รัตนช่วง , สันทัด พิทักษ์วงศาภรณ์*  , สุนทรี แสงจันทร์ , ภัทรพงศ์ รักน้อย , สุชีวัน กรอบทอง",,,,,,,,,,,,,
01420222-66 ฟิสิกส์ยุคใหม่ภาคปฏิบัติการ (Laboratory in Modern Physics),,,,,,,,1,711,วันศุกร์  9:00-12:00,ติดต่อผู้สอน,"Q07-2 , Q07-3 , Q07-4X",40,"ศศิมลฑล ม่วงศรีจันทร์*  , วัชระ ทองเสมอ , ภัทรพงศ์ รักน้อย , ศุภเดช สุจินพรัหม , วีรนุช แก้ววิเศษ , สันทัด พิทักษ์วงศาภรณ์",,,,,,,,,,,,,
01420231-66 ระบบการไหลสำหรับการเกษตร (Flow System for Agriculture),3,3,700,ติดต่อผู้สอน,ติดต่อผู้สอน,"Q07-2 , Q07-3 , Q07-4X",40,,,,,,,สุนทรี แสงจันทร์* ,,,,,,,,,,,,,
01420243-66 อิเล็กทรอนิกส์เบื้องต้น (Introduction to Electronics),2,2,700,วันศุกร์  13:00-15:00,SC14-313,"Q07-2 , Q07-3 , Q07-4X",40,,,,,,,วัชระ ทองเสมอ* ,,,,,,,,,,,,,
01420244-66 อิเล็กทรอนิกส์เบื้องต้นภาคปฏิบัติการ (Laboratory in Introduction to Electronics),,,,,,,,1,711,วันพฤหัสบดี  13:00-16:00,ติดต่อผู้สอน,"Q07-2 , Q07-3 , Q07-4X",40,วัชระ ทองเสมอ* ,,,,,,,,,,,,,
01420245-66 อิเล็กทรอนิกส์เชิงเลขเบื้องต้น (Introduction to Digital Electronics),2,2,700,ติดต่อผู้สอน,ติดต่อผู้สอน,"E02 , E37 , E04 , E36 , E06 , E38 , E03 , E29 , E24 , Q07",40,,,,,,,นพพร รัตนช่วง* ,,,,,,,,,,,,,
01420246-66 อิเล็กทรอนิกส์เชิงเลขเบื้องต้นภาคปฏิบัติการ (Laboratory in Introduction to Digital Electronics),,,,,,,,1,711,ติดต่อผู้สอน,ติดต่อผู้สอน,"E24 , E02 , E37 , E04 , E36 , E06 , E38 , E03 , E29 , Q07",40,วัชระ ทองเสมอ,,,,,,,,,,,,,
01420261-66 แม่เหล็กไฟฟ้า I (Electromagnetics I),3,3,700,CLOSED,ติดต่อผู้สอน,"Q07-3 , Q07-4X",10,,,,,,,พีรพงศ์ ยศประยูรศักดิ์* ,,,,,,,,,,,,,
01420262-66 แม่เหล็กไฟฟ้าภาคปฏิบัติการ (Laboratory in Electromagnetics),,,,,,,,1,711,ติดต่อผู้สอน,SC14-323,"Q07-3 , Q07-4X",5,วีรชัย ลิภา* ,,,,,,,,,,,,,
01420271-66 สมบัติเชิงกลของวัสดุ (Mechanical Properties of Materials),3,3,700,ติดต่อผู้สอน,ติดต่อผู้สอน,"A27 , A26 , A28 , A29 , A37 , A31 , A32 , A34 , B03 , E37 , E04 , E36 , E06 , E38 , E03 , E29 , F80 , Q04 , Q09 , Q28 , Q06 , Q07-2 , Q07-3 , Q07-4X , Q11 , T02 , T03 , E24",40,,,,,,,ฤดีรัตน์ สันตะโก* ,,,,,,,,,,,,,
01420272-66 วัสดุเชิงประกอบ (Composite Materials),3,3,700,ติดต่อผู้สอน,ติดต่อผู้สอน,"Q07-2 , Q07-3 , Q07-4X , A27 , A34 , A26 , A28 , A29 , A37 , A31 , A32 , B03 , E24 , E37 , E04 , E36 , E06 , E38 , E03 , E29 , F80 , Q04 , Q09 , Q28 , Q06 , Q11 , T02 , T03",40,,,,,,,ฤดีรัตน์ สันตะโก* ,,,,,,,,,,,,,
01420273-66 วัสดุชีวภาพ (Biomaterials),3,3,700,ติดต่อผู้สอน,ติดต่อผู้สอน,"Q07-2 , Q07-3 , Q07-4X",40,,,,,,,สุนทรี แสงจันทร์* ,,,,,,,,,,,,,
01420274-66 เทคโนโลยีการจัดการวัสดุเหลือทิ้งทางการเกษตร (Agricultural Waste Management Technology),3,3,700,ติดต่อผู้สอน,ติดต่อผู้สอน,"Q07-2 , Q07-3 , Q07-4X",40,,,,,,,สุนทรี แสงจันทร์* ,,,,,,,,,,,,,
01420311-66 ฟิสิกส์เชิงคณิตศาสตร์ II (Mathematical Physics II),3,3,700,ติดต่อผู้สอน,SC14-324,"Q07-3 , Q07-4X",40,,,,,,,ศุภเดช สุจินพรัหม* ,,,,,,,,,,,,,
01420321-66 กลศาสตร์ควอนตัม I (Quantum Mechanics I),3,3,700,"วันจันทร์  8:30-10:00,วันพุธ  8:30-10:00","SC14-324 , SC14-324","Q07-3 , Q07-4X",30,,,,,,,"ศศิมลฑล ม่วงศรีจันทร์*  , สุทธิพจน์ วงศ์ฤกษ์ดี",,,,,,,,,,,,,
01420331-66 อุณหพลศาสตร์ (Thermodynamics),3,3,700,"วันจันทร์  14:30-16:00,วันพุธ  14:30-16:00","SC14-324 , SC14-324","Q07-3 , Q07-4X",25,,,,,,,"วีรนุช แก้ววิเศษ*  , ฤดีรัตน์ สันตะโก",,,,,,,,,,,,,
01420334-66 อุณหพลศาสตร์ภาคปฏิบัติการ (Laboratory in Thermodynamics),,,,,,,,1,711,วันศุกร์  13:00-16:00,SC14-309,"Q07-3 , Q07-4X",25,อัฐสิษฐ์ ทับทิมแท้* ,,,,,,,,,,,,,
01420347-66 อิเล็กทรอนิกส์เชิงเลข (Digital Electronics),2,2,700,ติดต่อผู้สอน,,"Q07-3 , Q07-4X",5,,,,,,,"วัชระ ทองเสมอ*  , วีรชัย ลิภา",,,,,,,,,,,,,
01420348-66 อิเล็กทรอนิกส์เชิงเลขภาคปฏิบัติการ (Laboratory in Digital Electronics),,,,,,,,1,711,ติดต่อผู้สอน,SC14-313,"Q07-3 , Q07-4X",5,"วัชระ ทองเสมอ*  , วีรชัย ลิภา",,,,,,,,,,,,,
01420362-66 ดาราศาสตร์เบื้องต้น II (Introduction to Astronomy II),3,3,700,ติดต่อผู้สอน,ติดต่อผู้สอน,"Q07-3 , Q07-4X",10,,,,,,,สุชีวัน กรอบทอง* ,,,,,,,,,,,,,
01420365-66 แม่เหล็กไฟฟ้า II (Electromagnetics II),3,3,700,ติดต่อผู้สอน,SC14-313,"Q07-3 , Q07-4X",30,,,,,,,วีรชัย ลิภา* ,,,,,,,,,,,,,
01420366-66 ฟิสิกส์ของคลื่น (Physics of Waves),3,3,700,ติดต่อผู้สอน,ติดต่อผู้สอน,"Q07-3 , Q07-4",5,,,,,,,"ภัทรพงศ์ รักน้อย*  , ฤดีรัตน์ สันตะโก",,,,,,,,,,,,,
01420372-66 วัสดุศาสตร์เบื้องต้น (Introduction to Material Science),3,3,700,ติดต่อผู้สอน,ติดต่อผู้สอน,"Q07-3 , Q07-4X , A26 , A27 , A28 , A29 , A31 , A32 , A34 , A37 , B03 , E03 , E04 , E06 , E24 , E29 , E36 , E37 , E38 , F80 , Q04 , Q06 , Q09 , Q11 , Q28 , T02 , T03",40,,,,,,,ฤดีรัตน์ สันตะโก* ,,,,,,,,,,,,,
01420373-66 วัสดุศาสตร์ I (Material Science I),3,3,700,ติดต่อผู้สอน,ติดต่อผู้สอน,"Q07-3 , Q07-4X",40,,,,,,,ฤดีรัตน์ สันตะโก* ,,,,,,,,,,,,,
01420374-66 ฟิสิกส์ของอัญมณี (Physics of Gemstones),3,3,700,ติดต่อผู้สอน,ติดต่อผู้สอน,"Q07-3 , Q07-4X , A26 , A27 , A28 , A29 , A31 , A32 , A34 , A37 , B03 , E03 , E04 , E06 , E24 , E29 , E36 , E37 , E38 , F80 , Q04 , Q06 , Q09 , Q11 , Q28 , T02 , T03",40,,,,,,,ฤดีรัตน์ สันตะโก* ,,,,,,,,,,,,,
01420378-66 เครื่องมือวิจัยทางวัสดุศาสตร์ (Materials Science Research Instruments),3,3,700,ติดต่อผู้สอน,ติดต่อผู้สอน,"Q07-3 , Q07-4X , A26 , A27 , A28 , A29 , A31 , A32 , A34 , A37 , B03 , E03 , E04 , E06 , E24 , E29 , E36 , E37 , E38 , F80 , Q04 , Q06 , Q09 , Q11 , Q28 , T02 , T03",40,,,,,,,ฤดีรัตน์ สันตะโก* ,,,,,,,,,,,,,
01420411-66 ฟิสิกส์เชิงคอมพิวเตอร์ (Computational Physics),3,3,700,CLOSED,ติดต่อผู้สอน,Q07-4X,30,,,,,,,"ภัทรพงศ์ รักน้อย*  , บุษรา พัฒนศิริ , สันทัด พิทักษ์วงศาภรณ์",,,,,,,,,,,,,
01420422-66 ฟิสิกส์ของนิวเคลียส (Nuclear Physics),3,3,700,ติดต่อผู้สอน,ติดต่อผู้สอน,Q07-4X,30,,,,,,,ศศิมลฑล ม่วงศรีจันทร์* ,,,,,,,,,,,,,
01420452-66 ฟิสิกส์ของสภาวะแวดล้อม (Environmental Physics),3,3,700,ติดต่อผู้สอน,ติดต่อผู้สอน,"Q07-2 , Q07-3 , Q07-4X , E03-2 , E06-2 , E29-2 , E37-2 , E38-2 , E03-3 , E06-3 , E29-3 , E37-3 , E38-3 , E03-4X , E06-4X , E29-4X , E37-4X , E38-4X",10,,,,,,,นพพร รัตนช่วง* ,,,,,,,,,,,,,
01420453-66 ทรัพยากรพลังงาน (Energy Resources),3,3,700,ติดต่อผู้สอน,ติดต่อผู้สอน,"Q28 , A26 , A27 , A28 , A29 , A31 , A32 , A34 , A37 , B03 , E03 , E04 , E06 , E24 , E29 , E36 , E37 , E38 , F80 , Q04 , Q06 , Q07 , Q09 , Q11 , Q26 , T02 , T03",40,,,,,,,สุทธิพจน์ วงศ์ฤกษ์ดี* ,,,,,,,,,,,,,
01420454-66 พลังงานแสงอาทิตย์ (Solar Energy),3,3,700,ติดต่อผู้สอน,ติดต่อผู้สอน,"Q07-3 , Q07-4X",30,,,,,,,สุทธิพจน์ วงศ์ฤกษ์ดี* ,,,,,,,,,,,,,
01420456-66 ฟิสิกส์ของบรรยากาศ (Atmospheric Physics),3,3,700,ติดต่อผู้สอน,ติดต่อผู้สอน,Q07-4X,30,,,,,,,ภัทรพงศ์ รักน้อย* ,,,,,,,,,,,,,
01420463-66 ฟิสิกส์ของดาว (Astrophysics),3,3,700,ติดต่อผู้สอน,ติดต่อผู้สอน,"Q07-3 , Q07-4X",10,,,,,,,สุชีวัน กรอบทอง* ,,,,,,,,,,,,,
01420467-66 จักรวาลวิทยา (Cosmology),3,3,700,CLOSED,ติดต่อผู้สอน,"Q07-3 , Q07-4X",10,,,,,,,สุชีวัน กรอบทอง* ,,,,,,,,,,,,,
01420472-66 วัสดุศาสตร์ II (Material Science II),3,3,700,ติดต่อผู้สอน,ติดต่อผู้สอน,Q07-4X,30,,,,,,,"สุนทรี แสงจันทร์*  , ฤดีรัตน์ สันตะโก",,,,,,,,,,,,,
01420473-66 ฟิสิกส์ของของแข็ง I (Physics of Solid I),3,3,700,ติดต่อผู้สอน,ติดต่อผู้สอน,Q07-4X,30,,,,,,,"สุทธิพจน์ วงศ์ฤกษ์ดี*  , สุชีวัน กรอบทอง",,,,,,,,,,,,,
01420478-66 นาโนฟิสิกส์และนาโนเทคโนโลยี (Nanophysics and Nanotechnology),3,3,700,ติดต่อผู้สอน,ติดต่อผู้สอน,"Q07-3 , Q07-4X",30,,,,,,,สุทธิพจน์ วงศ์ฤกษ์ดี* ,,,,,,,,,,,,,
01420496-66 เรื่องเฉพาะทางฟิสิกส์ (Selected Topics in Physics),3,1,700,ติดต่อผู้สอน,ติดต่อผู้สอน,Q07-4,30,,,,,,,วีรชัย ลิภา* ,,,,,,,,,,,,,
,3,1,701,ติดต่อผู้สอน,ติดต่อผู้สอน,Q07-4,30,,,,,,,สุนทรี แสงจันทร์* ,,,,,,,,,,,,,
,3,1,702,ติดต่อผู้สอน,ติดต่อผู้สอน,Q07-4,30,,,,,,,พีรพงศ์ ยศประยูรศักดิ์* ,,,,,,,,,,,,,
,3,1,703,ติดต่อผู้สอน,ติดต่อผู้สอน,Q07-4,30,,,,,,,บุษรา พัฒนศิริ* ,,,,,,,,,,,,,
,3,1,704,ติดต่อผู้สอน,ติดต่อผู้สอน,Q07-4,30,,,,,,,สันทัด พิทักษ์วงศาภรณ์* ,,,,,,,,,,,,,
,3,1,705,ติดต่อผู้สอน,ติดต่อผู้สอน,Q07-6,1,,,,,,,ศศิมลฑล ม่วงศรีจันทร์* ,,,,,,,,,,,,,
01420497-66 สัมมนา (Seminar),1,1,700,วันพฤหัสบดี  13:00-16:00,ติดต่อผู้สอน,Q07-4,30,,,,,,,สุชีวัน กรอบทอง* ,,,,,,,,,,,,,
01420498-66 ปัญหาพิเศษ (Special Problems),,,,,,,,1,711,ติดต่อผู้สอน,ติดต่อผู้สอน,Q07-6,1,ศศิมลฑล ม่วงศรีจันทร์* ,,,,,,,,,,,,,
01422111-65 หลักสถิติ (Principles of Statistics),3,3,700,"วันจันทร์  10:30-12:00,วันพุธ  10:30-12:00","LH4-301 , LH4-301","A26-3 , A27-3 , A28-3 , T03-3 , A34-3 , A37-3 , Q06-2 , A39-3",250,,,,,,,โรจนี ขุมมงคล* ,,,,,,,,,,,,,
,3,3,701,"วันจันทร์  13:00-14:30,วันพุธ  13:00-14:30","LH4-301 , LH4-301","A31-3 , F80-2 , F80-3 , Q04-2 , T02-3",250,,,,,,,ธนิษฐา โกวรรณ์* ,,,,,,,,,,,,,
,3,3,702,"วันจันทร์  13:00-14:30,วันพุธ  13:00-14:30","LH4-101 , LH4-101","T03-4 , A33-2 , F39-3 , B03-2",250,,,,,,,จิระศักดิ์ มงคลเคหา* ,,,,,,,,,,,,,
,3,3,800,ติดต่อผู้สอน,ติดต่อผู้สอน,Q03,1,,,,,,,โรจนี ขุมมงคล* ,,,,,,,,,,,,,
01423113-66 สัตววิทยาทั่วไป (General Zoology),3,2,700,วันจันทร์  16:00-18:00,LH4-102,"F80-1 , F80-3 , T03-3 , Q04-2 , B03-3 , B03-4 , A34-3 , A34-4 , A33-2 , A33-3 , A33-4",300,,,,,,,"ภัทราวรรณ คำบุญเรือง*  , จิรนันท์ ปิยะพงษ์กุล , แตงอ่อน พรหมมิ , ศิรประภา เปรมเจริญ",,,,,,,,,,,,,
,,,,,,,,1,711,วันอังคาร  9:00-12:00,SC1-309,"F80-3 , T03-3",30,"ภัทราวรรณ คำบุญเรือง*  , แตงอ่อน พรหมมิ , จิรนันท์ ปิยะพงษ์กุล , ศิรประภา เปรมเจริญ",,,,,,,,,,,,,
,,,,,,,,1,712,วันอังคาร  9:00-12:00,SC1-307,F80-3,30,"ภัทราวรรณ คำบุญเรือง*  , แตงอ่อน พรหมมิ , จิรนันท์ ปิยะพงษ์กุล , ศิรประภา เปรมเจริญ",,,,,,,,,,,,,
,,,,,,,,1,713,วันอังคาร  13:00-16:00,SC1-309,"A33-2 , A33-3 , A33-4",25,"ภัทราวรรณ คำบุญเรือง*  , แตงอ่อน พรหมมิ , จิรนันท์ ปิยะพงษ์กุล , ศิรประภา เปรมเจริญ",,,,,,,,,,,,,
,,,,,,,,1,714,วันอังคาร  13:00-16:00,SC1-307,"A33-2 , A33-3 , A33-4",25,"ภัทราวรรณ คำบุญเรือง*  , แตงอ่อน พรหมมิ , จิรนันท์ ปิยะพงษ์กุล , ศิรประภา เปรมเจริญ",,,,,,,,,,,,,
,,,,,,,,1,715,วันอังคาร  16:00-19:00,SC1-309,Q04-2,15,"ภัทราวรรณ คำบุญเรือง*  , แตงอ่อน พรหมมิ , จิรนันท์ ปิยะพงษ์กุล , ศิรประภา เปรมเจริญ",,,,,,,,,,,,,
,,,,,,,,1,716,วันอังคาร  16:00-19:00,SC1-307,Q04-2,15,"ภัทราวรรณ คำบุญเรือง*  , แตงอ่อน พรหมมิ , จิรนันท์ ปิยะพงษ์กุล , ศิรประภา เปรมเจริญ",,,,,,,,,,,,,
,,,,,,,,1,717,วันพุธ  9:00-12:00,SC1-309,"A34-3 , A34-4 , B03-3 , B03-4",20,"ภัทราวรรณ คำบุญเรือง*  , แตงอ่อน พรหมมิ , จิรนันท์ ปิยะพงษ์กุล , ศิรประภา เปรมเจริญ",,,,,,,,,,,,,
,,,,,,,,1,718,วันพุธ  9:00-12:00,SC1-307,"B03-3 , B03-4 , A34-3 , A34-4",20,"ภัทราวรรณ คำบุญเรือง*  , แตงอ่อน พรหมมิ , จิรนันท์ ปิยะพงษ์กุล , ศิรประภา เปรมเจริญ",,,,,,,,,,,,,
,,,,,,,,1,719,วันพุธ  16:00-19:00,SC1-309,Q04-2,15,"ภัทราวรรณ คำบุญเรือง*  , แตงอ่อน พรหมมิ , จิรนันท์ ปิยะพงษ์กุล , ศิรประภา เปรมเจริญ",,,,,,,,,,,,,
,,,,,,,,1,720,วันพุธ  16:00-19:00,SC1-307,Q04-2,15,"ภัทราวรรณ คำบุญเรือง*  , แตงอ่อน พรหมมิ , จิรนันท์ ปิยะพงษ์กุล , ศิรประภา เปรมเจริญ",,,,,,,,,,,,,
,,,,,,,,1,721,วันพุธ  13:00-16:00,SC1-309,F80-1,30,"ภัทราวรรณ คำบุญเรือง*  , แตงอ่อน พรหมมิ , จิรนันท์ ปิยะพงษ์กุล , ศิรประภา เปรมเจริญ",,,,,,,,,,,,,
,,,,,,,,1,722,วันพุธ  13:00-16:00,SC1-307,F80-1,30,"ภัทราวรรณ คำบุญเรือง*  , แตงอ่อน พรหมมิ , จิรนันท์ ปิยะพงษ์กุล , ศิรประภา เปรมเจริญ",,,,,,,,,,,,,
01423441-61 สัตว์ไม่มีกระดูกสันหลัง (Invertebrate Zoology),4,3,700,วันอังคาร  9:00-12:00,ติดต่อผู้สอน,"A34-3 , A34-4 , B03-3 , B03-4 , Q04-3 , Q04-4",6,,,,,,,ศิรประภา เปรมเจริญ* ,,,,,,,,,,,,,
,,,,,,,,1,711,วันอังคาร  16:00-19:00,ติดต่อผู้สอน,"A34-3 , A34-4 , B03-3 , B03-4 , Q04-3 , Q04-4",6,ศิรประภา เปรมเจริญ* ,,,,,,,,,,,,,
01423441-66 สัตว์ไม่มีกระดูกสันหลัง (Invertebrate Zoology),4,3,700,วันอังคาร  9:00-12:00,ติดต่อผู้สอน,"Q04-3 , Q04-4 , A34-3 , A34-4 , B03-3 , B03-4",6,,,,,,,ศิรประภา เปรมเจริญ* ,,,,,,,,,,,,,
,,,,,,,,1,711,วันอังคาร  16:00-19:00,ติดต่อผู้สอน,"B03-3 , B03-4 , A34-3 , A34-4 , Q04-3 , Q04-4",6,ศิรประภา เปรมเจริญ* ,,,,,,,,,,,,,
01424111-66 หลักชีววิทยา (Principles of Biology),3,3,700,"วันจันทร์  8:30-10:00,วันพุธ  8:30-10:00","LH4-104 , LH4-104",ALL,200,,,,,,,ธนวรรณ พาณิชพัฒน์* ,,,,,,,,,,,,,
,3,3,701,"วันอังคาร  8:30-10:00,วันพฤหัสบดี  8:30-10:00","LH4-104 , LH4-104",ALL,280,,,,,,,ธนวรรณ พาณิชพัฒน์* ,,,,,,,,,,,,,
,3,3,702,"วันอังคาร  10:30-12:00,วันพฤหัสบดี  10:30-12:00","LH4-104 , LH4-104",ALL,250,,,,,,,ธนวรรณ พาณิชพัฒน์* ,,,,,,,,,,,,,
01424112-66 ชีววิทยาภาคปฏิบัติการ (Laboratory for Biology),,,,,,,,1,711,วันจันทร์  13:00-16:00,SC4-205,ALL,28,รัชพล พะวงศ์รัตน์* ,,,,,,,,,,,,,
,,,,,,,,1,712,วันจันทร์  13:00-16:00,SC4-206,ALL,28,รัชพล พะวงศ์รัตน์* ,,,,,,,,,,,,,
,,,,,,,,1,713,วันจันทร์  13:00-16:00,SC2-203,A50-1,24,รัชพล พะวงศ์รัตน์* ,,,,,,,,,,,,,
,,,,,,,,1,714,วันจันทร์  13:00-16:00,SC2-204,A50-1,24,รัชพล พะวงศ์รัตน์* ,,,,,,,,,,,,,
,,,,,,,,1,715,วันอังคาร  9:00-12:00,SC4-205,A33-1,25,รัชพล พะวงศ์รัตน์* ,,,,,,,,,,,,,
,,,,,,,,1,716,วันอังคาร  9:00-12:00,SC4-206,A33-1,25,รัชพล พะวงศ์รัตน์* ,,,,,,,,,,,,,
,,,,,,,,1,717,วันอังคาร  9:00-12:00,SC2-203,A33-1,25,รัชพล พะวงศ์รัตน์* ,,,,,,,,,,,,,
,,,,,,,,1,718,วันอังคาร  9:00-12:00,SC2-204,ALL,28,รัชพล พะวงศ์รัตน์* ,,,,,,,,,,,,,
,,,,,,,,1,719,วันอังคาร  13:00-16:00,SC4-205,ALL,25,รัชพล พะวงศ์รัตน์* ,,,,,,,,,,,,,
,,,,,,,,1,720,วันอังคาร  13:00-16:00,SC4-206,Q04-1,18,รัชพล พะวงศ์รัตน์* ,,,,,,,,,,,,,
,,,,,,,,1,721,วันอังคาร  13:00-16:00,SC2-203,Q04-1,18,รัชพล พะวงศ์รัตน์* ,,,,,,,,,,,,,
,,,,,,,,1,722,วันอังคาร  13:00-16:00,SC2-204,ALL,25,รัชพล พะวงศ์รัตน์* ,,,,,,,,,,,,,
,,,,,,,,1,723,วันพุธ  9:00-12:00,SC4-205,Q11-1,25,รัชพล พะวงศ์รัตน์* ,,,,,,,,,,,,,
,,,,,,,,1,724,วันพุธ  9:00-12:00,SC4-206,Q11-1,25,รัชพล พะวงศ์รัตน์* ,,,,,,,,,,,,,
,,,,,,,,1,725,วันพุธ  9:00-12:00,SC2-203,A34-1,20,รัชพล พะวงศ์รัตน์* ,,,,,,,,,,,,,
,,,,,,,,1,726,วันพุธ  9:00-12:00,SC2-204,A34-1,20,รัชพล พะวงศ์รัตน์* ,,,,,,,,,,,,,
,,,,,,,,1,727,วันพุธ  13:00-16:00,SC4-205,ALL,28,รัชพล พะวงศ์รัตน์* ,,,,,,,,,,,,,
,,,,,,,,1,728,วันพุธ  13:00-16:00,SC4-206,A50-1,25,รัชพล พะวงศ์รัตน์* ,,,,,,,,,,,,,
,,,,,,,,1,729,วันพุธ  13:00-16:00,SC2-203,A50-1,24,รัชพล พะวงศ์รัตน์* ,,,,,,,,,,,,,
,,,,,,,,1,730,วันพุธ  13:00-16:00,SC2-204,A50-1,24,รัชพล พะวงศ์รัตน์* ,,,,,,,,,,,,,
,,,,,,,,1,731,วันพฤหัสบดี  9:00-12:00,SC4-205,F80-1,20,รัชพล พะวงศ์รัตน์* ,,,,,,,,,,,,,
,,,,,,,,1,732,วันพฤหัสบดี  9:00-12:00,SC4-206,ALL,25,รัชพล พะวงศ์รัตน์* ,,,,,,,,,,,,,
,,,,,,,,1,733,วันพฤหัสบดี  9:00-12:00,SC2-203,F80-1,20,รัชพล พะวงศ์รัตน์* ,,,,,,,,,,,,,
,,,,,,,,1,734,วันพฤหัสบดี  13:00-16:00,SC4-205,F39-1,23,รัชพล พะวงศ์รัตน์* ,,,,,,,,,,,,,
,,,,,,,,1,735,วันพฤหัสบดี  13:00-16:00,SC4-206,F39-1,23,รัชพล พะวงศ์รัตน์* ,,,,,,,,,,,,,
,,,,,,,,1,736,วันพฤหัสบดี  13:00-16:00,SC2-203,F39-1,22,รัชพล พะวงศ์รัตน์* ,,,,,,,,,,,,,
,,,,,,,,1,737,วันพฤหัสบดี  13:00-16:00,SC2-204,F39-1,22,รัชพล พะวงศ์รัตน์* ,,,,,,,,,,,,,
01424201-66 ชีวิตกับสิ่งแวดล้อม (Life and environmental science),3,3,700,วันจันทร์  13:00-16:00,LH3-204,ALL,10,,,,,,,ธนวรรณ พาณิชพัฒน์* ,,,,,,,,,,,,,
01424311-61 ชีววิทยาอุตสาหกรรม (Industrial Bilology),3,3,700,ยังไม่มีการกำหนดวัน-เวลาเรียน,ยังไม่มีการกำหนดห้องเรียน,ALL,20,,,,,,,รัชพล พะวงศ์รัตน์* ,,,,,,,,,,,,,
01424482-61 ชีววิทยามลพิษ (Pollution Biology),3,3,700,"วันจันทร์  10:30-12:00,วันพุธ  10:30-12:00","LH3-201 , LH3-201",ALL,15,,,,,,,ธนวรรณ พาณิชพัฒน์* ,,,,,,,,,,,,,
01424484-61 วิวัฒนาการ (Evolution),3,3,700,"วันอังคาร  13:00-14:30,วันพฤหัสบดี  13:00-14:30","ติดต่อผู้สอน , ติดต่อผู้สอน",-,40,,,,,,,พัชนี วิชิตพันธุ์* ,,,,,,,,,,,,,
01424484-66 วิวัฒนาการ (Evolution),3,3,700,"วันอังคาร  13:00-14:30,วันพฤหัสบดี  13:00-14:30","ติดต่อผู้สอน , ติดต่อผู้สอน","Q04-3 , Q04-4",40,,,,,,,บงกช วิชาชูเชิด* ,,,,,,,,,,,,,
01424485-61 ชีวภัณฑ์ควบคุมทางการเกษตรและสาธารณสุข (Biological Control Agents in Agriculture and Public Health),3,3,700,ยังไม่มีการกำหนดวัน-เวลาเรียน,ยังไม่มีการกำหนดห้องเรียน,ALL,20,,,,,,,อาร์ม อันอาตม์งาม* ,,,,,,,,,,,,,
วิทยาศาสตร์การกีฬาและสุขภาพ,,,,,,,,,,,,,,,,,,,,,,,,,,,
02301113-60 ชีวเคมีเบื้องต้นทางวิทยาศาสตร์การกีฬา (Fundamental Biochemistry for Sports Science),3,3,700,วันศุกร์  9:00-12:00,LH4-202,S02-5,2,,,,,,,ปิยาภรณ์ ตุ้มนาค* ,,,,,,,,,,,,,
,3,3,861,วันพฤหัสบดี  13:00-16:00,LH3-207,S02-5,2,,,,,,,ปิยาภรณ์ ตุ้มนาค* ,,,,,,,,,,,,,
02301113-65 ชีวเคมีเบื้องต้นทางวิทยาศาสตร์การกีฬา (Fundamental Biochemistry for Sports Science),3,3,700,วันศุกร์  9:00-12:00,LH4-202,"S02-1 , S02-2 , S02-3 , S02-4",130,,,,,,,ปิยาภรณ์ ตุ้มนาค* ,,,,,,,,,,,,,
,3,3,861,วันพฤหัสบดี  13:00-16:00,LH3-207,"S02-1 , S02-2 , S02-3 , S02-4",50,,,,,,,ปิยาภรณ์ ตุ้มนาค* ,,,,,,,,,,,,,
02301115-60 สถิติประยุกต์ทางวิทยาศาสตร์การกีฬา (Application Statistics for Sports Science),2,2,861,วันอังคาร  9:00-11:00,SS2-312,S02-5,1,,,,,,,พรพล พิมพาพร* ,,,,,,,,,,,,,
02301121-60 พื้นฐานกายวิภาคศาสตร์ทางวิทยาศาสตร์การกีฬา (Anatomical Basis in Sports Science),3,2,861,วันจันทร์  8:00-10:00,SS1303,"S02-5 , S02-6X , S02-6",5,,,,,,,"อรอุมา บุณยารมย์*  , สมภิยา สมถวิล",,,,,,,,,,,,,
,,,,,,,,1,862,วันอังคาร  13:00-15:00,SS1303,"S02-6 , S02-5 , S02-6X",5,"อรอุมา บุณยารมย์*  , สมภิยา สมถวิล",,,,,,,,,,,,,
02301121-65 พื้นฐานกายวิภาคศาสตร์ทางวิทยาศาสตร์การกีฬา (Anatomical Basis in Sports Science),3,2,700,วันอังคาร  8:00-10:00,LH2-202,"S02-2 , S02-3 , S02-4 , S02-1",155,,,,,,,"อรอุมา บุณยารมย์*  , สมภิยา สมถวิล",,,,,,,,,,,,,
,,,,,,,,1,711,วันอังคาร  10:00-12:00,SS1303,S02-1,60,"อรอุมา บุณยารมย์*  , สมภิยา สมถวิล",,,,,,,,,,,,,
,,,,,,,,1,712,วันพุธ  10:00-12:00,SS1303,S02-1,60,"อรอุมา บุณยารมย์*  , สมภิยา สมถวิล",,,,,,,,,,,,,
,,,,,,,,1,713,วันพุธ  13:00-15:00,SS1303,"S02-2 , S02-3 , S02-4",35,"อรอุมา บุณยารมย์*  , สมภิยา สมถวิล",,,,,,,,,,,,,
,3,2,861,วันจันทร์  8:00-10:00,SS1303,"S02-1 , S02-2 , S02-3 , S02-4",80,,,,,,,"อรอุมา บุณยารมย์*  , สมภิยา สมถวิล",,,,,,,,,,,,,
,,,,,,,,1,861,วันจันทร์  10:00-12:00,SS1303,S02-1,45,"อรอุมา บุณยารมย์*  , สมภิยา สมถวิล",,,,,,,,,,,,,
,,,,,,,,1,862,วันอังคาร  13:00-15:00,SS1303,"S02-2 , S02-3 , S02-4",35,"อรอุมา บุณยารมย์*  , สมภิยา สมถวิล",,,,,,,,,,,,,
02301149-65 การเคลื่อนไหวพื้นฐานในกีฬาทางน้ำและกรีฑา (Basic Movement for Aquatic Sports and Athletics),2,1,700,วันพฤหัสบดี  7:00-8:00,สระว่ายน้ำ/สนามกรีฑา,S02-1,60,,,,,,,"วุฒิไกร น้อยพันธ์*  , ศิวะ ลียวัฒนานุพงศ์ , ธิษณามดี สีแล , อำนวย ตันพานิชย์ , ภูวนารถ ศรีทน",,,,,,,,,,,,,
,2,1,701,วันพฤหัสบดี  7:00-8:00,สระว่ายน้ำ/สนามกรีฑา,S02-1,60,,,,,,,"วุฒิไกร น้อยพันธ์*  , ศิวะ ลียวัฒนานุพงศ์ , ธิษณามดี สีแล , อำนวย ตันพานิชย์ , ภูวนารถ ศรีทน",,,,,,,,,,,,,
,,,,,,,,1,711,วันพฤหัสบดี  8:00-10:00,สระว่ายน้ำ/สนามกรีฑา,S02-1,60,"วุฒิไกร น้อยพันธ์*  , ศิวะ ลียวัฒนานุพงศ์ , ธิษณามดี สีแล , อำนวย ตันพานิชย์ , ภูวนารถ ศรีทน",,,,,,,,,,,,,
,,,,,,,,1,712,วันพฤหัสบดี  8:00-10:00,สระว่ายน้ำ/สนามกรีฑา,S02-1,60,"วุฒิไกร น้อยพันธ์*  , ศิวะ ลียวัฒนานุพงศ์ , ธิษณามดี สีแล , อำนวย ตันพานิชย์ , ภูวนารถ ศรีทน",,,,,,,,,,,,,
,2,1,861,วันอังคาร  7:00-8:00,สระว่ายน้ำ/สนามกรีฑา,"S02-1 , S02-2 , S02-3 , S02-4",42,,,,,,,"วุฒิไกร น้อยพันธ์*  , ศิวะ ลียวัฒนานุพงศ์ , ธิษณามดี สีแล , อำนวย ตันพานิชย์ , ภูวนารถ ศรีทน",,,,,,,,,,,,,
,,,,,,,,1,861,วันอังคาร  8:00-12:00,สระว่ายน้ำ/สนามกรีฑา,"S02-1 , S02-2 , S02-3 , S02-4",42,"วุฒิไกร น้อยพันธ์*  , ศิวะ ลียวัฒนานุพงศ์ , ธิษณามดี สีแล , อำนวย ตันพานิชย์ , ภูวนารถ ศรีทน",,,,,,,,,,,,,
02301181-65 การจัดการกีฬาเบื้องต้น (Introduction to Sport Management),3,3,700,วันพฤหัสบดี  13:30-16:30,LH2-201,"S02-1 , S02-2",120,,,,,,,"เพ็ญนิภา พูลสวัสดิ์*  , อิษฎี กุฏอินทร์ , พรชัย ตรัสใจธรรม",,,,,,,,,,,,,
,3,3,861,วันพฤหัสบดี  9:00-12:00,LH3-205,"S02-1 , S02-2 , S02-3 , S02-4",42,,,,,,,"เพ็ญนิภา พูลสวัสดิ์*  , อิษฎี กุฏอินทร์ , พรชัย ตรัสใจธรรม",,,,,,,,,,,,,
02301213-60 กิจกรรมการออกกำลังกายเพื่อสุขภาพ (Exercise Activity for Health),2,1,700,วันศุกร์  13:00-14:00,SS2-102,S02-5,2,,,,,,,นันทวัน เทียนแก้ว* ,,,,,,,,,,,,,
,,,,,,,,1,711,วันศุกร์  14:00-16:00,SS2-102,S02-5,2,นันทวัน เทียนแก้ว* ,,,,,,,,,,,,,
02301213-65 กิจกรรมการออกกำลังกายเพื่อสุขภาพ (Exercise Activity for Health),2,1,700,วันศุกร์  13:00-14:00,SS2-102,S02-2,30,,,,,,,นันทวัน เทียนแก้ว* ,,,,,,,,,,,,,
,,,,,,,,1,711,วันศุกร์  14:00-16:00,SS2-102,S02-2,30,นันทวัน เทียนแก้ว* ,,,,,,,,,,,,,
02301221-65 สรีรวิทยาการกีฬาและการออกกำลังกาย (Sport and Exercise Physiology),3,2,700,วันจันทร์  13:00-15:00,LH2-302,"S02-2 , S02-3 , S02-4",125,,,,,,,"จตุพร เพิ่มทรัพย์ทวี*  , พรพล พิมพาพร , ธิษณามดี สีแล",,,,,,,,,,,,,
,,,,,,,,1,711,วันจันทร์  15:00-17:00,SS1102,"S02-2 , S02-3 , S02-4",42,"จตุพร เพิ่มทรัพย์ทวี*  , พรพล พิมพาพร , ธิษณามดี สีแล",,,,,,,,,,,,,
,,,,,,,,1,712,วันอังคาร  13:00-15:00,SS1102,"S02-2 , S02-3 , S02-4",42,"จตุพร เพิ่มทรัพย์ทวี*  , พรพล พิมพาพร , ธิษณามดี สีแล",,,,,,,,,,,,,
,,,,,,,,1,713,วันอังคาร  15:00-17:00,SS1102,S02-2,41,"จตุพร เพิ่มทรัพย์ทวี*  , พรพล พิมพาพร , ธิษณามดี สีแล",,,,,,,,,,,,,
,3,2,861,วันศุกร์  8:00-10:00,SS2-313,"S02-2 , S02-4 , S02-3",47,,,,,,,"จตุพร เพิ่มทรัพย์ทวี*  , พรพล พิมพาพร , ธิษณามดี สีแล",,,,,,,,,,,,,
,,,,,,,,1,861,วันศุกร์  10:00-12:00,SS1102,"S02-2 , S02-4 , S02-3",47,"จตุพร เพิ่มทรัพย์ทวี*  , พรพล พิมพาพร , ธิษณามดี สีแล",,,,,,,,,,,,,
02301242-65 การฝึกด้วยน้ำหนัก (Weight Training),2,1,700,วันพุธ  13:00-14:00,SS1101,"S02-2 , S02-4",41,,,,,,,ภูวนารถ ศรีทน* ,,,,,,,,,,,,,
,2,1,701,วันอังคาร  15:00-16:00,SS1101,"S02-2 , S02-3 , S02-4",42,,,,,,,ภูวนารถ ศรีทน* ,,,,,,,,,,,,,
,2,1,702,วันศุกร์  9:00-10:00,SS1101,"S02-2 , S02-3 , S02-4",42,,,,,,,ศิวะ ลียวัฒนานุพงศ์* ,,,,,,,,,,,,,
,,,,,,,,1,711,วันพุธ  14:00-16:00,SS1101,"S02-2 , S02-4",41,ภูวนารถ ศรีทน* ,,,,,,,,,,,,,
,,,,,,,,1,712,วันอังคาร  16:00-18:00,SS1101,"S02-2 , S02-3 , S02-4",42,ภูวนารถ ศรีทน* ,,,,,,,,,,,,,
,,,,,,,,1,713,วันศุกร์  10:00-12:00,SS1101,"S02-2 , S02-3 , S02-4",42,ศิวะ ลียวัฒนานุพงศ์* ,,,,,,,,,,,,,
,2,1,861,วันจันทร์  10:30-11:30,SS1101,"S02-2 , S02-3",47,,,,,,,ศิวะ ลียวัฒนานุพงศ์* ,,,,,,,,,,,,,
,,,,,,,,1,861,วันจันทร์  11:30-13:30,SS1101,"S02-2 , S02-3",47,ศิวะ ลียวัฒนานุพงศ์* ,,,,,,,,,,,,,
02301281-60 การจัดการกีฬาเบื้องต้น (Introduction to Sports Management),2,2,861,วันพฤหัสบดี  9:00-11:00,LH3-205,S02-5,1,,,,,,,"เพ็ญนิภา พูลสวัสดิ์*  , อิษฎี กุฏอินทร์ , พรชัย ตรัสใจธรรม",,,,,,,,,,,,,
02301283-60 พื้นฐานการตลาดกีฬา (Basic Sports Marketing),2,2,861,วันอังคาร  15:00-18:00,SS2-314,S02-5,2,,,,,,,สรายุทธ์ น้อยเกษม* ,,,,,,,,,,,,,
02301283-65 การตลาดกีฬาเบื้องต้น (Introduction to Sport Marketing),3,3,700,วันพุธ  13:00-16:00,SS2-314,S02-3,35,,,,,,,สรายุทธ์ น้อยเกษม* ,,,,,,,,,,,,,
,3,3,861,วันอังคาร  15:00-18:00,SS2-314,S02-3,30,,,,,,,สรายุทธ์ น้อยเกษม* ,,,,,,,,,,,,,
02301314-65 สถิติประยุกต์ทางวิทยาศาสตร์การกีฬาและการออกกำลังกาย (Application Statistics for Sports and Exercise Science),3,3,700,วันพฤหัสบดี  9:00-12:00,LH3-304/SS2-312,S02-3,120,,,,,,,พรพล พิมพาพร* ,,,,,,,,,,,,,
,3,3,861,วันอังคาร  9:00-12:00,SS2-312,S02-3,30,,,,,,,พรพล พิมพาพร* ,,,,,,,,,,,,,
02301315-65 การเป็นผู้ฝึกสอนส่วนบุคคลและการออกแบบโปรแกรมการออกกำลังกาย (Personal Trainer and Exercise Program Design),2,1,700,วันพุธ  9:00-10:00,SS1304/SS1101,S02-3,30,,,,,,,"ธิษณามดี สีแล*  , ราตรี เรืองไทย , ปิยาภรณ์ ตุ้มนาค , ภูวนารถ ศรีทน",,,,,,,,,,,,,
,,,,,,,,1,711,วันพุธ  10:00-12:00,SS1304/SS1101,S02-3,30,"ธิษณามดี สีแล*  , ราตรี เรืองไทย , ปิยาภรณ์ ตุ้มนาค , ภูวนารถ ศรีทน",,,,,,,,,,,,,
,2,1,861,ติดต่อผู้สอน,ติดต่อผู้สอน,S02-3,1,,,,,,,"ราตรี เรืองไทย , ปิยาภรณ์ ตุ้มนาค , ภูวนารถ ศรีทน , ธิษณามดี สีแล* ",,,,,,,,,,,,,
,,,,,,,,1,861,ติดต่อผู้สอน,ติดต่อผู้สอน,S02-3,1,"ราตรี เรืองไทย , ปิยาภรณ์ ตุ้มนาค , ภูวนารถ ศรีทน , ธิษณามดี สีแล* ",,,,,,,,,,,,,
02301318-65 การออกกำลังกายที่ทันสมัย (Modern Exercises),,,,,,,,2,711,วันอังคาร  13:00-17:00,SS2-102,S02-4,30,นันทวัน เทียนแก้ว* ,,,,,,,,,,,,,
02301332-65 การฝึกทักษะทางจิตวิทยาการกีฬา (Psychological Skill Training in Sport),2,1,700,วันพุธ  13:00-14:00,SS1304,S02-3,40,,,,,,,วิมลมาศ ประชากุล* ,,,,,,,,,,,,,
,,,,,,,,1,711,วันพุธ  14:00-16:00,SS1304,S02-3,40,วิมลมาศ ประชากุล* ,,,,,,,,,,,,,
02301333-65 แรงจูงใจในการออกกำลังกายและสุขภาวะทางจิต (Exercise Motivation and Mental Well-being),2,2,700,วันอังคาร  10:00-12:00,LH3-202,S02-3,30,,,,,,,อำนวย ตันพานิชย์* ,,,,,,,,,,,,,
02301342-60 การฝึกด้วยน้ำหนัก (Weight Training),2,1,700,วันพุธ  13:00-14:00,SS1101,"S02-5 , S02-6",2,,,,,,,ภูวนารถ ศรีทน* ,,,,,,,,,,,,,
,,,,,,,,1,711,วันพุธ  14:00-16:00,SS1101,"S02-5 , S02-6",2,ภูวนารถ ศรีทน* ,,,,,,,,,,,,,
02301343-65 เทคนิคการฝึกเพื่อเสริมสร้างความแข็งแรงและสมรรถภาพทางกาย (Exercise Technique for Strength and Conditioning),2,1,700,วันพฤหัสบดี  13:00-14:00,SS1304/SS1102/SS2-203,S02-3,40,,,,,,,ภูวนารถ ศรีทน* ,,,,,,,,,,,,,
,,,,,,,,1,711,วันพฤหัสบดี  14:00-16:00,SS1304/SS1102/SS2-203,S02-3,40,ภูวนารถ ศรีทน* ,,,,,,,,,,,,,
02301344-60 เทคนิคการสอนกีฬาและการออกกำลังกาย (Technique of Sport and Exercise Instruction),2,1,700,วันศุกร์  13:00-14:00,SS2-314,S02-5,2,,,,,,,อำนวย ตันพานิชย์* ,,,,,,,,,,,,,
,,,,,,,,1,711,วันศุกร์  14:00-16:00,SS2-401/ลานเอนกประสงค์ฟุตซอล,S02-5,2,อำนวย ตันพานิชย์* ,,,,,,,,,,,,,
,2,1,861,วันพฤหัสบดี  16:00-17:00,SS2-314/SS2-401/ลานเอนกประสงค์ฟุตซอล,S02-5,1,,,,,,,อำนวย ตันพานิชย์* ,,,,,,,,,,,,,
,,,,,,,,1,861,วันพฤหัสบดี  17:00-19:00,SS2-314/SS2-401/ลานเอนกประสงค์ฟุตซอล,S02-5,1,อำนวย ตันพานิชย์* ,,,,,,,,,,,,,
02301344-65 เทคนิคการสอนกีฬาและการออกกำลังกาย (Technique of Sport and Exercise Instruction),2,1,700,วันศุกร์  13:00-14:00,SS2-314,S02-3,120,,,,,,,อำนวย ตันพานิชย์* ,,,,,,,,,,,,,
,,,,,,,,1,711,วันศุกร์  14:00-16:00,SS2-401/ลานเอนกประสงค์ฟุตซอล,S02-3,60,อำนวย ตันพานิชย์* ,,,,,,,,,,,,,
,,,,,,,,1,712,วันศุกร์  16:00-18:00,  SS2-401/ลานเอนกประสงค์ฟุตซอล,S02-3,60,อำนวย ตันพานิชย์* ,,,,,,,,,,,,,
,2,1,861,วันพฤหัสบดี  16:00-17:00,SS2-314/SS2-401/ลานเอนกประสงค์ฟุตซอล,S02-3,30,,,,,,,อำนวย ตันพานิชย์* ,,,,,,,,,,,,,
,,,,,,,,1,861,วันพฤหัสบดี  17:00-19:00,SS2-314/SS2-401/ลานเอนกประสงค์ฟุตซอล,S02-3,30,อำนวย ตันพานิชย์* ,,,,,,,,,,,,,
02301346-60 ทักษะการเคลื่อนไหวและสมรรถภาพทางกายสำหรับเด็กและเยาวชน (Movement Skill and Physical Fitness for Children and Youth),2,1,861,วันศุกร์  13:00-14:00,SS1102/SS2-313,S02-5,1,,,,,,,นิรอมลี มะกาเจ* ,,,,,,,,,,,,,
,,,,,,,,1,861,วันศุกร์  14:00-16:00,SS1102/SS2-313,S02-5,1,นิรอมลี มะกาเจ* ,,,,,,,,,,,,,
02301346-65 ทักษะการเคลื่อนไหวและสมรรถภาพทางกายสำหรับเด็กและเยาวชน (Movement Skill and Physical Fitness for Children and Youth),2,1,700,วันพฤหัสบดี  13:00-14:00,SS2-313/SS2-401,"S02-2 , S02-4",80,,,,,,,นิรอมลี มะกาเจ* ,,,,,,,,,,,,,
,,,,,,,,1,711,วันพฤหัสบดี  14:00-16:00,SS2-313/SS2-401,"S02-2 , S02-4",80,นิรอมลี มะกาเจ* ,,,,,,,,,,,,,
,2,1,861,วันศุกร์  13:00-14:00,SS1102/SS2-313,"S02-2 , S02-3",47,,,,,,,นิรอมลี มะกาเจ* ,,,,,,,,,,,,,
,,,,,,,,1,861,วันศุกร์  14:00-16:00,SS1102/SS2-313,"S02-2 , S02-3",47,นิรอมลี มะกาเจ* ,,,,,,,,,,,,,
02301351-60 ชีวกลศาสตร์การกีฬาเบื้องต้น (Introduction to Biomechanics in Sport),2,1,700,วันจันทร์  8:00-10:00,LH4-201,S02-5,2,,,,,,,"วุฒิไกร น้อยพันธ์*  , อาริสร์ กาญจนศิลานนท์ , สิริพร ศศิมณฑลกุล",,,,,,,,,,,,,
,,,,,,,,1,711,วันจันทร์  10:00-12:00,SS2-313/SS2-312/SS2-401,S02-5,2,"วุฒิไกร น้อยพันธ์*  , อาริสร์ กาญจนศิลานนท์ , สิริพร ศศิมณฑลกุล",,,,,,,,,,,,,
,2,1,861,วันพุธ  10:00-11:00,SS2-313/SS2-401,S02-5,2,,,,,,,"วุฒิไกร น้อยพันธ์*  , อาริสร์ กาญจนศิลานนท์ , สิริพร ศศิมณฑลกุล",,,,,,,,,,,,,
,,,,,,,,1,861,วันพุธ  12:30-14:30,SS2-313/SS2-401,S02-5,2,"วุฒิไกร น้อยพันธ์*  , อาริสร์ กาญจนศิลานนท์ , สิริพร ศศิมณฑลกุล",,,,,,,,,,,,,
02301351-65 ชีวกลศาสตร์การกีฬาเบื้องต้น (Introduction to Biomechanics in Sport),3,2,700,วันจันทร์  8:00-10:00,LH4-201,S02-3,120,,,,,,,"วุฒิไกร น้อยพันธ์*  , อาริสร์ กาญจนศิลานนท์ , สิริพร ศศิมณฑลกุล",,,,,,,,,,,,,
,,,,,,,,1,711,วันจันทร์  10:00-12:00,SS2-313/SS2-312/SS2-401,S02-3,60,"วุฒิไกร น้อยพันธ์*  , อาริสร์ กาญจนศิลานนท์ , สิริพร ศศิมณฑลกุล",,,,,,,,,,,,,
,,,,,,,,1,712,วันจันทร์  13:00-15:00,SS2-313/SS1102,S02-3,60,"วุฒิไกร น้อยพันธ์*  , อาริสร์ กาญจนศิลานนท์ , สิริพร ศศิมณฑลกุล",,,,,,,,,,,,,
,3,2,861,วันพุธ  10:00-12:00,SS2-313/SS2-401,S02-3,30,,,,,,,"วุฒิไกร น้อยพันธ์*  , อาริสร์ กาญจนศิลานนท์ , สิริพร ศศิมณฑลกุล",,,,,,,,,,,,,
,,,,,,,,1,861,วันพุธ  12:30-14:30,SS2-313/SS2-401,S02-3,30,"วุฒิไกร น้อยพันธ์*  , อาริสร์ กาญจนศิลานนท์ , สิริพร ศศิมณฑลกุล",,,,,,,,,,,,,
02301363-65 ธาราบำบัดและการฟื้นฟูแบบบูรณาการ (Aquatic Therapy and Integrated Rehabilitation),3,2,700,วันพุธ  8:00-10:00,SS1303,S02-3,40,,,,,,,"สมภิยา สมถวิล*  , อรอุมา บุณยารมย์",,,,,,,,,,,,,
,,,,,,,,1,711,วันพฤหัสบดี  13:00-15:00,SS1303/SS2-105-1/SS2-104,S02-3,20,"สมภิยา สมถวิล*  , อรอุมา บุณยารมย์",,,,,,,,,,,,,
,,,,,,,,1,712,วันพฤหัสบดี  15:00-17:00,SS1303/SS2-105-1/SS2-104,S02-3,20,"สมภิยา สมถวิล*  , อรอุมา บุณยารมย์",,,,,,,,,,,,,
,3,2,861,วันพุธ  8:00-10:00,SS1303,"S02-3 , S02-4",23,,,,,,,"สมภิยา สมถวิล*  , อรอุมา บุณยารมย์",,,,,,,,,,,,,
,,,,,,,,1,861,วันพฤหัสบดี  8:00-10:00,SS1303/SS2-105-1/SS2-104,S02-3,11,"สมภิยา สมถวิล*  , อรอุมา บุณยารมย์",,,,,,,,,,,,,
,,,,,,,,1,862,วันพฤหัสบดี  10:00-12:00,SS1303/SS2-105-1/SS2-104,"S02-3 , S02-4",12,"สมภิยา สมถวิล*  , อรอุมา บุณยารมย์",,,,,,,,,,,,,
02301364-60 การบาดเจ็บจากการกีฬาและการฟื้นฟูสมรรถภาพ (sport Injury and Rehabilitation),3,2,700,วันอังคาร  14:00-16:00,SS2-105,S02-5,2,,,,,,,อำพร ศรียาภัย* ,,,,,,,,,,,,,
,,,,,,,,1,711,วันอังคาร  16:00-18:00,SS2-105,S02-5,2,อำพร ศรียาภัย* ,,,,,,,,,,,,,
,3,2,861,วันศุกร์  8:00-10:00,SS2-105,S02-5,1,,,,,,,อำพร ศรียาภัย* ,,,,,,,,,,,,,
,,,,,,,,1,861,วันศุกร์  10:00-12:00,SS2-105,S02-5,1,อำพร ศรียาภัย* ,,,,,,,,,,,,,
02301364-65 การบาดเจ็บจากการกีฬาและการฟื้นฟูสมรรถภาพ (sport Injury and Rehabilitation),3,2,700,วันอังคาร  14:00-16:00,SS2-105,S02-3,40,,,,,,,อำพร ศรียาภัย* ,,,,,,,,,,,,,
,,,,,,,,1,711,วันอังคาร  16:00-18:00,SS2-105,S02-3,40,อำพร ศรียาภัย* ,,,,,,,,,,,,,
,3,2,861,วันศุกร์  8:00-10:00,SS2-105,"S02-3 , S02-4",30,,,,,,,อำพร ศรียาภัย* ,,,,,,,,,,,,,
,,,,,,,,1,861,วันศุกร์  10:00-12:00,SS2-105,"S02-3 , S02-4",30,อำพร ศรียาภัย* ,,,,,,,,,,,,,
02301365-65 แพทย์ทางเลือกทางวิทยาศาสตร์การกีฬา (Alternative Medicine for Sports Science),2,1,700,วันอังคาร  10:00-11:00,SS1301/SS2-105,S02-3,40,,,,,,,"อาริสร์ กาญจนศิลานนท์*  , ไพลิน เผือกประคอง",,,,,,,,,,,,,
,,,,,,,,1,711,วันอังคาร  11:00-13:00,SS1301/SS2-105,S02-3,40,"อาริสร์ กาญจนศิลานนท์*  , ไพลิน เผือกประคอง",,,,,,,,,,,,,
,2,1,861,วันพฤหัสบดี  13:00-14:00,SS1301/SS2-105,"S02-3 , S02-4",30,,,,,,,"อาริสร์ กาญจนศิลานนท์*  , ไพลิน เผือกประคอง",,,,,,,,,,,,,
,,,,,,,,1,861,วันพฤหัสบดี  14:00-16:00,SS1301/SS2-105,"S02-3 , S02-4",30,"อาริสร์ กาญจนศิลานนท์*  , ไพลิน เผือกประคอง",,,,,,,,,,,,,
02301381-65 การส่งเสริมและการประชาสัมพันธ์การกีฬา (Sports Promotion and Public Relations),2,2,700,วันอังคาร  10:00-12:00,LH3-205,S02-2,30,,,,,,,"พรชัย ตรัสใจธรรม*  , เพ็ญนิภา พูลสวัสดิ์",,,,,,,,,,,,,
02301384-65 นันทนาการและการท่องเที่ยวเชิงกีฬา (Recreation and Sports Tourism),3,2,700,วันพุธ  8:00-10:00,SS2-314/SS2-203,S02-3,35,,,,,,,เพ็ญนิภา พูลสวัสดิ์* ,,,,,,,,,,,,,
,,,,,,,,1,711,วันพุธ  10:00-12:00,SS2-314/SS2-203,S02-3,35,เพ็ญนิภา พูลสวัสดิ์* ,,,,,,,,,,,,,
,3,2,861,วันศุกร์  8:00-10:00,SS2-312/SS2-203,S02-3,30,,,,,,,เพ็ญนิภา พูลสวัสดิ์* ,,,,,,,,,,,,,
,,,,,,,,1,861,วันศุกร์  10:00-12:00,SS2-312/SS2-203,S02-3,30,เพ็ญนิภา พูลสวัสดิ์* ,,,,,,,,,,,,,
02301412-65 ทักษะการสื่อสารในวิชาชีพทางวิทยาศาสตร์การกีฬาและการออกกำลังกาย (Skill of Communications in Sports and Exercise Science),2,2,700,วันศุกร์  10:00-12:00,LH2-203,S02-3,50,,,,,,,วิมลมาศ ประชากุล* ,,,,,,,,,,,,,
02301441-65 การฝึกปฏิบัติงานด้านผู้ฝึกสอนกีฬา (Practical Sports Coaching),,,,,,,,2,711,วันจันทร์  13:00-17:00,SS2-314,S02-4,40,"นิรอมลี มะกาเจ*  , ภูวนารถ ศรีทน , ศิวะ ลียวัฒนานุพงศ์",,,,,,,,,,,,,
,,,,,,,,2,861,วันศุกร์  8:00-12:00,SS2-314,S02-4,25,"นิรอมลี มะกาเจ*  , ภูวนารถ ศรีทน , ศิวะ ลียวัฒนานุพงศ์",,,,,,,,,,,,,
02301481-65 การจัดการทรัพยากรมนุษย์ทางการกีฬา (Managing Human Resources in Sport),2,2,700,วันอังคาร  10:00-12:00,SS1304,S02-4,40,,,,,,,อิษฎี กุฏอินทร์* ,,,,,,,,,,,,,
,2,2,861,วันจันทร์  10:00-12:00,SS1304,S02-4,25,,,,,,,อิษฎี กุฏอินทร์* ,,,,,,,,,,,,,
02301492-65 โครงงานวิจัยทางวิทยาศาสตร์การกีฬาและการออกกำลังกาย (Project Research in Sports and Exercise Science),,,,,,,,1,711,วันพฤหัสบดี  9:00-12:00,LH4-305,S02-4,115,นิรอมลี มะกาเจ* ,,,,,,,,,,,,,
,,,,,,,,1,861,วันพุธ  9:00-12:00,SS2-312,S02-4,25,นิรอมลี มะกาเจ* ,,,,,,,,,,,,,
02301496-65 เรื่องเฉพาะทางวิทยาศาสตร์การกีฬาและการออกกำลังกาย (Selected Topics in Sports and Exercise Science),3,3,861,วันพุธ  9:00-12:00,SS1301,"S02-2 , S02-3 , S02-4",50,,,,,,,"วิมลมาศ ประชากุล*  , อุบล ทองปัญญา",,,,,,,,,,,,,
02301499-60 การฝึกงานทางวิทยาศาสตร์การกีฬาและการออกกำลังกาย (Internship in Sport and Exercise Science),,,,,,,,6,711,ติดต่อผู้สอน,ติดต่อผู้สอน,S02-5,1,ไพลิน เผือกประคอง* ,,,,,,,,,,,,,
วิศวกรรมศาสตร์,,,,,,,,,,,,,,,,,,,,,,,,,,,
01200101-64 การคิดเชิงนวัตกรรม (Innovative Thinking),3,3,700,"วันพฤหัสบดี  10:30-12:00,วันศุกร์  16:00-17:30","LH3-303 , LH3-303","E24 , E36-2 , E38-2",150,,,,,,,กฤษณันท์ มะลิทอง* ,,,,,,,,,,,,,
,3,3,701,วันศุกร์  13:00-16:00,LH3-303,B03-1,120,,,,,,,กฤษณันท์ มะลิทอง* ,,,,,,,,,,,,,
,3,3,833,วันพุธ  7:00-10:00,LH2-206,E38-2,100,,,,,,,กฤษณันท์ มะลิทอง* ,,,,,,,,,,,,,
01203212-65 การฝึกงานสำรวจ (Survey Camp),,,,,,,,1,839,ติดต่อผู้สอน,ติดต่อผู้สอน,E06,2,ชิษณุพงศ์ สุธัมมะ* ,,,,,,,,,,,,,
01203221-65 กลศาสตร์ของวัสดุ I (Mechanics of Materials I),3,3,700,ยังไม่มีการกำหนดวัน-เวลาเรียน,ยังไม่มีการกำหนดห้องเรียน,-,10,,,,,,,"พงษ์ภวัลย์ ภัทรประภานันท์*  , ชิษณุพงศ์ สุธัมมะ",,,,,,,,,,,,,
,3,3,833,ยังไม่มีการกำหนดวัน-เวลาเรียน,ยังไม่มีการกำหนดห้องเรียน,E06,99,,,,,,,"พงษ์ภวัลย์ ภัทรประภานันท์*  , ชิษณุพงศ์ สุธัมมะ",,,,,,,,,,,,,
01203222-65 การวิเคราะห์โครงสร้าง I (Structural Analysis I),3,3,700,ยังไม่มีการกำหนดวัน-เวลาเรียน,ยังไม่มีการกำหนดห้องเรียน,-,10,,,,,,,"การันต์ คล้ายฉ่ำ*  , ชิษณุพงศ์ สุธัมมะ",,,,,,,,,,,,,
,3,3,833,ยังไม่มีการกำหนดวัน-เวลาเรียน,ยังไม่มีการกำหนดห้องเรียน,E06,15,,,,,,,"การันต์ คล้ายฉ่ำ*  , ชิษณุพงศ์ สุธัมมะ",,,,,,,,,,,,,
01203223-65 กลศาสตร์ของวัสดุ II (Mechanics of Materials II),3,3,700,ยังไม่มีการกำหนดวัน-เวลาเรียน,ยังไม่มีการกำหนดห้องเรียน,-,30,,,,,,,นันทวัฒน์ ขมหวาน* ,,,,,,,,,,,,,
,3,3,833,ยังไม่มีการกำหนดวัน-เวลาเรียน,ยังไม่มีการกำหนดห้องเรียน,E06,20,,,,,,,นันทวัฒน์ ขมหวาน* ,,,,,,,,,,,,,
01203224-60 คณิตศาสตร์ประยุกต์สำหรับวิศวกรรมโยธา (Applied Mathematics for Civil Engineering),3,3,700,ติดต่อผู้สอน,ติดต่อผู้สอน,-,4,,,,,,,ชิษณุพงศ์ สุธัมมะ* ,,,,,,,,,,,,,
01203231-65 คอนกรีตและวัสดุวิศวกรรม (Concrete and Engineering Materials),3,2,833,วันจันทร์  13:00-15:00,ติดต่อผู้สอน,-,1,,,,,,,เพ็ญพิชชา สนิทอินทร์* ,,,,,,,,,,,,,
,,,,,,,,1,839,วันจันทร์  16:00-19:00,ติดต่อผู้สอน,-,1,เพ็ญพิชชา สนิทอินทร์* ,,,,,,,,,,,,,
01203322-65 ปฏิบัติการทดสอบวัสดุวิศวกรรมโยธา (Civil Engineering Materials Testing Laboratory),,,,,,,,1,711,ยังไม่มีการกำหนดวัน-เวลาเรียน,ยังไม่มีการกำหนดห้องเรียน,-,3,"กฤษณะ จันทรโชติ , ชิษณุพงศ์ สุธัมมะ* ",,,,,,,,,,,,,
01203323-65 การวิเคราะห์โครงสร้าง II (Structural Analysis II),3,3,700,ยังไม่มีการกำหนดวัน-เวลาเรียน,ยังไม่มีการกำหนดห้องเรียน,-,30,,,,,,,นันทวัฒน์ ขมหวาน* ,,,,,,,,,,,,,
,3,3,833,ยังไม่มีการกำหนดวัน-เวลาเรียน,ยังไม่มีการกำหนดห้องเรียน,E06,20,,,,,,,นันทวัฒน์ ขมหวาน* ,,,,,,,,,,,,,
01203331-65 การออกแบบคอนกรีตเสริมเหล็ก (Reinforced Concrete Design),4,3,700,ยังไม่มีการกำหนดวัน-เวลาเรียน,ยังไม่มีการกำหนดห้องเรียน,-,2,,,,,,,พงษ์ภวัลย์ ภัทรประภานันท์* ,,,,,,,,,,,,,
,,,,,,,,1,711,ยังไม่มีการกำหนดวัน-เวลาเรียน,ยังไม่มีการกำหนดห้องเรียน,-,2,พงษ์ภวัลย์ ภัทรประภานันท์* ,,,,,,,,,,,,,
01203333-65 การออกแบบโครงสร้างไม้และเหล็ก (Design of Timber and Steel Structures),4,3,700,วันพฤหัสบดี  9:00-12:00,E6221,E06-4,65,,,,,,,การันต์ คล้ายฉ่ำ* ,,,,,,,,,,,,,
,,,,,,,,1,711,ยังไม่มีการกำหนดวัน-เวลาเรียน,ยังไม่มีการกำหนดห้องเรียน,E06-4,65,การันต์ คล้ายฉ่ำ* ,,,,,,,,,,,,,
,4,3,833,วันพฤหัสบดี  13:00-16:00,E6220,E06-4,35,,,,,,,การันต์ คล้ายฉ่ำ* ,,,,,,,,,,,,,
,,,,,,,,1,839,วันศุกร์  13:00-16:00,E6220,E06-4,35,การันต์ คล้ายฉ่ำ* ,,,,,,,,,,,,,
01203352-65 ปฐพีกลศาสตร์ (Soil Mechanics),3,3,833,ยังไม่มีการกำหนดวัน-เวลาเรียน,ยังไม่มีการกำหนดห้องเรียน,E06,2,,,,,,,กมล อมรฟ้า* ,,,,,,,,,,,,,
01203353-65 ปฏิบัติการปฐพีกลศาสตร์ (Soil Mechanics Laboratory),,,,,,,,1,713,ยังไม่มีการกำหนดวัน-เวลาเรียน,ยังไม่มีการกำหนดห้องเรียน,-,2,สมชาย ประยงค์พันธ์* ,,,,,,,,,,,,,
01203354-65 การออกแบบฐานราก (Foundation design),3,3,700,"วันอังคาร  13:00-14:30,วันพุธ  13:00-14:30","E6221 , E6221",E06-4,80,,,,,,,"สิรัญญา ทองชาติ*  , บรรพต กุลสุวรรณ",,,,,,,,,,,,,
,3,3,701,ยังไม่มีการกำหนดวัน-เวลาเรียน,ยังไม่มีการกำหนดห้องเรียน,-,10,,,,,,,"สิรัญญา ทองชาติ*  , บรรพต กุลสุวรรณ",,,,,,,,,,,,,
,3,3,833,"วันอังคาร  14:30-16:00,วันพุธ  14:30-16:00","E6221 , E6221",E06-4,40,,,,,,,"สิรัญญา ทองชาติ*  , บรรพต กุลสุวรรณ",,,,,,,,,,,,,
01203361-65 วิศวกรรมก่อสร้างและการจัดการ (Construction Engineering and Management),3,3,700,"วันอังคาร  14:30-16:00,วันพุธ  14:30-16:00","E6220 , E6220",E06-4,75,,,,,,,นที อธิกคุณากร* ,,,,,,,,,,,,,
,3,3,701,"วันจันทร์  14:30-16:00,วันพุธ  10:30-12:00","E6220 , E6220",E04-4,60,,,,,,,นที อธิกคุณากร* ,,,,,,,,,,,,,
,3,3,833,"วันอังคาร  13:00-14:30,วันพุธ  13:00-14:30","E6220 , E6220",E06-4,50,,,,,,,นที อธิกคุณากร* ,,,,,,,,,,,,,
01203381-65 การประยุกต์คอมพิวเตอร์ในงานวิศวกรรมโยธา (Computer Applications in Civil Engineering),,,,,,,,1,711,ยังไม่มีการกำหนดวัน-เวลาเรียน,ยังไม่มีการกำหนดห้องเรียน,-,3,บรรพต กุลสุวรรณ* ,,,,,,,,,,,,,
,,,,,,,,1,839,ยังไม่มีการกำหนดวัน-เวลาเรียน,ยังไม่มีการกำหนดห้องเรียน,-,3,บรรพต กุลสุวรรณ* ,,,,,,,,,,,,,
01203399-65 การฝึกงาน (Internship),,,,,,,,1,711,วันอังคาร  16:00-18:00,E6221,E06-4,65,ชิษณุพงศ์ สุธัมมะ* ,,,,,,,,,,,,,
,,,,,,,,1,839,วันศุกร์  16:00-18:00,E6218,E06-4,35,ชิษณุพงศ์ สุธัมมะ* ,,,,,,,,,,,,,
01203431-60 การออกแบบคอนกรีตอัดแรง (Prestressed Concrete Design),3,3,700,"วันจันทร์  10:30-12:00,วันพุธ  10:30-12:00","E6219 , E6219",E06-4X,20,,,,,,,"นันทวัฒน์ ขมหวาน*  , พงษ์ภวัลย์ ภัทรประภานันท์",,,,,,,,,,,,,
,3,3,833,"วันจันทร์  9:00-10:30,วันอังคาร  10:30-12:00","E6219 , E6219",E06-4X,20,,,,,,,"นันทวัฒน์ ขมหวาน*  , พงษ์ภวัลย์ ภัทรประภานันท์",,,,,,,,,,,,,
01203431-65 การออกแบบคอนกรีตอัดแรง (Prestressed Concrete Design),3,3,700,"วันจันทร์  10:30-12:00,วันพุธ  10:30-12:00","E6219 , E6219",E06-4,30,,,,,,,"พงษ์ภวัลย์ ภัทรประภานันท์ , นันทวัฒน์ ขมหวาน* ",,,,,,,,,,,,,
,3,3,833,"วันจันทร์  9:00-10:30,วันอังคาร  10:30-12:30","E6219 , E6219",E06-4,15,,,,,,,"นันทวัฒน์ ขมหวาน*  , พงษ์ภวัลย์ ภัทรประภานันท์",,,,,,,,,,,,,
01203471-65 วิศวกรรมการทาง (Highway Engineering),3,3,700,วันอังคาร  9:00-12:00,KH80-201,"E06-4 , E04-4",110,,,,,,,"กฤษณะ จันทรโชติ*  , ปนัดดา กสิกิจวิวัฒน์ , นิภาวรรณ กุลสุวรรณ",,,,,,,,,,,,,
,3,3,833,วันศุกร์  9:00-12:00,KH80-207,E06-4,35,,,,,,,"กฤษณะ จันทรโชติ*  , ปนัดดา กสิกิจวิวัฒน์ , นิภาวรรณ กุลสุวรรณ",,,,,,,,,,,,,
01203477-60 โครงสร้างพื้นผิวทาง (Pavement Structures),3,3,700,วันพฤหัสบดี  13:00-16:00,E6221,E06-4X,30,,,,,,,"บรรพต กุลสุวรรณ , นิภาวรรณ กุลสุวรรณ* ",,,,,,,,,,,,,
,3,3,833,วันพุธ  9:00-12:00,E6221,E06-4X,15,,,,,,,"บรรพต กุลสุวรรณ , นิภาวรรณ กุลสุวรรณ* ",,,,,,,,,,,,,
01203477-65 โครงสร้างพื้นผิวทาง (Pavement Structures),3,3,700,วันพฤหัสบดี  13:00-16:00,E6221,E06-4,34,,,,,,,"บรรพต กุลสุวรรณ*  , นิภาวรรณ กุลสุวรรณ",,,,,,,,,,,,,
,3,3,833,วันพุธ  9:00-12:00,E6221,E06-4,15,,,,,,,"บรรพต กุลสุวรรณ , นิภาวรรณ กุลสุวรรณ* ",,,,,,,,,,,,,
01203495-65 การเตรียมการโครงงานวิศวกรรมโยธา (Civil Engineering Project Preparation),,,,,,,,1,711,วันจันทร์  13:00-16:00,E6218,E06-4,65,"บรรพต กุลสุวรรณ , นิภาวรรณ กุลสุวรรณ* ",,,,,,,,,,,,,
,,,,,,,,1,839,วันจันทร์  13:00-16:00,E6218,E06-4,35,"นิภาวรรณ กุลสุวรรณ*  , บรรพต กุลสุวรรณ",,,,,,,,,,,,,
01203499-65 โครงงานวิศวกรรมโยธา (Civil Engineering Project),,,,,,,,2,839,ติดต่อผู้สอน,ติดต่อผู้สอน,E06,6,นิภาวรรณ กุลสุวรรณ* ,,,,,,,,,,,,,
01208111-65 การเขียนแบบวิศวกรรม (Engineering Drawing),3,2,700,วันอังคาร  16:00-18:00,E4401,E04-1,20,,,,,,,ณัฐดนัย ตัณฑวิรุฬห์* ,,,,,,,,,,,,,
,3,2,701,วันอังคาร  16:00-18:00,E4402,E04-1,20,,,,,,,จีรชัย สุภาสุทธากูล* ,,,,,,,,,,,,,
,3,2,702,วันอังคาร  16:00-18:00,E4403,E04-1,20,,,,,,,ปรีดา ปรากฎมาก* ,,,,,,,,,,,,,
,,,,,,,,1,711,วันพุธ  16:30-19:30,E4402,E04-1,20,ณัฐดนัย ตัณฑวิรุฬห์* ,,,,,,,,,,,,,
,,,,,,,,1,712,วันพุธ  16:00-19:00,E4403,E04-1,20,จีรชัย สุภาสุทธากูล* ,,,,,,,,,,,,,
,,,,,,,,1,713,วันพุธ  16:00-19:00,E4404,E04-1,20,ปรีดา ปรากฎมาก* ,,,,,,,,,,,,,
01208112-65 การเขียนแบบวิศวกรรมเครื่องกล (Mechanical Engineering Drawing),3,2,700,วันอังคาร  13:00-15:00,E4401,E03-1,30,,,,,,,"สวัสดิ์ ภูมิสวัสดิ์*  , วิจิตรา ภูมิสวัสดิ์",,,,,,,,,,,,,
,3,2,701,วันศุกร์  10:00-12:00,E4401,E03-1,30,,,,,,,"สวัสดิ์ ภูมิสวัสดิ์*  , วิจิตรา ภูมิสวัสดิ์",,,,,,,,,,,,,
,,,,,,,,1,711,วันอังคาร  15:00-18:00,E8302,E03-1,30,"สวัสดิ์ ภูมิสวัสดิ์*  , วิจิตรา ภูมิสวัสดิ์",,,,,,,,,,,,,
,,,,,,,,1,712,วันศุกร์  13:00-16:00,E8303,E03-1,30,"สวัสดิ์ ภูมิสวัสดิ์*  , วิจิตรา ภูมิสวัสดิ์",,,,,,,,,,,,,
,3,2,832,วันจันทร์  10:00-12:00,E4402,E03-1,40,,,,,,,"สวัสดิ์ ภูมิสวัสดิ์*  , วิจิตรา ภูมิสวัสดิ์",,,,,,,,,,,,,
,,,,,,,,1,837,วันจันทร์  13:00-16:00,E8303,E03-1,40,"สวัสดิ์ ภูมิสวัสดิ์*  , วิจิตรา ภูมิสวัสดิ์",,,,,,,,,,,,,
01208211-65 ปฏิบัติการออกแบบและเขียนแบบใช้คอมพิวเตอร์ช่วยสำหรับระบบอาคาร (Workshop in Computer Aided Design and Drafting for Building Systems),,,,,,,,1,711,วันพุธ  13:00-16:00,E8302,E03-2,59,วัชมา โพธิ์ทอง* ,,,,,,,,,,,,,
,,,,,,,,1,837,วันจันทร์  16:00-19:00,E8303,E03-2,41,สวัสดิ์ ภูมิสวัสดิ์* ,,,,,,,,,,,,,
01208221-65 กลศาสตร์วิศวกรรม I (Engineering Mechanics I),3,3,700,"วันอังคาร  9:00-10:30,วันพฤหัสบดี  9:00-10:30","E4301 , E4301",E03-2,69,,,,,,,สวัสดิ์ ภูมิสวัสดิ์* ,,,,,,,,,,,,,
,3,3,701,"วันอังคาร  10:30-12:00,วันพฤหัสบดี  10:30-12:00","E4301 , E4301",E24-2,74,,,,,,,เบญญา กสานติกุล* ,,,,,,,,,,,,,
,3,3,832,"วันอังคาร  10:30-12:00,วันพฤหัสบดี  10:30-12:00","E4402 , E4402",E03-2,51,,,,,,,สวัสดิ์ ภูมิสวัสดิ์* ,,,,,,,,,,,,,
,3,3,839,ติดต่อผู้สอน,ติดต่อผู้สอน,E38-2,15,,,,,,,เบญญา กสานติกุล* ,,,,,,,,,,,,,
01208223-65 กลศาสตร์ของวัสดุ (Mechanics of Materials),3,3,700,ติดต่อผู้สอน,ติดต่อผู้สอน,E03-5,15,,,,,,,ณัฐดนัย ตัณฑวิรุฬห์* ,,,,,,,,,,,,,
01208242-65 กลศาสตร์ของไหล (Fluid Mechanics),3,3,700,ติดต่อผู้สอน,ติดต่อผู้สอน,E03-5,3,,,,,,,สวัสดิ์ ภูมิสวัสดิ์* ,,,,,,,,,,,,,
01208271-65 การประยุกต์คณิตศาสตร์ในวิศวกรรมเครื่องกล (Mathematical Applications in Mechanical Engineering),3,2,700,วันพฤหัสบดี  10:30-12:30,E8303,E03-2,59,,,,,,,ปรีดา ปรากฎมาก* ,,,,,,,,,,,,,
,,,,,,,,1,711,วันจันทร์  14:30-17:30,E8302,E03-2,59,ปรีดา ปรากฎมาก* ,,,,,,,,,,,,,
,3,2,832,วันอังคาร  13:00-15:00,E8302,E03-2,41,,,,,,,ปรีดา ปรากฎมาก* ,,,,,,,,,,,,,
,,,,,,,,1,837,วันศุกร์  16:00-19:00,E8302,E03-2,41,ปรีดา ปรากฎมาก* ,,,,,,,,,,,,,
01208281-65 การฝึกงานโรงงาน (Workshop Practice),,,,,,,,1,711,วันศุกร์  9:00-12:00,SHOP 5,E24-1,30,จีรชัย สุภาสุทธากูล* ,,,,,,,,,,,,,
,,,,,,,,1,712,วันศุกร์  13:00-16:00,SHOP 5,E24-1,30,จีรชัย สุภาสุทธากูล* ,,,,,,,,,,,,,
01208321-65 กลศาสตร์ของเครื่องจักรกล (Mechanics of Machinery),3,3,700,"วันอังคาร  14:30-16:00,วันพฤหัสบดี  10:30-12:00","E9402 , E9402",E03-3,46,,,,,,,วรพจน์ ศตเดชากุล* ,,,,,,,,,,,,,
01208322-65 การสั่นเชิงกล (Mechanical Vibrations),3,3,700,"วันจันทร์  14:30-16:00,วันอังคาร  13:00-14:30","E9502 , E9502",E03-3,46,,,,,,,ธนา ชีพสมทรง* ,,,,,,,,,,,,,
01208323-60 วิธีการคอมพิวเตอร์สำหรับวิศวกรรมเครื่องกล (Computer Methods for Mechanical Engineering),3,2,700,ติดต่อผู้สอน,ติดต่อผู้สอน,E03-6,1,,,,,,,ปรีดา ปรากฎมาก* ,,,,,,,,,,,,,
,,,,,,,,1,711,ติดต่อผู้สอน,ติดต่อผู้สอน,E03-6,1,ปรีดา ปรากฎมาก* ,,,,,,,,,,,,,
01208341-60 อุณหพลศาสตร์ II (Thermodynamics II),3,3,700,"วันจันทร์  15:00-16:30,วันศุกร์  10:30-12:00","LH4-611 , LH4-308","E03-5 , E03-6",10,,,,,,,คมกฤษณ์ ชัยโย* ,,,,,,,,,,,,,
,3,3,832,ติดต่อผู้สอน,ติดต่อผู้สอน,E03-5X,5,,,,,,,คมกฤษณ์ ชัยโย* ,,,,,,,,,,,,,
01208341-65 การออกแบบระบบทางความร้อน (Thermal System Design),3,3,700,"วันจันทร์  13:00-14:30,วันพฤหัสบดี  14:30-16:00","LH2-202 , KH80-203","E03-3 , E03-4",65,,,,,,,คมกฤษณ์ ชัยโย* ,,,,,,,,,,,,,
01208351-65 การถ่ายโอนความร้อน (Heat Transfer),3,3,700,"วันพฤหัสบดี  9:00-10:30,วันศุกร์  9:00-10:30","E9502 , E9402",E03-3,46,,,,,,,ชนมน จันทนา* ,,,,,,,,,,,,,
,3,3,701,"วันจันทร์  9:00-10:30,วันพุธ  7:30-9:00","ติดต่อผู้สอน , ติดต่อผู้สอน","E03-4 , E03-5 , E03-6",40,,,,,,,ชนมน จันทนา* ,,,,,,,,,,,,,
01208352-60 การทำความเย็นและการปรับอากาศ (Refrigeration and Air Conditioning),3,3,700,ติดต่อผู้สอน,ติดต่อผู้สอน,"E03-5 , E03-6",5,,,,,,,กิติพงษ์ เจาจารึก,,,,,,,,,,,,,
01208352-65 การทำความเย็น (Refrigeration),3,3,700,"วันอังคาร  9:00-10:30,วันพุธ  10:30-12:00","LH2-203 , LH2-204",E03-3,56,,,,,,,หทัยเทพ วงศ์สุวรรณ* ,,,,,,,,,,,,,
01208371-60 การควบคุมอัตโนมัติ (Automatic Control),3,3,700,ยังไม่มีการกำหนดวัน-เวลาเรียน,ยังไม่มีการกำหนดห้องเรียน,E03-5,2,,,,,,,ณัฐดนัย ตัณฑวิรุฬห์* ,,,,,,,,,,,,,
01208381-65 ปฏิบัติการวิศวกรรมเครื่องกล I (Mechanical Engineering Laboratory I),,,,,,,,1,711,วันพุธ  13:00-16:00,DEPT,E03-3,46,กันต์ธกรณ์ เขาทอง* ,,,,,,,,,,,,,
01208399-60 การฝึกงาน (Internship),,,,,,,,1,711,ติดต่อผู้สอน,ติดต่อผู้สอน,E03-5,2,สวัสดิ์ ภูมิสวัสดิ์* ,,,,,,,,,,,,,
01208413-65 แคด/แคม สำหรับวิศวกรรมเครื่องกล (CAD/CAM for Mechanical Engineering),3,3,700,"วันพุธ  9:00-10:30,วันพฤหัสบดี  14:30-16:00","E4402 , E4402",E03-4,22,,,,,,,จีรชัย สุภาสุทธากูล* ,,,,,,,,,,,,,
01208414-65 เครื่องจักรกลซีเอ็นซีและการเขียนโปรแกรม (CNC Machine and Programming),3,3,700,วันอังคาร  13:00-16:00,E4301,E03-4,21,,,,,,,วัชมา โพธิ์ทอง* ,,,,,,,,,,,,,
01208431-65 การออกแบบยานยนต์ใช้คอมพิวเตอร์ช่วย (Computer-aided Automotive Design),3,2,700,วันพฤหัสบดี  16:30-18:30,E4402,E03-4,25,,,,,,,ธนา ชีพสมทรง* ,,,,,,,,,,,,,
,,,,,,,,1,711,ติดต่อผู้สอน,ติดต่อผู้สอน,E03-4,25,ธนา ชีพสมทรง* ,,,,,,,,,,,,,
01208443-65 วิศวกรรมก๊าซ (Gas  Engineering),3,3,700,วันอาทิตย์  9:00-12:00,ติดต่อผู้สอน,E03-4,20,,,,,,,เบญญา กสานติกุล* ,,,,,,,,,,,,,
01208448-65 พลังงานทดแทนเบื้องต้น (Introduction to Renewable Energy),3,3,700,ติดต่อผู้สอน,ติดต่อผู้สอน,E03-4,19,,,,,,,วิจิตรา ภูมิสวัสดิ์* ,,,,,,,,,,,,,
01208453-65 การออกแบบระบบท่อสำหรับอาคารและโรงงานอุตสาหกรรม (Piping Design for Buildings and Industrial Factories),3,3,700,วันพุธ  16:00-19:00,E4402,E03-4,19,,,,,,,กันต์ธกรณ์ เขาทอง* ,,,,,,,,,,,,,
01208471-65 การวัดทางวิศวกรรม (Engineering Measurements),3,3,700,"วันพฤหัสบดี  9:00-10:30,วันพฤหัสบดี  13:00-14:30","E4401 , E4402",E03-4,35,,,,,,,กิติพงษ์ เจาจารึก,,,,,,,,,,,,,
01208476-65 การเรียนรู้ของเครื่องสำหรับวิศวกรรมเครื่องกล (Machine Learning for Mechanical Engineering),3,2,700,วันอังคาร  16:30-18:30,E9501,E03-4,20,,,,,,,หทัยเทพ วงศ์สุวรรณ* ,,,,,,,,,,,,,
,,,,,,,,1,711,วันเสาร์  13:00-16:00,DEPT,E03-4,20,หทัยเทพ วงศ์สุวรรณ* ,,,,,,,,,,,,,
01208495-65 การเตรียมโครงงานวิศวกรรมเครื่องกล (Mechanical Engineering Project Preparation),,,,,,,,1,711,ติดต่อผู้สอน,DEPT,E03-4,57,หทัยเทพ วงศ์สุวรรณ* ,,,,,,,,,,,,,
01208499-60 โครงงานวิศวกรรมเครื่องกล (Mechanical Engineering Projects),,,,,,,,2,711,ติดต่อผู้สอน,ติดต่อผู้สอน,E03-6,1,หทัยเทพ วงศ์สุวรรณ* ,,,,,,,,,,,,,
,,,,,,,,2,837,ติดต่อผู้สอน,ติดต่อผู้สอน,E03-6X,1,หทัยเทพ วงศ์สุวรรณ* ,,,,,,,,,,,,,
01209211-60 กลศาสตร์ของของไหล (Fluid Mechanics),3,3,700,"วันพฤหัสบดี  16:00-17:30,วันศุกร์  16:00-17:30","ติดต่อผู้สอน , ติดต่อผู้สอน",E04-4X,9,,,,,,,จุติเทพ วงษ์เพ็ชร์* ,,,,,,,,,,,,,
,3,3,833,"วันอังคาร  16:00-17:30,วันพุธ  16:00-17:30","ติดต่อผู้สอน , ติดต่อผู้สอน",E06-5,10,,,,,,,จุติเทพ วงษ์เพ็ชร์* ,,,,,,,,,,,,,
01209312-60 ปฏิบัติการสำหรับวิชากลศาสตร์ของของไหล (Laboratory for Fluid Mechanics),,,,,,,,1,711,วันเสาร์  13:00-16:00,ติดต่อผู้สอน,E04-5,1,พลเพชร สมานมิตร* ,,,,,,,,,,,,,
01209423-65 วิศวกรรมชลศาสตร์ (Hydraulic Engineering),3,3,700,"วันจันทร์  9:00-10:30,วันพุธ  9:00-10:30","E6220 , E6220",E06-4,58,,,,,,,จิระกานต์ ศิริวิชญ์ไมตรี* ,,,,,,,,,,,,,
,3,3,701,"วันจันทร์  13:00-14:30,วันอังคาร  13:00-14:30","E2111 , E2210",E04-4,50,,,,,,,จิระกานต์ ศิริวิชญ์ไมตรี* ,,,,,,,,,,,,,
,3,3,833,"วันอังคาร  9:00-10:30,วันพฤหัสบดี  9:00-10:30","E4402 , E4402",E06-4,40,,,,,,,จิระกานต์ ศิริวิชญ์ไมตรี* ,,,,,,,,,,,,,
01213201-65 วัสดุและกระบวนการผลิต (Materials and Manufacturing Processes),3,3,700,"วันจันทร์  13:00-14:30,วันพุธ  10:30-12:00","E4301 , E4401",E03-2,65,,,,,,,วรุตม์ บุญภักดี* ,,,,,,,,,,,,,
,3,3,832,"วันจันทร์  10:30-12:00,วันพุธ  13:00-14:30","E6218 , E9502",E03-2,65,,,,,,,วรุตม์ บุญภักดี* ,,,,,,,,,,,,,
วิศวกรรมศาสตร์ กำแพงแสน,,,,,,,,,,,,,,,,,,,,,,,,,,,
02201111-67 หลักการวิศวกรรมเกษตร (Principles of Agricultural Engineering),1,1,700,วันพฤหัสบดี  14:00-15:00,E7107,E39-1,40,,,,,,,"สิรินาฏ น้อยพิทักษ์*  , ศิวลักษณ์ ปฐวีรัตน์",,,,,,,,,,,,,
02201112-66 การเขียนแบบวิศวกรรมและการใช้โปรแกรมเขียนแบบเบื้องต้น (Engineering Drawing and Basic Computer-Aided Drawing),3,2,700,วันอังคาร  12:30-14:30,E4402,"E37-1 , E39-1",60,,,,,,,"อนุพันธ์ เทอดวงศ์วรกุล*  , อาทิตย์ พวงสมบัติ",,,,,,,,,,,,,
,3,2,701,วันพุธ  14:30-16:30,E4401,E37-1,60,,,,,,,"อนุพันธ์ เทอดวงศ์วรกุล*  , อาทิตย์ พวงสมบัติ",,,,,,,,,,,,,
,,,,,,,,1,711,วันศุกร์  9:00-12:00,E8302,"E37-1 , E39-1",60,"อนุพันธ์ เทอดวงศ์วรกุล*  , อาทิตย์ พวงสมบัติ",,,,,,,,,,,,,
,,,,,,,,1,712,วันศุกร์  13:00-16:00,E8302,E37-1,60,"อนุพันธ์ เทอดวงศ์วรกุล*  , อาทิตย์ พวงสมบัติ",,,,,,,,,,,,,
02201211-61 การใช้คอมพิวเตอร์ช่วยในการออกแบบทางวิศวกรรมเกษตร (Computer Aided Design for Agricultural Engineering),3,2,700,ติดต่อผู้สอน,ติดต่อผู้สอน,E24-4,25,,,,,,,อาทิตย์ พวงสมบัติ* ,,,,,,,,,,,,,
,,,,,,,,1,711,ติดต่อผู้สอน,ติดต่อผู้สอน,E24-4,25,อาทิตย์ พวงสมบัติ* ,,,,,,,,,,,,,
02201212-66 กลศาสตร์วิศวกรรมสำหรับวิศวกรรมเกษตร (Engineering Mechanics for Agricultural Engineering),3,3,700,"วันจันทร์  10:30-12:00,วันอังคาร  10:30-12:00","E7215 , E7215",E37-2,60,,,,,,,ภวินท์ ธัญภัทรานนท์* ,,,,,,,,,,,,,
02201215-66 วัสดุและกระบวนการผลิตเครื่องจักรกลเกษตร (Materials and Agricultural Machinery Manufacturing process),3,3,700,"วันพุธ  10:30-12:00,วันศุกร์  9:00-10:30","E7215 , E7215",E37-2,60,,,,,,,ศุภชัย กุลมุติวัฒน์* ,,,,,,,,,,,,,
02201221-66 อุณหพลศาสตร์สำหรับวิศวกรรมเกษตร (Thermodynamics for Agricultural Engineering),3,3,700,ติดต่อผู้สอน,ติดต่อผู้สอน,"E37-2 , E37-3",50,,,,,,,แก้วกานต์ พวงสมบัติ* ,,,,,,,,,,,,,
,3,3,830,ติดต่อผู้สอน,ติดต่อผู้สอน,"E37-2 , E37-3",50,,,,,,,แก้วกานต์ พวงสมบัติ* ,,,,,,,,,,,,,
02201231-66 การประยุกต์คณิตศาสตร์ในวิศวกรรมเกษตร (Mathematical Applications in Agricultural Engineering),3,3,700,"วันอังคาร  14:30-16:00,วันพฤหัสบดี  14:30-16:00","E7215 , E7215",E37-2,60,,,,,,,"พิมพ์พรรณ ปรืองาม*  , ศิริศักดิ์ เชิดเกียรติพล",,,,,,,,,,,,,
02201241-61 พื้นฐานทางไฟฟ้าสำหรับวิศวกรรมเกษตร (Fundamental of Electricity for Agricultural Engineering),3,2,700,ติดต่อผู้สอน,ติดต่อผู้สอน,E02-5,5,,,,,,,วัชรพล ชยประเสริฐ* ,,,,,,,,,,,,,
,,,,,,,,1,711,ติดต่อผู้สอน,ติดต่อผู้สอน,E02-5,5,วัชรพล ชยประเสริฐ* ,,,,,,,,,,,,,
02201241-66 พื้นฐานทางไฟฟ้าสำหรับวิศวกรรมเกษตร (Fundamental of Electricity for Agricultural Engineering),3,2,700,วันพุธ  16:30-18:30,E7215,E37-2,60,,,,,,,วัชรพล ชยประเสริฐ* ,,,,,,,,,,,,,
,,,,,,,,1,711,วันพฤหัสบดี  9:00-12:00,E3302,E37-2,30,วัชรพล ชยประเสริฐ* ,,,,,,,,,,,,,
,,,,,,,,1,712,วันพฤหัสบดี  16:30-19:30,E3302,E37-2,30,วัชรพล ชยประเสริฐ* ,,,,,,,,,,,,,
,3,2,830,ติดต่อผู้สอน,ติดต่อผู้สอน,E37-3,5,,,,,,,วัชรพล ชยประเสริฐ* ,,,,,,,,,,,,,
,,,,,,,,1,835,ติดต่อผู้สอน,ติดต่อผู้สอน,E37-3,5,วัชรพล ชยประเสริฐ* ,,,,,,,,,,,,,
02201312-61 การออกแบบเครื่องจักรกลเกษตร (Agricultural Machinery Design),4,4,700,ติดต่อผู้สอน,ติดต่อผู้สอน,E02-5,10,,,,,,,ศิริศักดิ์ เชิดเกียรติพล* ,,,,,,,,,,,,,
,4,4,830,ยังไม่มีการกำหนดวัน-เวลาเรียน,ยังไม่มีการกำหนดห้องเรียน,E02-5,10,,,,,,,ศิริศักดิ์ เชิดเกียรติพล* ,,,,,,,,,,,,,
02201312-66 การออกแบบเครื่องจักรกลเกษตร (Agricultural Machinery Design),4,4,700,"วันพุธ  14:30-16:30,วันศุกร์  10:30-12:30","E7215 , E7215",E37-3,60,,,,,,,ศิริศักดิ์ เชิดเกียรติพล* ,,,,,,,,,,,,,
,4,4,830,ติดต่อผู้สอน,ติดต่อผู้สอน,E37-3,30,,,,,,,ศิริศักดิ์ เชิดเกียรติพล* ,,,,,,,,,,,,,
02201315-61 ปฏิบัติการวิศวกรรมเกษตร I (Agricultural Engineering Laboratory I),,,,,,,,1,711,ติดต่อผู้สอน,ติดต่อผู้สอน,E02-5,5,"วัชรพล ชยประเสริฐ*  , ศิวลักษณ์ ปฐวีรัตน์ , วันรัฐ อับดุลลากาซิม",,,,,,,,,,,,,
02201315-66 ปฏิบัติการวิศวกรรมเกษตร I (Agricultural Engineering Laboratory I),,,,,,,,1,711,วันจันทร์  9:00-12:00,ติดต่อผู้สอน,E37-3,60,"วัชรพล ชยประเสริฐ*  , ศิวลักษณ์ ปฐวีรัตน์ , วันรัฐ อับดุลลากาซิม",,,,,,,,,,,,,
,,,,,,,,1,835,ติดต่อผู้สอน,ติดต่อผู้สอน,E37-3,30,"วัชรพล ชยประเสริฐ*  , ศิวลักษณ์ ปฐวีรัตน์ , วันรัฐ อับดุลลากาซิม",,,,,,,,,,,,,
02201323-61 สมบัติทางกายภาพของผลิตภัณฑ์เกษตร (Physical Properties of Agricultural Products),3,2,700,ติดต่อผู้สอน,ติดต่อผู้สอน,E02-5,5,,,,,,,อนุพันธ์ เทอดวงศ์วรกุล* ,,,,,,,,,,,,,
,,,,,,,,1,711,ติดต่อผู้สอน,ติดต่อผู้สอน,E02-5,5,อนุพันธ์ เทอดวงศ์วรกุล* ,,,,,,,,,,,,,
,3,2,830,ติดต่อผู้สอน,ติดต่อผู้สอน,E02-5,10,,,,,,,อนุพันธ์ เทอดวงศ์วรกุล* ,,,,,,,,,,,,,
,,,,,,,,1,835,ติดต่อผู้สอน,ติดต่อผู้สอน,E02-5,10,อนุพันธ์ เทอดวงศ์วรกุล* ,,,,,,,,,,,,,
02201323-66 สมบัติทางกายภาพของผลิตภัณฑ์เกษตร (Physical Properties of Agricultural Products),3,2,700,วันพุธ  10:30-12:30,E7108,E37-3,60,,,,,,,อนุพันธ์ เทอดวงศ์วรกุล* ,,,,,,,,,,,,,
,,,,,,,,1,711,วันพฤหัสบดี  9:00-12:00,ติดต่อผู้สอน,E37-3,60,อนุพันธ์ เทอดวงศ์วรกุล* ,,,,,,,,,,,,,
,3,2,830,ติดต่อผู้สอน,ติดต่อผู้สอน,E37-3,30,,,,,,,อนุพันธ์ เทอดวงศ์วรกุล* ,,,,,,,,,,,,,
,,,,,,,,1,835,ติดต่อผู้สอน,ติดต่อผู้สอน,E37-3,30,อนุพันธ์ เทอดวงศ์วรกุล* ,,,,,,,,,,,,,
02201324-61 ปฏิบัติการวิศวกรรมเกษตร II (Agricultural Engineering Laboratory II),,,,,,,,1,711,วันอังคาร  13:00-16:00,ติดต่อผู้สอน,E02-4,60,"สิรินาฏ น้อยพิทักษ์*  , แก้วกานต์ พวงสมบัติ , นงลักษณ์ เล็กรุ่งเรืองกิจ",,,,,,,,,,,,,
,,,,,,,,1,835,ติดต่อผู้สอน,ติดต่อผู้สอน,E02-4,30,"สิรินาฏ น้อยพิทักษ์*  , แก้วกานต์ พวงสมบัติ , นงลักษณ์ เล็กรุ่งเรืองกิจ",,,,,,,,,,,,,
02201332-61 สถิติและการประยุกต์สำหรับวิศวกรรมเกษตร (Statistics and Application for Agricultural Engineering),3,3,700,ติดต่อผู้สอน,ติดต่อผู้สอน,E02-5,15,,,,,,,พิมพ์พรรณ ปรืองาม* ,,,,,,,,,,,,,
,3,3,830,ติดต่อผู้สอน,ติดต่อผู้สอน,E02-5,15,,,,,,,พิมพ์พรรณ ปรืองาม* ,,,,,,,,,,,,,
02201332-66 สถิติและการประยุกต์สำหรับวิศวกรรมเกษตร (Statistics and Application for Agricultural Engineering),3,3,700,"วันอังคาร  13:00-14:30,วันพุธ  9:00-10:30","E7108 , E7108",E37-3,60,,,,,,,พิมพ์พรรณ ปรืองาม* ,,,,,,,,,,,,,
,3,3,830,ติดต่อผู้สอน,ติดต่อผู้สอน,"E37-3 , E02-5",30,,,,,,,พิมพ์พรรณ ปรืองาม* ,,,,,,,,,,,,,
02201341-61 การใช้ไฟฟ้าสำหรับอุตสาหกรรมเกษตร (Electrification for Agricultural Industries),3,2,700,ติดต่อผู้สอน,ติดต่อผู้สอน,E02-4,5,,,,,,,วัชรพล ชยประเสริฐ* ,,,,,,,,,,,,,
,,,,,,,,1,711,ติดต่อผู้สอน,ติดต่อผู้สอน,E02-4,5,วัชรพล ชยประเสริฐ* ,,,,,,,,,,,,,
02201341-66 การใช้ไฟฟ้าสำหรับอุตสาหกรรมเกษตร (Electrification for Agricultural Industries),3,2,700,ติดต่อผู้สอน,ติดต่อผู้สอน,E37-3,60,,,,,,,วัชรพล ชยประเสริฐ* ,,,,,,,,,,,,,
,,,,,,,,1,711,ติดต่อผู้สอน,E3302,E37-3,30,วัชรพล ชยประเสริฐ* ,,,,,,,,,,,,,
,,,,,,,,1,712,ติดต่อผู้สอน,ติดต่อผู้สอน,E37-3,30,วัชรพล ชยประเสริฐ* ,,,,,,,,,,,,,
,3,2,830,ติดต่อผู้สอน,ติดต่อผู้สอน,E37-3,30,,,,,,,วัชรพล ชยประเสริฐ* ,,,,,,,,,,,,,
,,,,,,,,1,835,ติดต่อผู้สอน,ติดต่อผู้สอน,E37-3,30,วัชรพล ชยประเสริฐ* ,,,,,,,,,,,,,
02201371-61 กลศาสตร์ของไหลสำหรับวิศวกรรมเกษตร (Fluid Mechanics for Agricultural Engineering),3,3,700,ติดต่อผู้สอน,ติดต่อผู้สอน,E02-5,15,,,,,,,ศุภชัย กุลมุติวัฒน์* ,,,,,,,,,,,,,
,3,3,830,ติดต่อผู้สอน,ติดต่อผู้สอน,E02-5,15,,,,,,,ศุภชัย กุลมุติวัฒน์* ,,,,,,,,,,,,,
02201371-66 กลศาสตร์ของไหลสำหรับวิศวกรรมเกษตร (Fluid Mechanics for Agricultural Engineering),3,3,700,"วันพุธ  13:00-14:30,วันพฤหัสบดี  13:00-14:30","E7108 , E7108",E37-3,60,,,,,,,ศุภชัย กุลมุติวัฒน์* ,,,,,,,,,,,,,
,3,3,830,ติดต่อผู้สอน,ติดต่อผู้สอน,E37-3,30,,,,,,,ศุภชัย กุลมุติวัฒน์* ,,,,,,,,,,,,,
02201372-61 วิศวกรรมการจัดการดินและน้ำ (Soil and Water Management Engineering),3,3,830,ติดต่อผู้สอน,ติดต่อผู้สอน,E02-5,10,,,,,,,นงลักษณ์ เล็กรุ่งเรืองกิจ* ,,,,,,,,,,,,,
02201372-66 วิศวกรรมการจัดการดินและน้ำ (Soil and Water Management Engineering),3,3,700,"วันพฤหัสบดี  13:00-14:30,วันศุกร์  13:00-14:30","E7215 , E7215",E37-2,60,,,,,,,นงลักษณ์ เล็กรุ่งเรืองกิจ* ,,,,,,,,,,,,,
02201411-61 รถแทรกเตอร์เพื่อการเกษตร (Agricultural Tractors),3,2,700,วันศุกร์  13:00-15:00,E7108,E02-4,60,,,,,,,ประเทือง อุษาบริสุทธิ์* ,,,,,,,,,,,,,
,,,,,,,,1,711,วันพุธ  13:00-16:00,ติดต่อผู้สอน,E02-4,60,วัชรชาญ สุขเจริญวิภารัตน์* ,,,,,,,,,,,,,
,3,2,830,ติดต่อผู้สอน,ติดต่อผู้สอน,E02-4,30,,,,,,,ประเทือง อุษาบริสุทธิ์* ,,,,,,,,,,,,,
,,,,,,,,1,835,ติดต่อผู้สอน,ติดต่อผู้สอน,E02-4,30,วัชรชาญ สุขเจริญวิภารัตน์* ,,,,,,,,,,,,,
02201412-61 เครื่องจักรกลเกษตร (Agricultural Machinery),3,2,700,วันอังคาร  10:30-12:30,E7107,E02-4,60,,,,,,,วันรัฐ อับดุลลากาซิม* ,,,,,,,,,,,,,
,,,,,,,,1,711,วันพุธ  9:00-12:00,ติดต่อผู้สอน,E02-4,60,วันรัฐ อับดุลลากาซิม* ,,,,,,,,,,,,,
,3,2,830,ติดต่อผู้สอน,ติดต่อผู้สอน,E02-4,30,,,,,,,วันรัฐ อับดุลลากาซิม* ,,,,,,,,,,,,,
,,,,,,,,1,835,ติดต่อผู้สอน,ติดต่อผู้สอน,E02-4,30,วันรัฐ อับดุลลากาซิม* ,,,,,,,,,,,,,
02201415-61 กระบวนการผลิตเครื่องจักรกลเกษตร (Agricultural Machinery Manufacturing Process),3,3,700,"วันอังคาร  9:00-10:30,วันศุกร์  10:30-12:00","E7107 , E7108",E02-4,60,,,,,,,ศุภชัย กุลมุติวัฒน์* ,,,,,,,,,,,,,
,3,3,830,ติดต่อผู้สอน,ติดต่อผู้สอน,E02-4,30,,,,,,,ศุภชัย กุลมุติวัฒน์* ,,,,,,,,,,,,,
02201418-61 การจัดการต้นกำลังและเครื่องจักรกลเกษตร (Power and Agricultural Machinery Management),3,3,700,วันพฤหัสบดี  15:00-18:00,E7107,E02-4,15,,,,,,,วัชรชาญ สุขเจริญวิภารัตน์* ,,,,,,,,,,,,,
,3,3,830,ติดต่อผู้สอน,,E02-4,15,,,,,,,วัชรชาญ สุขเจริญวิภารัตน์* ,,,,,,,,,,,,,
02201421-61 การจัดการโรงงานอุตสาหกรรมเกษตร (Management for Agro-Industrial Plant),3,3,700,ติดต่อผู้สอน,ติดต่อผู้สอน,E02-4,15,,,,,,,แก้วกานต์ พวงสมบัติ* ,,,,,,,,,,,,,
,3,3,830,ติดต่อผู้สอน,ติดต่อผู้สอน,E02-4,15,,,,,,,แก้วกานต์ พวงสมบัติ* ,,,,,,,,,,,,,
02201421-66 การจัดการโรงงานอุตสาหกรรมเกษตร (Management for Agro-Industrial Plant),3,3,700,ติดต่อผู้สอน,ติดต่อผู้สอน,E37-3,15,,,,,,,แก้วกานต์ พวงสมบัติ* ,,,,,,,,,,,,,
,3,3,830,ติดต่อผู้สอน,ติดต่อผู้สอน,E37-3,15,,,,,,,แก้วกานต์ พวงสมบัติ* ,,,,,,,,,,,,,
02201429-61 การทำความเย็นและระบบห้องเย็น (Refrigeration and Cold Storage System),3,3,700,"วันจันทร์  9:00-10:30,วันพฤหัสบดี  9:00-10:30","E7108 , E7107",E02-4,60,,,,,,,"สิรินาฏ น้อยพิทักษ์*  , ศิวลักษณ์ ปฐวีรัตน์",,,,,,,,,,,,,
,3,3,830,ติดต่อผู้สอน,ติดต่อผู้สอน,E02-4,30,,,,,,,"สิรินาฏ น้อยพิทักษ์*  , ศิวลักษณ์ ปฐวีรัตน์",,,,,,,,,,,,,
02201445-61 ไมโครคอนโทรลเลอร์สำหรับวิศวกรรมเกษตร (Microcontrollers  for Agricultural Engineering),3,2,700,ติดต่อผู้สอน,ติดต่อผู้สอน,E02-4,15,,,,,,,ชัยยะ จันทรา* ,,,,,,,,,,,,,
,,,,,,,,1,711,ติดต่อผู้สอน,ติดต่อผู้สอน,E02-4,15,ชัยยะ จันทรา* ,,,,,,,,,,,,,
,3,2,830,ติดต่อผู้สอน,ติดต่อผู้สอน,E02-4,15,,,,,,,ชัยยะ จันทรา* ,,,,,,,,,,,,,
,,,,,,,,1,835,ติดต่อผู้สอน,ติดต่อผู้สอน,E02-4,15,ชัยยะ จันทรา* ,,,,,,,,,,,,,
02201445-66 ไมโครคอนโทรลเลอร์สำหรับวิศวกรรมเกษตร (Microcontrollers for Agricultural Engineering),3,2,700,ติดต่อผู้สอน,ติดต่อผู้สอน,E37-3,15,,,,,,,ชัยยะ จันทรา* ,,,,,,,,,,,,,
,,,,,,,,1,711,ติดต่อผู้สอน,ติดต่อผู้สอน,E37-3,15,ชัยยะ จันทรา* ,,,,,,,,,,,,,
,3,2,830,ติดต่อผู้สอน,ติดต่อผู้สอน,E37-3,15,,,,,,,ชัยยะ จันทรา* ,,,,,,,,,,,,,
,,,,,,,,1,835,ติดต่อผู้สอน,ติดต่อผู้สอน,E37-3,15,ชัยยะ จันทรา* ,,,,,,,,,,,,,
02201459-61 เทคโนโลยีเกษตรอัจฉริยะ (Smart Agriculture Technology),3,3,700,ติดต่อผู้สอน,ติดต่อผู้สอน,E02-4,15,,,,,,,วัชรชาญ สุขเจริญวิภารัตน์* ,,,,,,,,,,,,,
,3,3,830,ติดต่อผู้สอน,ติดต่อผู้สอน,E02-4,15,,,,,,,วัชรชาญ สุขเจริญวิภารัตน์* ,,,,,,,,,,,,,
02201459-66 เทคโนโลยีเกษตรอัจฉริยะ (Smart Agriculture Technology),3,3,700,ติดต่อผู้สอน,ติดต่อผู้สอน,E37-3,15,,,,,,,วัชรชาญ สุขเจริญวิภารัตน์* ,,,,,,,,,,,,,
,3,3,830,ติดต่อผู้สอน,ติดต่อผู้สอน,E37-3,15,,,,,,,วัชรชาญ สุขเจริญวิภารัตน์* ,,,,,,,,,,,,,
02201461-61 การจัดการพลังงานและสิ่งแวดล้อมในระบบเกษตร (Energy and Environmental Management in Agricultural Systems),3,3,700,ติดต่อผู้สอน,ติดต่อผู้สอน,E02-4,15,,,,,,,"พิมพ์พรรณ ปรืองาม*  , นงลักษณ์ เล็กรุ่งเรืองกิจ",,,,,,,,,,,,,
,3,3,830,ติดต่อผู้สอน,ติดต่อผู้สอน,E02-4,15,,,,,,,"พิมพ์พรรณ ปรืองาม*  , นงลักษณ์ เล็กรุ่งเรืองกิจ",,,,,,,,,,,,,
02201481-61 การออกแบบอาคารเกษตร (Agricultural Building Design),3,3,700,"วันอังคาร  16:30-18:00,วันพฤหัสบดี  13:00-14:30","E7210 , E7210",E02-4,60,,,,,,,ชัยยะ จันทรา* ,,,,,,,,,,,,,
,3,3,830,ติดต่อผู้สอน,ติดต่อผู้สอน,"E02-4 , E02-5",30,,,,,,,ชัยยะ จันทรา* ,,,,,,,,,,,,,
02201495-61 การเตรียมการโครงงานวิศวกรรมเกษตร (Agricultural Engineering Project Preparation),,,,,,,,1,711,วันเสาร์  9:00-12:00,ติดต่อผู้สอน,E02-4,50,อาทิตย์ พวงสมบัติ* ,,,,,,,,,,,,,
,,,,,,,,1,835,วันอาทิตย์  9:00-12:00,ติดต่อผู้สอน,E02-4,50,อาทิตย์ พวงสมบัติ* ,,,,,,,,,,,,,
02201497-61 สัมมนา (Seminar),1,1,700,วันพฤหัสบดี  10:30-11:30,E7215,E02-4,30,,,,,,,สิรินาฏ น้อยพิทักษ์* ,,,,,,,,,,,,,
,1,1,830,ติดต่อผู้สอน,ติดต่อผู้สอน,E02-5,5,,,,,,,สิรินาฏ น้อยพิทักษ์* ,,,,,,,,,,,,,
,1,1,835,ติดต่อผู้สอน,ติดต่อผู้สอน,E02-4,15,,,,,,,สิรินาฏ น้อยพิทักษ์* ,,,,,,,,,,,,,
02201498-61 ปัญหาพิเศษ (Special problems),3,3,711,ติดต่อผู้สอน,ติดต่อผู้สอน,E02-4,20,,,,,,,ศิวลักษณ์ ปฐวีรัตน์* ,,,,,,,,,,,,,
,3,3,835,ติดต่อผู้สอน,ติดต่อผู้สอน,E02-4,20,,,,,,,ศิวลักษณ์ ปฐวีรัตน์* ,,,,,,,,,,,,,
02201499-61 โครงงานวิศวกรรมเกษตร (Agricultural Engineering Project),,,,,,,,2,711,วันเสาร์  13:00-16:00,ติดต่อผู้สอน,"E02-4 , E02-4X",50,อาทิตย์ พวงสมบัติ* ,,,,,,,,,,,,,
,,,,,,,,2,835,วันอาทิตย์  13:00-16:00,ติดต่อผู้สอน,"E02-4X , E02-4",50,อาทิตย์ พวงสมบัติ* ,,,,,,,,,,,,,
02204101-65 การเขียนโปรแกรมเบื้องต้น (Introduction to Programming),3,2,700,วันจันทร์  16:00-18:00,LH4-201,E24-1,77,,,,,,,ธีรวัฒน์ หวายฤทธิ์* ,,,,,,,,,,,,,
,3,2,701,วันอังคาร  10:00-12:00,LH2-202,E38-1,75,,,,,,,พฤษพล ตั้งสัจจะธรรม* ,,,,,,,,,,,,,
,3,2,702,วันอังคาร  16:00-18:00,KH80-202,E36-1,75,,,,,,,พฤษพล ตั้งสัจจะธรรม* ,,,,,,,,,,,,,
,3,2,703,วันอังคาร  16:00-18:00,KH80-205,"E03-2 , E04-2 , E03-3 , E04-3 , E06-4 , E03-4 , E04-4 , E36-2 , E36-3 , E36-4 , E38-2 , E38-3",60,,,,,,,ธีรวัฒน์ หวายฤทธิ์* ,,,,,,,,,,,,,
,,,,,,,,1,711,วันพฤหัสบดี  9:00-12:00,E8302,E36-1,57,"เสกสรรค์ มธุลาภรังสรรค์*  , ธีรวัฒน์ หวายฤทธิ์",,,,,,,,,,,,,
,,,,,,,,1,712,วันพฤหัสบดี  13:00-16:00,E8302,E24-1,61,กายรัฐ เจริญราษฎร์* ,,,,,,,,,,,,,
,,,,,,,,1,713,วันพุธ  16:00-19:00,E8302,E38-1,50,พฤษพล ตั้งสัจจะธรรม* ,,,,,,,,,,,,,
,,,,,,,,1,714,วันพฤหัสบดี  16:00-19:00,E8302,"E24-2 , E24-3 , E24-4 , E03-2 , E03-3 , E03-4 , E04-2 , E04-3 , E04-4 , E06-4 , E36-3 , E36-4 , E38-2 , E38-3",50,พฤษพล ตั้งสัจจะธรรม* ,,,,,,,,,,,,,
,,,,,,,,1,715,วันพุธ  16:00-19:00,E8303,"E03-2 , E03-3 , E03-4 , E04-2 , E04-3 , E04-4 , E06-4 , E36-2 , E36-3 , E36-4 , E38-2 , E38-3",45,ธีรวัฒน์ หวายฤทธิ์* ,,,,,,,,,,,,,
,3,2,833,วันอังคาร  13:00-15:00,LH2-202,"E38-1 , E06-3 , E06-5 , E02-3 , E02-5",60,,,,,,,ธีรวัฒน์ หวายฤทธิ์* ,,,,,,,,,,,,,
,3,2,834,ติดต่อผู้สอน,ติดต่อผู้สอน,E06,2,,,,,,,ธีรวัฒน์ หวายฤทธิ์* ,,,,,,,,,,,,,
,,,,,,,,1,839,วันพุธ  9:00-12:00,E8302,"E38-1 , E02-3 , E02-5 , E06-3 , E06-5",60,พฤษพล ตั้งสัจจะธรรม* ,,,,,,,,,,,,,
02204171-65 การเขียนโปรแกรมเชิงโครงสร้าง (Structured Programming),3,2,700,วันจันทร์  10:00-12:00,E4301,E29-1,70,,,,,,,ศิวดล เสถียรพัฒนากูล* ,,,,,,,,,,,,,
,,,,,,,,1,711,วันอังคาร  9:00-12:00,E8404,E29-1,35,"ศิวดล เสถียรพัฒนากูล*  , บุญรัตน์ เผดิมรอด",,,,,,,,,,,,,
,,,,,,,,1,712,วันอังคาร  15:00-18:00,E8404,E29-1,35,บุญรัตน์ เผดิมรอด* ,,,,,,,,,,,,,
02204201-65 หลักมูลวิศวกรรมไฟฟ้า (Electrical Engineering Fundamentals),3,3,700,"วันพุธ  10:30-12:00,วันพฤหัสบดี  9:00-10:30","E9402 , E9402",E24-2,65,,,,,,,อมรฤทธิ์ พุทธิพิพัฒน์ขจร* ,,,,,,,,,,,,,
,3,3,701,"วันจันทร์  10:30-12:00,วันอังคาร  10:30-12:00","E9402 , E4403","E03-2 , E03-5",60,,,,,,,อมรฤทธิ์ พุทธิพิพัฒน์ขจร* ,,,,,,,,,,,,,
,3,3,832,"วันพฤหัสบดี  13:00-14:30,วันศุกร์  10:30-12:00","LH3-209 , LH4-503",E03-2,60,,,,,,,พิเชษฐ์ สืบสายพรหม* ,,,,,,,,,,,,,
02204202-60 ปฏิบัติการพื้นฐานทางวิศวกรรมไฟฟ้า (Electrical Engineering Fundamentals Laboratory),,,,,,,,1,711,ติดต่อผู้สอน,ติดต่อผู้สอน,E03-5,2,อนุมัติ อิงคนินันท์* ,,,,,,,,,,,,,
02204221-65 วิศวกรรมไฟฟ้าสำหรับวิศวกรคอมพิวเตอร์ (Electrical Engineering for Computer Engineers),3,2,700,วันพุธ  10:00-12:00,E4301,E29-2,80,,,,,,,"อนุมัติ อิงคนินันท์*  , พิเชษฐ์ สืบสายพรหม",,,,,,,,,,,,,
,,,,,,,,1,711,วันพฤหัสบดี  15:00-18:00,E8405,E29-2,30,อนุมัติ อิงคนินันท์* ,,,,,,,,,,,,,
,,,,,,,,1,712,วันศุกร์  13:00-16:00,E8405,"E29-2 , E29-3 , E29-4",48,พิเชษฐ์ สืบสายพรหม* ,,,,,,,,,,,,,
02204231-65 โครงสร้างข้อมูลและขั้นตอนวิธี I (Data Structures and Algorithms I),3,2,700,วันจันทร์  16:00-18:00,E9501,E29-2,80,,,,,,,บุญรัตน์ เผดิมรอด* ,,,,,,,,,,,,,
,,,,,,,,1,711,วันพุธ  15:00-17:00,E8404,E29-2,40,บุญรัตน์ เผดิมรอด* ,,,,,,,,,,,,,
,,,,,,,,1,712,วันพฤหัสบดี  13:00-15:00,E8404,E29-2,40,บุญรัตน์ เผดิมรอด* ,,,,,,,,,,,,,
02204271-65 การเขียนโปรแกรมเชิงวัตถุ (Object-Oriented Programming),3,2,700,วันอังคาร  16:00-18:00,E4301,E29-2,80,,,,,,,ศิวดล เสถียรพัฒนากูล* ,,,,,,,,,,,,,
,,,,,,,,1,711,วันศุกร์  9:00-12:00,E8404,"E29-2 , E29-3",40,ศิวดล เสถียรพัฒนากูล* ,,,,,,,,,,,,,
,,,,,,,,1,712,วันพฤหัสบดี  15:00-18:00,E8404,E29-2,40,ศิวดล เสถียรพัฒนากูล* ,,,,,,,,,,,,,
02204311-60 ความน่าจะเป็นและสถิติสำหรับวิศวกรคอมพิวเตอร์ (Probability and Statistics for Computer Engineers),3,3,700,"วันอังคาร  10:30-12:00,วันพุธ  10:30-12:00","LH3-210 , LH3-209",E29-5,2,,,,,,,ฐิติพงษ์ สถิรเมธีกุล* ,,,,,,,,,,,,,
02204311-65 ความน่าจะเป็นและสถิติสำหรับวิศวกรคอมพิวเตอร์ (Probability and Statistics for Computer Engineers),3,3,700,"วันอังคาร  10:30-12:00,วันพุธ  10:30-12:00","LH3-210 , LH3-209",E29-3,60,,,,,,,ฐิติพงษ์ สถิรเมธีกุล* ,,,,,,,,,,,,,
02204321-65 สัญญาณและระบบ (Signals and Systems),3,3,700,"วันอังคาร  9:00-10:30,วันพุธ  13:00-14:30","E9502 , E9501",E29-3,60,,,,,,,อนุมัติ อิงคนินันท์* ,,,,,,,,,,,,,
02204331-65 ปัญญาประดิษฐ์สำหรับวิศวกรคอมพิวเตอร์ (Artificial Intelligence for Computer Engineers),3,3,700,"วันจันทร์  10:30-12:00,วันพฤหัสบดี  15:30-17:00","E9501 , E9501",E29-3,60,,,,,,,"เสกสรรค์ มธุลาภรังสรรค์*  , บุญรัตน์ เผดิมรอด",,,,,,,,,,,,,
02204351-65 วิศวกรรมระบบปฏิบัติการ (Operating Systems Engineering),3,3,700,"วันอังคาร  13:00-14:30,วันพฤหัสบดี  13:00-14:30","E9501 , E9501",E29-3,60,,,,,,,จักกริช พฤษการ* ,,,,,,,,,,,,,
02204361-65 การจัดการระบบฐานข้อมูล (Database Systems Management),3,2,700,วันอังคาร  16:00-18:00,E4404,"E29-3 , E29-4",60,,,,,,,ดวงเพ็ญ เจตน์พิพัฒนพงษ์* ,,,,,,,,,,,,,
,,,,,,,,1,711,วันพฤหัสบดี  8:00-10:00,E8404,"E29-3 , E29-4",30,ดวงเพ็ญ เจตน์พิพัฒนพงษ์* ,,,,,,,,,,,,,
,,,,,,,,1,712,วันพฤหัสบดี  10:00-12:00,E8404,"E29-3 , E29-4",30,ดวงเพ็ญ เจตน์พิพัฒนพงษ์* ,,,,,,,,,,,,,
02204390-60 การเตรียมความพร้อมสหกิจศึกษา (Cooperative Education Preparation),1,1,700,วันอังคาร  13:00-14:00,E8403,E29-4,60,,,,,,,พฤษพล ตั้งสัจจะธรรม* ,,,,,,,,,,,,,
02204390-65 การเตรียมความพร้อมสหกิจศึกษา (Cooperative Education Preparation),1,1,700,วันอังคาร  13:00-14:00,E8403,E29-4,60,,,,,,,พฤษพล ตั้งสัจจะธรรม* ,,,,,,,,,,,,,
02204423-60 เทคโนโลยีวงจรรวมขนาดใหญ่มาก (Very Large Scale Integration Technology),3,3,700,"วันพุธ  15:00-16:30,วันศุกร์  10:00-11:30","E8403 , E8405",E29-4,10,,,,,,,ฐิติพงษ์ สถิรเมธีกุล* ,,,,,,,,,,,,,
02204423-65 วงจรรวมขนาดใหญ่มาก (Very Large Scale Integrated Circuit),3,2,700,วันพุธ  15:00-17:00,E8403,E29-4,25,,,,,,,ฐิติพงษ์ สถิรเมธีกุล* ,,,,,,,,,,,,,
,,,,,,,,1,711,วันศุกร์  10:00-12:00,E8405,E29-4,25,ฐิติพงษ์ สถิรเมธีกุล* ,,,,,,,,,,,,,
02204433-65 การรู้จำรูปแบบ (Pattern Recognition),3,3,700,"วันอังคาร  10:30-12:00,วันพฤหัสบดี  13:00-14:30","E8403 , E8403",E29-4,40,,,,,,,เสกสรรค์ มธุลาภรังสรรค์* ,,,,,,,,,,,,,
02204462-65 คลังข้อมูลและระบบธุรกิจอัจฉริยะ (Data Warehouse and Business Intelligence System),3,3,700,วันพฤหัสบดี  9:00-12:00,E8403,E29-4,40,,,,,,,วรัญญา อรรถเสนา* ,,,,,,,,,,,,,
02204471-65 การพัฒนาเว็บแอพลิเคชัน (Web Application Development),3,3,700,วันพุธ  9:00-12:00,E8404,E29-4,35,,,,,,,ดวงเพ็ญ เจตน์พิพัฒนพงษ์* ,,,,,,,,,,,,,
02204482-65 การปรับแต่งเครือข่ายเชิงปฏิบัติการ (Practical Network Configuration),3,2,700,วันอังคาร  15:00-17:00,E8403,E29-4,25,,,,,,,กายรัฐ เจริญราษฎร์* ,,,,,,,,,,,,,
,,,,,,,,1,711,วันศุกร์  15:00-18:00,E8404,E29-4,25,กายรัฐ เจริญราษฎร์* ,,,,,,,,,,,,,
02204495-60 โครงงานวิศวกรรมคอมพิวเตอร์ I (Computer Engineering Project I),2,2,700,วันพุธ  13:00-15:00,E8403,E29-4,25,,,,,,,บุญรัตน์ เผดิมรอด* ,,,,,,,,,,,,,
02204495-65 โครงงานวิศวกรรมคอมพิวเตอร์ I (Computer Engineering Project I),2,2,700,วันพุธ  13:00-15:00,E8403,E29-4,25,,,,,,,บุญรัตน์ เผดิมรอด* ,,,,,,,,,,,,,
02204499-60 โครงงานวิศวกรรมคอมพิวเตอร์ II (Computer Engineering Project II),,,,,,,,2,711,ติดต่อผู้สอน,ติดต่อผู้สอน,E29-4,1,บุญรัตน์ เผดิมรอด* ,,,,,,,,,,,,,
02204499-65 โครงงานวิศวกรรมคอมพิวเตอร์ II (Computer Engineering Project II),,,,,,,,2,711,ติดต่อผู้สอน,ติดต่อผู้สอน,E29-4,10,บุญรัตน์ เผดิมรอด* ,,,,,,,,,,,,,
02206111-65 วัสดุวิศวกรรม (Engineering Material),3,3,700,"วันอังคาร  9:00-10:30,วันพฤหัสบดี  9:00-10:30","E9501 , E9501","E04-2 , E06-4",65,,,,,,,อณจ ชัยมณี* ,,,,,,,,,,,,,
,3,3,701,"วันจันทร์  10:30-12:00,วันพุธ  10:30-12:00","E9501 , E9501","E38-2 , E06-4",65,,,,,,,อธิวัฒน์ บุญมี* ,,,,,,,,,,,,,
,3,3,832,"วันอังคาร  10:30-12:00,วันพฤหัสบดี  10:30-12:00","E9502 , E9502","E38-2 , E06-4",65,,,,,,,อธิวัฒน์ บุญมี* ,,,,,,,,,,,,,
02206212-65 กระบวนการผลิต (Manufacturing Processes),3,3,700,"วันจันทร์  10:30-12:00,วันพุธ  16:00-17:30","E9202 , E9202",E24-2,65,,,,,,,ชัยมงคล ลิ้มเพียรชอบ* ,,,,,,,,,,,,,
02206231-65 ความน่าจะเป็นและสถิติวิศวกรรม (Probability and Engineering Statistics),3,3,700,"วันจันทร์  16:00-17:30,วันอังคาร  16:00-17:30","E9502 , E9502","E24-2 , E24-3 , E24-4",65,,,,,,,จิรเกียรติ ทรายทอง* ,,,,,,,,,,,,,
02206314-65 การออกแบบโรงงานและสิ่งอำนวยความสะดวก (Plant and Facility Design),3,3,700,"วันจันทร์  10:30-12:00,วันอังคาร  14:30-16:00","E6220 , E9501","E24-3 , E24-5",65,,,,,,,วรญา เนื่องมัจฉา* ,,,,,,,,,,,,,
02206315-65 ความปลอดภัยในอุตสาหกรรม (Industrial Safety),3,3,700,"วันจันทร์  14:30-16:00,วันพุธ  14:30-16:00","E9202 , E9202",E24-3,65,,,,,,,ชัยมงคล ลิ้มเพียรชอบ* ,,,,,,,,,,,,,
02206335-65 การวิเคราะห์ต้นทุนทางอุตสาหกรรม (Industrial Cost Analysis),3,3,700,"วันพุธ  10:30-12:00,วันพฤหัสบดี  9:00-10:30","E9202 , E9201",E24-4,7,,,,,,,ศศรส ใจจิตร์* ,,,,,,,,,,,,,
02206336-65 วิศวกรรมการซ่อมบำรุง (Maintenance Engineering),3,3,700,"วันพุธ  10:30-12:00,วันพฤหัสบดี  16:30-18:00","E7107 , E9203",E24-3,65,,,,,,,ปริญญา พัฒนวสันต์พร* ,,,,,,,,,,,,,
02206351-65 การวางแผนและการควบคุมการผลิต (Production Planning and Control),3,3,700,"วันอังคาร  10:30-12:00,วันพฤหัสบดี  10:30-12:00","E9501 , E9501",E24-3,65,,,,,,,อณจ ชัยมณี* ,,,,,,,,,,,,,
02206352-65 การจัดการโลจิสติกส์และโซ่อุปทาน (Logistics and Supply Chain Management),3,3,700,"วันอังคาร  9:00-10:30,วันพฤหัสบดี  9:00-10:30","E9202 , E9202",E24-3,65,,,,,,,ชัยมงคล ลิ้มเพียรชอบ* ,,,,,,,,,,,,,
02206361-65 การออกแบบโลจิสติกส์และโซ่อุปทาน (Design of Logistics and Supply Chain),3,3,700,"วันจันทร์  9:00-10:30,วันพุธ  9:00-10:30","E9201 , E9201",E24-4,7,,,,,,,วรญา เนื่องมัจฉา* ,,,,,,,,,,,,,
02206362-65 การขนส่งและการกระจายสินค้า (Transportation and Distribution),3,3,700,"วันอังคาร  13:00-14:30,วันพฤหัสบดี  15:00-16:30","KH80-207 , LH2-202",E24-3,65,,,,,,,ภัทรพงษ์ ภาคภูมิ* ,,,,,,,,,,,,,
02206366-65 ความรู้กฎหมายเบื้องต้นเพื่อการส่งออกและพิธีการทางศุลกากร (Fundamental Knowledges of Law and Customs Law),3,3,700,"วันพุธ  13:00-14:30,วันพฤหัสบดี  15:00-16:30","E9201 , E9201",E24-4,7,,,,,,,ศศรส ใจจิตร์* ,,,,,,,,,,,,,
02206417-65 การออกแบบและพัฒนาผลิตภัณฑ์อุตสาหกรรม (Industrial Product Design and Development Process),3,3,700,ติดต่อผู้สอน,E9502,E24-4,65,,,,,,,ปริญญา พัฒนวสันต์พร* ,,,,,,,,,,,,,
02206427-65 การออกแบบการทำงานและการยศาสตร์ (Workplace Design and Ergonomics),3,3,700,"วันจันทร์  14:30-16:00,วันพุธ  16:00-17:30","E9201 , E9201",E24-4,14,,,,,,,ปริญญา กวีกิจบัณฑิต* ,,,,,,,,,,,,,
02206441-65 คอมพิวเตอร์ประยุกต์สำหรับวิศวกรอุตสาหการ (Computer Applications for Industrial Engineers),3,3,700,วันอังคาร  9:00-12:00,E8303,E24-4,8,,,,,,,ภัทรพงษ์ ภาคภูมิ* ,,,,,,,,,,,,,
02206442-65 การออกแบบแผนการทดลองสำหรับวิศวกร (Experimental Design for Engineers),3,3,700,ติดต่อผู้สอน,E9201,E24-4,13,,,,,,,อณจ ชัยมณี* ,,,,,,,,,,,,,
02206444-65 การประกันคุณภาพทางอุตสาหกรรม (Industrial Quality Assurance),3,3,700,ติดต่อผู้สอน,E9203,E24-4,7,,,,,,,ปริญญา พัฒนวสันต์พร* ,,,,,,,,,,,,,
02206457-60 ความรู้กฎหมายเบื้องต้นเพื่อการส่งออกและพิธีการทางศุลกากร (Fundamental Knowledges of Law and Customs Law),3,3,700,"วันพุธ  13:00-14:30,วันพฤหัสบดี  15:00-16:30","E9201 , E9201",E24-4,7,,,,,,,ศศรส ใจจิตร์* ,,,,,,,,,,,,,
02206458-65 เมตะฮิวริสติกส์และการประยุกต์สำหรับการผลิตและโลจิสติกส์ (Meta-heuristics and Applications for Production and Logistics),3,3,700,วันพุธ  13:00-16:00,E9203,E24-4,7,,,,,,,อธิวัฒน์ บุญมี* ,,,,,,,,,,,,,
02206482-65 ปฏิบัติการวิศวกรรมอุตสาหการ II (Industrial Engineering Laboratory II),,,,,,,,1,711,วันศุกร์  9:00-12:00,ติดต่อผู้สอน,E24-4,65,จิรเกียรติ ทรายทอง* ,,,,,,,,,,,,,
02206495-65 การเตรียมโครงงานวิศวกรรมอุตสาหการ-โลจิสติกส์ (Industrial Engineering-logistics Project Preparation),,,,,,,,1,711,ติดต่อผู้สอน,ติดต่อผู้สอน,E24-4,65,ชัยมงคล ลิ้มเพียรชอบ* ,,,,,,,,,,,,,
02206497-65 สัมมนา (Seminar),1,1,700,วันจันทร์  16:00-19:00,E9202,E24-4,65,,,,,,,ภัทรพงษ์ ภาคภูมิ* ,,,,,,,,,,,,,
02206498-65 ปัญหาพิเศษ (Special Problems),3,1,700,ติดต่อผู้สอน,E9201,E24-4,14,,,,,,,ปริญญา กวีกิจบัณฑิต* ,,,,,,,,,,,,,
02206499-65 โครงงานวิศวกรรมอุตสาหการ-โลจิสติกส์ (Industrial Engineering-logistics Project),,,,,,,,2,711,วันพฤหัสบดี  17:00-20:00,ติดต่อผู้สอน,E24-4,65,ชัยมงคล ลิ้มเพียรชอบ* ,,,,,,,,,,,,,
"02207102-67 มนุษย์ สังคม และการเปลี่ยนแปลงสภาพภูมิอากาศ (Human, Society and Climate Change)",3,3,700,"วันจันทร์  10:30-12:00,วันพุธ  10:30-12:00","KH80-207 , KH80-207",E04-2,60,,,,,,,"เกศวรา สิทธิโชค*  , ศศิวิมล ขาวโกมล",,,,,,,,,,,,,
02207103-67 ช่างประจำบ้าน (Home Handyman),3,3,700,วันพุธ  13:00-16:00,ติดต่อผู้สอน,E04-3,50,,,,,,,"ทรงศักดิ์ ภัทราวุฒิชัย*  , พลเพชร สมานมิตร",,,,,,,,,,,,,
02207211-66 ชลศาสตร์พื้นฐาน (Basic Hydraulics),3,3,700,"วันอังคาร  10:30-12:00,วันพฤหัสบดี  10:30-12:00","E6218 , E6218","E04-2 , E04-3 , E04-4",90,,,,,,,"จุติเทพ วงษ์เพ็ชร์*  , ธัญดร ออกวะลา , พลเพชร สมานมิตร",,,,,,,,,,,,,
02207212-66 ปฏิบัติการชลศาสตร์พื้นฐาน (Laboratory of basic Hydraulics),,,,,,,,1,711,วันพฤหัสบดี  9:00-12:00,ติดต่อผู้สอน,E38-3,30,พลเพชร สมานมิตร* ,,,,,,,,,,,,,
,,,,,,,,1,712,วันพฤหัสบดี  13:00-16:00,ติดต่อผู้สอน,E38-3,30,จุติเทพ วงษ์เพ็ชร์* ,,,,,,,,,,,,,
,,,,,,,,1,713,วันเสาร์  9:00-12:00,ติดต่อผู้สอน,E04-3,8,พลเพชร สมานมิตร* ,,,,,,,,,,,,,
,,,,,,,,1,839,วันอังคาร  9:00-12:00,ติดต่อผู้สอน,E38-3,30,พลเพชร สมานมิตร* ,,,,,,,,,,,,,
,,,,,,,,1,840,วันพุธ  9:00-12:00,ติดต่อผู้สอน,E38-3,30,จุติเทพ วงษ์เพ็ชร์* ,,,,,,,,,,,,,
"02207213-66 ปฏิบัติการเครื่องมือวัดทางวิศวกรรมชลประทาน		 (Laboratory of Irrigation Engineering Instrumentation)",,,,,,,,1,711,ยังไม่มีการกำหนดวัน-เวลาเรียน,ยังไม่มีการกำหนดห้องเรียน,E04-2,40,ทรงศักดิ์ ภัทราวุฒิชัย* ,,,,,,,,,,,,,
,,,,,,,,1,712,ยังไม่มีการกำหนดวัน-เวลาเรียน,ยังไม่มีการกำหนดห้องเรียน,"E04-2 , E04-3",40,เกศวรา สิทธิโชค* ,,,,,,,,,,,,,
"02207214-66 อุทกวิทยาทางวิศวกรรม	 (Engineering Hydrology)",3,2,700,วันจันทร์  13:00-15:00,LH3-211,E04-2,60,,,,,,,"วิษุวัฒก์ แต้สมบัติ*  , ไชยาพงษ์ เทพประสิทธิ์",,,,,,,,,,,,,
,,,,,,,,1,711,วันศุกร์  9:00-12:00,LH3-211,E04-2,60,"วิษุวัฒก์ แต้สมบัติ*  , ไชยาพงษ์ เทพประสิทธิ์",,,,,,,,,,,,,
02207231-66 ภูมิสารสนเทศศาสตร์สำหรับวิศวกรรมชลประทาน (Geo-informatics for Irrigation Engineering),3,3,700,วันจันทร์  17:30-20:30,E8302,E04-2,60,,,,,,,ชูพันธุ์ ชมภูจันทร์* ,,,,,,,,,,,,,
02207301-66 อุทกวิทยาสำหรับวิศวกรรมโยธา (Hydrology for Civil Engineering),2,2,700,วันอังคาร  14:30-16:30,KH80-207,E38-3,54,,,,,,,"วิษุวัฒก์ แต้สมบัติ*  , ชูพันธุ์ ชมภูจันทร์",,,,,,,,,,,,,
,2,2,833,วันพุธ  14:30-16:30,KH80-207,E38-3,40,,,,,,,"วิษุวัฒก์ แต้สมบัติ*  , ชูพันธุ์ ชมภูจันทร์",,,,,,,,,,,,,
02207313-66 วิศวกรรมน้ำใต้ดิน (Groundwater Engineering),3,3,700,"วันพฤหัสบดี  16:00-17:30,วันศุกร์  9:00-10:30","E2111 , E6219",E04-3,60,,,,,,,บัญชา ขวัญยืน* ,,,,,,,,,,,,,
02207332-66 ชลศาสตร์ประยุกต์ (Applied Hydraulics),3,3,700,"วันพฤหัสบดี  10:30-12:00,วันศุกร์  10:30-12:00","E2210 , E9502",E04-3,60,,,,,,,จิระกานต์ ศิริวิชญ์ไมตรี* ,,,,,,,,,,,,,
02207351-61 การประยุกต์คอมพิวเตอร์สำหรับวิศวกรรมชลประทาน (Computer Application for Irrigation Engineering),3,2,700,ยังไม่มีการกำหนดวัน-เวลาเรียน,ยังไม่มีการกำหนดห้องเรียน,E04-6,1,,,,,,,วิษุวัฒก์ แต้สมบัติ* ,,,,,,,,,,,,,
,,,,,,,,1,711,ยังไม่มีการกำหนดวัน-เวลาเรียน,ยังไม่มีการกำหนดห้องเรียน,E04-6,1,วิษุวัฒก์ แต้สมบัติ* ,,,,,,,,,,,,,
"02207351-66 การประยุกต์คอมพิวเตอร์สำหรับวิศวกรรมชลประทาน	 (Computer Application for Irrigation Engineering)",3,2,700,วันพฤหัสบดี  13:00-15:00,E2210,E04-3,30,,,,,,,"วิษุวัฒก์ แต้สมบัติ*  , ไชยาพงษ์ เทพประสิทธิ์ , วราวุธ วุฒิวณิชย์",,,,,,,,,,,,,
,,,,,,,,1,711,วันศุกร์  13:00-16:00,E2210,E04-3,30,"วิษุวัฒก์ แต้สมบัติ*  , ไชยาพงษ์ เทพประสิทธิ์ , วราวุธ วุฒิวณิชย์",,,,,,,,,,,,,
02207411-61 การระบายน้ำและการป้องกันน้ำท่วม (Drainage and Flood Protection),3,3,700,ยังไม่มีการกำหนดวัน-เวลาเรียน,ยังไม่มีการกำหนดห้องเรียน,E04-5,10,,,,,,,เอกสิทธิ์ โฆสิตสกุลชัย* ,,,,,,,,,,,,,
02207421-61 การออกแบบคลองและอาคารส่งน้ำ (Design of Canal and Conveyance Structures),3,2,700,วันพุธ  13:00-15:00,E2111,"E04-4 , E04-5",65,,,,,,,สมชาย ดอนเจดีย์* ,,,,,,,,,,,,,
,3,2,701,ยังไม่มีการกำหนดวัน-เวลาเรียน,ยังไม่มีการกำหนดห้องเรียน,E04-5,4,,,,,,,สมชาย ดอนเจดีย์* ,,,,,,,,,,,,,
,,,,,,,,1,711,วันพฤหัสบดี  13:00-16:00,E2111,"E04-4 , E04-5",65,สมชาย ดอนเจดีย์* ,,,,,,,,,,,,,
,,,,,,,,1,712,ยังไม่มีการกำหนดวัน-เวลาเรียน,ยังไม่มีการกำหนดห้องเรียน,E04-5,4,สมชาย ดอนเจดีย์* ,,,,,,,,,,,,,
02207424-61 วิศวกรรมการประปา (Water Supply Engineering),3,3,700,ยังไม่มีการกำหนดวัน-เวลาเรียน,ยังไม่มีการกำหนดห้องเรียน,E04-5,5,,,,,,,นิธิรัชต์ สงวนเดือน* ,,,,,,,,,,,,,
"02207424-66 วิศวกรรมการประปา	 (Water Supply Engineering)",3,3,700,"วันจันทร์  9:00-10:30,วันพุธ  9:00-10:30","E2210 , E2210",E04-3,30,,,,,,,"นิธิรัชต์ สงวนเดือน*  , ชัยศรี สุขสาโรจน์",,,,,,,,,,,,,
02207431-61 การศึกษาความเหมาะสมและการประเมินผลกระทบสิ่งแวดล้อมของโครงการพัฒนาแหล่งน้ำ (Feasibility Study and Environmental Impact Assessment of Water Resources Development Project),3,3,700,"วันพฤหัสบดี  10:30-12:00,วันศุกร์  9:00-10:30","E2111 , E2111",E04-4,50,,,,,,,"ไชยาพงษ์ เทพประสิทธิ์*  , นิธิรัชต์ สงวนเดือน",,,,,,,,,,,,,
02207441-61 การจัดการโครงการแหล่งน้ำ (Management of Water Resources Project),3,3,700,"วันพฤหัสบดี  9:00-10:30,วันศุกร์  13:00-14:30","E2111 , E2111",E04-4,60,,,,,,,"บัญชา ขวัญยืน*  , ชัยศรี สุขสาโรจน์",,,,,,,,,,,,,
02207497-61 สัมมนา (Seminar),1,1,700,วันศุกร์  11:00-12:00,E2111,E04-4,18,,,,,,,เกศวรา สิทธิโชค* ,,,,,,,,,,,,,
,1,1,701,วันศุกร์  11:00-12:00,E2111,E04-4,15,,,,,,,นิธิรัชต์ สงวนเดือน* ,,,,,,,,,,,,,
02207499-61 โครงงานวิศวกรรมชลประทาน (Irrigation Engineering Project),,,,,,,,2,711,ยังไม่มีการกำหนดวัน-เวลาเรียน,ยังไม่มีการกำหนดห้องเรียน,"E04-5 , E04-6",13,ไชยาพงษ์ เทพประสิทธิ์* ,,,,,,,,,,,,,
02208486-65 ระบบและการเขียนโปรแกรมระบบควบคุมอัตโนมัติ (System and Programming of Automatic Control Systems),3,1,700,CLOSED,E9501,E03-4,33,,,,,,,หทัยเทพ วงศ์สุวรรณ* ,,,,,,,,,,,,,
,,,,,,,,2,711,"CLOSED,CLOSED","E9501 , DEPT",E03-4,33,หทัยเทพ วงศ์สุวรรณ* ,,,,,,,,,,,,,
02212111-65 พื้นฐานคณิตศาสตร์สำหรับวิศวกรรมอาหาร (Mathematical Basic in Food Engineering),1,1,700,"วันอังคาร  13:00-14:30,วันพฤหัสบดี  13:00-14:30","E4404 , E4404",E36-1,50,,,,,,,กอบศักดิ์ กาญจนาพงศ์กุล* ,,,,,,,,,,,,,
02212211-65 การสร้างแบบจำลองสามมิติและการวิเคราะห์เบื้องต้น (Introduction to 3-D Modeling and Analysis),3,2,700,วันอังคาร  14:30-16:30,E8303,E36-2,27,,,,,,,ธิติพงศ์ โพธิสุทธิ์* ,,,,,,,,,,,,,
,,,,,,,,1,711,วันศุกร์  9:00-12:00,E8303,E36-2,27,ธิติพงศ์ โพธิสุทธิ์* ,,,,,,,,,,,,,
02212213-65 ทฤษฎีและอุปกรณ์ไฟฟ้าพื้นฐานสำหรับวิศวกรอาหาร (Basic Electrical Theory and Equipments for Food Engineer),3,2,700,วันอังคาร  14:30-16:30,E4403,E36-2,27,,,,,,,กอบศักดิ์ กาญจนาพงศ์กุล* ,,,,,,,,,,,,,
,,,,,,,,1,711,วันศุกร์  9:00-12:00,E4201,E36-2,27,กอบศักดิ์ กาญจนาพงศ์กุล* ,,,,,,,,,,,,,
02212215-65 อุณหพลศาสตร์สำหรับวิศวกรรมอาหาร (Thermodynamics for Food Engineering),3,3,700,ติดต่อผู้สอน,ติดต่อผู้สอน,"E36-3 , E36-4",20,,,,,,,เมลดา เฟื่องฟู* ,,,,,,,,,,,,,
02212216-65 กลศาสตร์วิศวกรรมสำหรับวิศวกรรมอาหาร (Engineering Mechanics for Food Engineering),3,3,700,"วันอังคาร  9:00-10:30,วันพุธ  10:30-12:00","E4404 , E4404",E36-2,54,,,,,,,"สุกัญญา วิชชุกิจ*  , กอบศักดิ์ กาญจนาพงศ์กุล",,,,,,,,,,,,,
02212217-65 กลศาสตร์ของวัสดุสำหรับวิศวกรรมอาหาร (Mechanics of Materials for Food Engineering),3,3,700,"วันอังคาร  18:30-20:00,วันพฤหัสบดี  16:30-18:00","E4404 , E4404","E36-3 , E36-4 , E36-5",20,,,,,,,จีรชัย สุภาสุทธากูล* ,,,,,,,,,,,,,
02212218-65 วัสดุศาสตร์สำหรับวิศวกรรมอาหาร (Materials Science for Food Engineering),3,3,700,"วันจันทร์  14:30-16:00,วันพฤหัสบดี  14:30-16:00","E4404 , E4404",E36-2,54,,,,,,,สยุมพร รัตนพันธ์* ,,,,,,,,,,,,,
02212311-65 เคมีและจุลชีววิทยาเบื้องต้นของอาหาร (Introduction to Food Chemistry and Microbiology),3,2,700,วันอังคาร  8:30-10:30,E4403,E36-3,46,,,,,,,รังสินี โสธรวิทย์* ,,,,,,,,,,,,,
,,,,,,,,1,711,วันพฤหัสบดี  9:00-12:00,ติดต่อผู้สอน,E36-3,23,รังสินี โสธรวิทย์* ,,,,,,,,,,,,,
,,,,,,,,1,712,วันพฤหัสบดี  13:00-16:00,ติดต่อผู้สอน,E36-3,23,รังสินี โสธรวิทย์* ,,,,,,,,,,,,,
02212313-65 หลักการวิศวกรรมอาหาร (Principles of Food Engineering),3,3,700,"วันจันทร์  9:00-10:30,วันอังคาร  13:00-14:30","E4404 , E4305","E36-4 , E36-5",20,,,,,,,อมรเดช พุทธิพิพัฒน์ขจร* ,,,,,,,,,,,,,
02212314-65 หลักการถ่ายโอนความร้อนทางอุตสาหกรรมอาหาร (Principles of Heat Transfer in Food Industry),3,3,700,"วันอังคาร  14:30-16:00,วันศุกร์  13:00-14:30","E4402 , E4404","E36-3 , E36-4 , E36-5",50,,,,,,,มนต์ทิพย์ ช่ำชอง* ,,,,,,,,,,,,,
02212315-60 ปฏิบัติการเฉพาะหน่วยในวิศวกรรมอาหาร I (Unit Operations in Food Engineering I),3,3,700,"วันจันทร์  10:30-12:00,วันพุธ  9:00-10:30","E4404 , E4404",E36-5,55,,,,,,,รณฤทธิ์ ฤทธิรณ* ,,,,,,,,,,,,,
02212315-65 ปฏิบัติการเฉพาะหน่วยในวิศวกรรมอาหาร I (Unit Operations in Food Engineering I),3,3,700,"วันจันทร์  10:30-12:00,วันพุธ  9:00-10:30","E4404 , E4404","E36-3 , E36-4",55,,,,,,,รณฤทธิ์ ฤทธิรณ* ,,,,,,,,,,,,,
02212318-65 กลศาสตร์ของไหลสำหรับวิศวกรรมอาหาร (Fluid Mechanics for Food Engineering),3,3,700,"วันจันทร์  13:00-14:30,วันศุกร์  10:30-12:00","LH3-208 , E4404","E36-3 , E36-4 , E36-5",55,,,,,,,อมรเดช พุทธิพิพัฒน์ขจร* ,,,,,,,,,,,,,
02212321-65 การทำความเย็นในอุตสาหกรรมอาหาร (Refrigeration in Food Industry),3,3,700,"วันจันทร์  14:30-16:00,วันพุธ  10:30-12:00","LH3-208 , ติดต่อผู้สอน","E36-3 , E36-4 , E36-5",50,,,,,,,กฤษณันท์ มะลิทอง* ,,,,,,,,,,,,,
02212322-65 การออกแบบเครื่องจักรกลอาหาร (Design of Food Machinery),3,3,700,ยังไม่มีการกำหนดวัน-เวลาเรียน,ยังไม่มีการกำหนดห้องเรียน,"E36-4 , E36-5",5,,,,,,,กฤษณันท์ มะลิทอง* ,,,,,,,,,,,,,
02212331-65 กระบวนการผลิตเครื่องจักรกลอาหาร (Manufacturing Processes for Food Machinery),3,3,700,"วันอังคาร  10:30-12:00,วันศุกร์  9:00-10:30","E4404 , E4404",-,50,,,,,,,"เชาว์ อินทร์ประสิทธิ์ , สยุมพร รัตนพันธ์* ",,,,,,,,,,,,,
02212361-65 เศรษฐศาสตร์วิศวกรรมอาหาร (Food Engineering Economy),3,3,700,ติดต่อผู้สอน,ติดต่อผู้สอน,E36-5,10,,,,,,,สยุมพร รัตนพันธ์* ,,,,,,,,,,,,,
02212371-65 การสั่นสะเทือนทางกลสำหรับวิศวกรรมอาหาร (Mechanical Vibrations for Food Engineering),3,3,700,"วันจันทร์  9:00-10:30,วันศุกร์  10:30-12:00","ติดต่อผู้สอน , ติดต่อผู้สอน","E36-3 , E36-4 , E36-5",50,,,,,,,กฤษณันท์ มะลิทอง* ,,,,,,,,,,,,,
02212411-65 ปฏิบัติการเฉพาะหน่วยในวิศวกรรมอาหาร II (Unit Operations in Food Engineering II),3,3,700,ติดต่อผู้สอน,ติดต่อผู้สอน,E36-5,10,,,,,,,เมลดา เฟื่องฟู* ,,,,,,,,,,,,,
02212412-65 ปฏิบัติการวิศวกรรมอาหาร II (Laboratory for food Engineering II),,,,,,,,1,711,วันพุธ  13:00-16:00,ติดต่อผู้สอน,E36-4,33,"สุกัญญา วิชชุกิจ*  , รังสินี โสธรวิทย์ , มนต์ทิพย์ ช่ำชอง , รณฤทธิ์ ฤทธิรณ , อมรเดช พุทธิพิพัฒน์ขจร , วงศ์ผกา วงศ์รัตน์ , ธิติพงศ์ โพธิสุทธิ์ , เมลดา เฟื่องฟู , สยุมพร รัตนพันธ์ , กอบศักดิ์ กาญจนาพงศ์กุล , กฤษณันท์ มะลิทอง , อังคณา อ.สุวรรณ",,,,,,,,,,,,,
02212421-65 การออกแบบเครื่องมือลำเลียงผลิตภัณฑ์อาหาร (Food Products Conveying Equipments Design),3,3,700,"วันพุธ  9:00-10:30,วันพฤหัสบดี  10:30-12:00","E4403 , E4403","E36-4 , E36-5",50,,,,,,,"เชาว์ อินทร์ประสิทธิ์ , สยุมพร รัตนพันธ์* ",,,,,,,,,,,,,
02212422-65 กลศาสตร์เครื่องจักรกลอาหาร (Mechanics of Food Machinery),3,3,700,"วันอังคาร  13:00-14:30,วันศุกร์  14:30-16:00","LH3-205 , LH3-201","E36-3 , E36-4 , E36-5",50,,,,,,,ธิติพงศ์ โพธิสุทธิ์* ,,,,,,,,,,,,,
02212435-65 ระบบต้นกำลังในอุตสาหกรรมอาหาร (Power Systems in Food Industry),3,3,700,ติดต่อผู้สอน,ติดต่อผู้สอน,"E36-5 , E36-6",10,,,,,,,เมลดา เฟื่องฟู* ,,,,,,,,,,,,,
02212439-65 การอนุรักษ์พลังงานในอุตสาหกรรมอาหาร (Energy Conservation in Food Industry),3,3,700,ติดต่อผู้สอน,ติดต่อผู้สอน,E36-4,10,,,,,,,เมลดา เฟื่องฟู* ,,,,,,,,,,,,,
02212441-65 การควบคุมอัตโนมัติในกระบวนการผลิตอาหาร (Automatic Control in Food Manufacturing Processes),3,3,700,"วันจันทร์  16:00-17:30,วันพฤหัสบดี  13:00-14:30","E4403 , E4403","E36-4 , E36-5",50,,,,,,,วงศ์ผกา วงศ์รัตน์* ,,,,,,,,,,,,,
02212461-65 การออกแบบโรงงานอาหาร (Food Plant Design),3,3,700,"วันอังคาร  9:00-10:30,วันพฤหัสบดี  9:00-10:30","LH4-603 , LH4-603","E36-4 , E36-5",50,,,,,,,ธิติพงศ์ โพธิสุทธิ์* ,,,,,,,,,,,,,
02212462-65 การควบคุมคุณภาพในอุตสาหกรรมอาหาร (Quality Control in Food Industry),3,3,700,"วันจันทร์  10:30-12:00,วันศุกร์  9:00-10:30","E4403 , E4403",E36-4,50,,,,,,,"รังสินี โสธรวิทย์*  , สุกัญญา วิชชุกิจ",,,,,,,,,,,,,
02212495-65 การเตรียมการโครงงานวิศวกรรมการอาหาร (Food Engineering Project Preparation),,,,,,,,1,711,"วันอังคาร  16:00-17:30,วันเสาร์  10:00-12:00","ติดต่อผู้สอน , ติดต่อผู้สอน",E36-4,50,"เมลดา เฟื่องฟู*  , รังสินี โสธรวิทย์ , มนต์ทิพย์ ช่ำชอง , สุกัญญา วิชชุกิจ , รณฤทธิ์ ฤทธิรณ , อมรเดช พุทธิพิพัฒน์ขจร , วงศ์ผกา วงศ์รัตน์ , ธิติพงศ์ โพธิสุทธิ์ , สยุมพร รัตนพันธ์ , กอบศักดิ์ กาญจนาพงศ์กุล , กฤษณันท์ มะลิทอง , อังคณา อ.สุวรรณ",,,,,,,,,,,,,
02212496-65 เรื่องเฉพาะทางวิศวกรรมการอาหาร (Selected Topics in Food Engineering),3,3,700,ติดต่อผู้สอน,ติดต่อผู้สอน,E36-5,5,,,,,,,เมลดา เฟื่องฟู* ,,,,,,,,,,,,,
02212497-65 สัมมนา (Seminar),1,1,700,วันจันทร์  14:30-16:00,E4403,E36-4,18,,,,,,,สุกัญญา วิชชุกิจ* ,,,,,,,,,,,,,
,1,1,701,วันอังคาร  10:30-12:00,E4401,E36-4,18,,,,,,,สุกัญญา วิชชุกิจ* ,,,,,,,,,,,,,
02212499-65 โครงงานวิศวกรรมการอาหาร (Food Engineering Project),,,,,,,,2,711,"วันอังคาร  17:00-18:00,วันเสาร์  13:00-16:00,วันอาทิตย์  10:00-12:00","ติดต่อผู้สอน , ติดต่อผู้สอน , ติดต่อผู้สอน","E36-4 , E36-5 , E36-6",50,"เมลดา เฟื่องฟู*  , รังสินี โสธรวิทย์ , มนต์ทิพย์ ช่ำชอง , สุกัญญา วิชชุกิจ , รณฤทธิ์ ฤทธิรณ , อมรเดช พุทธิพิพัฒน์ขจร , วงศ์ผกา วงศ์รัตน์ , ธิติพงศ์ โพธิสุทธิ์ , สยุมพร รัตนพันธ์ , กอบศักดิ์ กาญจนาพงศ์กุล , กฤษณันท์ มะลิทอง , อังคณา อ.สุวรรณ",,,,,,,,,,,,,
02231131-67 คณิตศาสตร์อุตสาหกรรม I (Industrial Mathematics I),3,3,700,"วันอังคาร  9:00-10:30,วันพฤหัสบดี  9:00-10:30","E7108 , E7108",E39-1,40,,,,,,,"พิมพ์พรรณ ปรืองาม*  , ศิริศักดิ์ เชิดเกียรติพล , ศิวลักษณ์ ปฐวีรัตน์",,,,,,,,,,,,,
02231133-67 ฟิสิกส์อุตสาหกรรม  (Industrial Physics),3,3,700,"วันพุธ  9:00-10:30,วันพฤหัสบดี  15:00-16:30","E7107 , E7108",E39-1,40,,,,,,,"ภวินท์ ธัญภัทรานนท์*  , สิรินาฏ น้อยพิทักษ์ , วัชรพล ชยประเสริฐ",,,,,,,,,,,,,
02232211-66 วิศวกรรมสำรวจ (Survey Engineering),3,2,700,วันพุธ  14:30-16:30,E6218,E38-2,60,,,,,,,บัญชา ขวัญยืน* ,,,,,,,,,,,,,
,,,,,,,,1,711,วันศุกร์  9:00-12:00,E6217,E38-2,30,บัญชา ขวัญยืน* ,,,,,,,,,,,,,
,,,,,,,,1,712,วันศุกร์  13:00-16:00,E6217,E38-2,30,บัญชา ขวัญยืน* ,,,,,,,,,,,,,
,3,2,833,วันพุธ  10:00-12:00,E9502,E38-2,50,,,,,,,"บัญชา ขวัญยืน*  , พลเพชร สมานมิตร",,,,,,,,,,,,,
,,,,,,,,1,839,วันอังคาร  13:00-16:00,E6217,E38-2,25,"พลเพชร สมานมิตร*  , บัญชา ขวัญยืน",,,,,,,,,,,,,
,,,,,,,,1,840,วันพุธ  13:00-16:00,E6217,E38-2,25,"พลเพชร สมานมิตร*  , บัญชา ขวัญยืน",,,,,,,,,,,,,
02232212-66 การฝึกงานสำรวจภาคสนาม (Surveying Field Camp),,,,,,,,1,711,ติดต่อผู้สอน,ติดต่อผู้สอน,E04-2,60,"พลเพชร สมานมิตร*  , บัญชา ขวัญยืน",,,,,,,,,,,,,
,,,,,,,,1,839,ยังไม่มีการกำหนดวัน-เวลาเรียน,ยังไม่มีการกำหนดห้องเรียน,E38,3,ชิษณุพงศ์ สุธัมมะ* ,,,,,,,,,,,,,
02232221-66 กำลังของวัสดุ (Strength of Materials),3,3,700,"วันอังคาร  13:00-14:30,วันพฤหัสบดี  13:00-14:30","E6219 , E6219",E38-2,60,,,,,,,"พงษ์ภวัลย์ ภัทรประภานันท์*  , ชิษณุพงศ์ สุธัมมะ",,,,,,,,,,,,,
,3,3,701,ยังไม่มีการกำหนดวัน-เวลาเรียน,ยังไม่มีการกำหนดห้องเรียน,-,40,,,,,,,"พงษ์ภวัลย์ ภัทรประภานันท์*  , ชิษณุพงศ์ สุธัมมะ",,,,,,,,,,,,,
,3,3,833,"วันพฤหัสบดี  14:30-16:00,วันศุกร์  10:30-12:00","E6219 , E6219",E38-2,50,,,,,,,"พงษ์ภวัลย์ ภัทรประภานันท์*  , ชิษณุพงศ์ สุธัมมะ",,,,,,,,,,,,,
,3,3,834,ยังไม่มีการกำหนดวัน-เวลาเรียน,ยังไม่มีการกำหนดห้องเรียน,-,10,,,,,,,"พงษ์ภวัลย์ ภัทรประภานันท์*  , ชิษณุพงศ์ สุธัมมะ",,,,,,,,,,,,,
02232222-66 ทฤษฎีโครงสร้าง (Theory of Structures),3,3,700,"วันอังคาร  7:30-9:00,วันพุธ  7:00-8:30","E6218 , E6218",E04-3,50,,,,,,,"ชิษณุพงศ์ สุธัมมะ*  , การันต์ คล้ายฉ่ำ",,,,,,,,,,,,,
,3,3,833,ยังไม่มีการกำหนดวัน-เวลาเรียน,ยังไม่มีการกำหนดห้องเรียน,E38,10,,,,,,,"การันต์ คล้ายฉ่ำ*  , ชิษณุพงศ์ สุธัมมะ",,,,,,,,,,,,,
02232231-66 คอนกรีตและวัสดุวิศวกรรมก่อสร้าง (Concrete and Construction Engineering Materials),3,2,700,วันอังคาร  8:30-10:30,E6218,E38-2,60,,,,,,,เพ็ญพิชชา สนิทอินทร์* ,,,,,,,,,,,,,
,,,,,,,,1,711,วันศุกร์  9:00-12:00,E6107,E38-2,30,เพ็ญพิชชา สนิทอินทร์* ,,,,,,,,,,,,,
,,,,,,,,1,712,วันศุกร์  13:00-16:00,E6107,E38-2,30,เพ็ญพิชชา สนิทอินทร์* ,,,,,,,,,,,,,
,3,2,833,วันพฤหัสบดี  8:30-10:30,E6218,E38-2,50,,,,,,,เพ็ญพิชชา สนิทอินทร์* ,,,,,,,,,,,,,
,,,,,,,,1,839,วันอังคาร  13:00-16:00,E6107,E38-2,25,เพ็ญพิชชา สนิทอินทร์* ,,,,,,,,,,,,,
,,,,,,,,1,840,วันพุธ  16:00-19:00,E6107,E38-2,25,เพ็ญพิชชา สนิทอินทร์* ,,,,,,,,,,,,,
02232232-66 การทดสอบวัสดุวิศวกรรมโยธาและการก่อสร้าง (Civil and Construction Engineering Materials Testing),,,,,,,,1,711,วันจันทร์  13:00-16:00,E6109,E04-3,25,"ชิษณุพงศ์ สุธัมมะ*  , กฤษณะ จันทรโชติ",,,,,,,,,,,,,
,,,,,,,,1,712,วันอังคาร  9:00-12:00,E6109,E04-3,25,"ชิษณุพงศ์ สุธัมมะ*  , กฤษณะ จันทรโชติ",,,,,,,,,,,,,
02232281-66 คณิตศาสตร์ในงานวิศวกรรมโยธา-โครงสร้างพื้นฐาน (Mathematics in Civil Engineering-Infrastructure),2,2,700,วันพฤหัสบดี  8:30-10:30,E6220,E38-2,60,,,,,,,ชิษณุพงศ์ สุธัมมะ* ,,,,,,,,,,,,,
,2,2,833,วันศุกร์  8:30-10:30,E6218,E38-2,50,,,,,,,ชิษณุพงศ์ สุธัมมะ* ,,,,,,,,,,,,,
"02232321-66 การวิเคราะห์โครงสร้าง	 (Structural Analysis)",3,3,700,"วันจันทร์  13:00-14:30,วันอังคาร  13:00-14:30","E6221 , E6218",E38-3,60,,,,,,,นันทวัฒน์ ขมหวาน* ,,,,,,,,,,,,,
,3,3,833,"วันอังคาร  14:30-16:00,วันพฤหัสบดี  14:30-16:00","E6219 , E6218",E38-3,40,,,,,,,นันทวัฒน์ ขมหวาน* ,,,,,,,,,,,,,
02232322-66 การออกแบบโครงสร้างคอนกรีตเสริมเหล็ก (Design of Reinforced Concrete Structures),4,3,700,วันพุธ  13:00-16:00,E6219,E38-3,60,,,,,,,พงษ์ภวัลย์ ภัทรประภานันท์* ,,,,,,,,,,,,,
,,,,,,,,1,711,วันศุกร์  13:00-16:00,E6219,E38-3,60,พงษ์ภวัลย์ ภัทรประภานันท์* ,,,,,,,,,,,,,
,4,3,833,วันจันทร์  13:00-16:00,E6219,E38-3,40,,,,,,,พงษ์ภวัลย์ ภัทรประภานันท์* ,,,,,,,,,,,,,
,,,,,,,,1,839,วันพฤหัสบดี  9:00-12:00,E6219,E38-3,40,พงษ์ภวัลย์ ภัทรประภานันท์* ,,,,,,,,,,,,,
"02232351-66 กลศาสตร์ของดิน	 (Mechanics of Soil)",3,3,700,"วันจันทร์  10:30-12:00,วันพุธ  10:30-12:00","E6315 , E6315",E38-3,60,,,,,,,กมล อมรฟ้า* ,,,,,,,,,,,,,
,3,3,833,"วันอังคาร  13:00-14:30,วันพฤหัสบดี  13:00-14:30","E6315 , E6315",E38-3,40,,,,,,,กมล อมรฟ้า* ,,,,,,,,,,,,,
02232352-66 ปฏิบัติการกลศาสตร์ของดิน (Soil Mechanics Laboratory),,,,,,,,1,711,วันพฤหัสบดี  9:00-12:00,E6108,E38-3,30,สมชาย ประยงค์พันธ์* ,,,,,,,,,,,,,
,,,,,,,,1,712,วันพฤหัสบดี  13:00-16:00,E6108,E38-3,30,สมชาย ประยงค์พันธ์* ,,,,,,,,,,,,,
,,,,,,,,1,839,วันอังคาร  9:00-12:00,E6108,E38-3,18,สมชาย ประยงค์พันธ์* ,,,,,,,,,,,,,
,,,,,,,,1,840,วันพุธ  9:00-12:00,E6108,E38-3,40,สมชาย ประยงค์พันธ์* ,,,,,,,,,,,,,
02232381-66 คอมพิวเตอร์และเทคโนโลยีสำหรับวิศวกรรมโยธา (Computer and Technology for Civil Engineering)),3,3,700,วันอังคาร  9:00-12:00,E8302,E38-3,60,,,,,,,บรรพต กุลสุวรรณ* ,,,,,,,,,,,,,
,3,3,833,วันจันทร์  9:00-12:00,E8303,E38-3,40,,,,,,,บรรพต กุลสุวรรณ* ,,,,,,,,,,,,,
วิศวกรรมศาสตร์ ศรีราชา,,,,,,,,,,,,,,,,,,,,,,,,,,,
03600012-67 เทคโนโลยีสีเขียว (Green Technology),3,3,700,วันอังคาร  13:00-16:00,LH3-210,ALL,60,,,,,,,เครือมาศ สมัครการ* ,,,,,,,,,,,,,
03600014-67 การแก้ปัญหาเชิงสร้างสรรค์และทักษะการคิดเชิงวิพากษ์ (Creative Problem Solving and Critical Thinking Skills),3,3,700,"วันจันทร์  10:30-12:00,วันพฤหัสบดี  9:00-10:30","E2210 , E2210",E04-3,60,,,,,,,"ชัยศรี สุขสาโรจน์*  , นิธิรัชต์ สงวนเดือน , ศศิวิมล ขาวโกมล",,,,,,,,,,,,,
ศิลปศาสตร์และวิทยาศาสตร์,,,,,,,,,,,,,,,,,,,,,,,,,,,
02701011-67 การใช้ภาษาไทยเพื่อธุรกิจ วิทยาศาสตร์และเทคโนโลยี (Thai Usage for Business Sciences and Technology),3,3,700,"วันจันทร์  10:30-12:00,วันพุธ  10:30-12:00","LH3-304 , LH3-304","A27-4 , F77-2",120,,,,,,,"อรประพิณ กิตติเวช*  , ปัทมา เหมือนสมัย",,,,,,,,,,,,,
,3,3,701,"วันจันทร์  14:30-16:00,วันพุธ  14:30-16:00","LH3-304 , LH3-304",S02-1,120,,,,,,,"อรประพิณ กิตติเวช*  , ปัทมา เหมือนสมัย",,,,,,,,,,,,,
,3,3,702,"วันจันทร์  16:30-18:00,วันพุธ  16:30-18:00","LH3-304 , LH3-304","T02-1 , E39-1",140,,,,,,,"อรประพิณ กิตติเวช*  , ปัทมา เหมือนสมัย",,,,,,,,,,,,,
,3,3,845,"วันจันทร์  13:00-14:30,วันพุธ  13:00-14:30","LH3-201 , LH3-201",E02-6,1,,,,,,,อรประพิณ กิตติเวช* ,,,,,,,,,,,,,
,3,3,861,"วันจันทร์  13:00-14:30,วันพุธ  13:00-14:30","LH3-201 , LH3-201","S02-1 , S02-4 , S02-3 , S02-2",50,,,,,,,"อรประพิณ กิตติเวช*  , ปัทมา เหมือนสมัย",,,,,,,,,,,,,
02702111-68 ทักษะการฟังและการพูดภาษาอังกฤษ I (English Listening and Speaking Skills I),3,3,700,"วันอังคาร  9:00-10:30,วันพฤหัสบดี  9:00-10:30","LLB401 , LLB401",Q02-1,45,,,,,,,รัชดาวรรณ คงสัตย์* ,,,,,,,,,,,,,
,3,3,701,"วันอังคาร  10:30-12:00,วันพฤหัสบดี  10:30-12:00","LLB401 , LLB401",Q02-1,45,,,,,,,รัชดาวรรณ คงสัตย์* ,,,,,,,,,,,,,
,3,3,809,ยังไม่มีการกำหนดวัน-เวลาเรียน,ยังไม่มีการกำหนดห้องเรียน,Q02-1,40,,,,,,,รัชดาวรรณ คงสัตย์* ,,,,,,,,,,,,,
,3,3,810,"วันอังคาร  14:30-16:00,วันพฤหัสบดี  14:30-16:00","LLB401 , LLB401",Q02-1,40,,,,,,,รัชดาวรรณ คงสัตย์* ,,,,,,,,,,,,,
,3,3,811,"วันอังคาร  16:30-18:00,วันพฤหัสบดี  16:30-18:00","LLB401 , LLB401",Q02-1,40,,,,,,,รัชดาวรรณ คงสัตย์* ,,,,,,,,,,,,,
02702131-68 โครงสร้างภาษาอังกฤษ I (English Structure I),3,3,700,"วันอังคาร  9:00-10:30,วันพฤหัสบดี  9:00-10:30","LLB302 , LLB302",Q02-1,45,,,,,,,อรทัย  ชัยญา จรูญธวัชชัย* ,,,,,,,,,,,,,
,3,3,701,"วันอังคาร  10:30-12:00,วันพฤหัสบดี  10:30-12:00","LLB302 , LLB302",Q02-1,45,,,,,,,อรทัย  ชัยญา จรูญธวัชชัย* ,,,,,,,,,,,,,
,3,3,809,"วันจันทร์  9:00-10:30,วันพุธ  9:00-10:30","LLB305 , LLB305",Q02-1,40,,,,,,,อรทัย  ชัยญา จรูญธวัชชัย* ,,,,,,,,,,,,,
,3,3,810,"วันจันทร์  10:30-12:00,วันพุธ  10:30-12:00","LLB305 , LLB305",Q02-1,40,,,,,,,อรทัย  ชัยญา จรูญธวัชชัย* ,,,,,,,,,,,,,
,3,3,811,"วันอังคาร  14:30-16:00,วันพฤหัสบดี  14:30-16:00","LLB305 , LLB305",Q02-1,40,,,,,,,อรทัย  ชัยญา จรูญธวัชชัย* ,,,,,,,,,,,,,
02708102-67 วรรณกรรมกับวิทยาศาสตร์ (Literature and Science),3,3,700,"วันจันทร์  9:00-10:30,วันพุธ  9:00-10:30","LH4-304 , LH4-304","Q04-2 , S02-2 , T02-1",300,,,,,,,"ภัทรภร รักเรียน , กาญจนา โรจนพานิช* ",,,,,,,,,,,,,
,3,3,701,"วันจันทร์  10:30-12:00,วันพุธ  10:30-12:00","LH4-304 , LH4-304","Q10-1 , Q26-1 , H13-1",300,,,,,,,"ภัทรภร รักเรียน , กาญจนา โรจนพานิช* ",,,,,,,,,,,,,
,3,3,702,"วันจันทร์  13:00-14:30,วันพุธ  13:00-14:30","LH4-503 , LH4-503",H05-4,2,,,,,,,กาญจนา โรจนพานิช* ,,,,,,,,,,,,,
,3,3,825,"วันจันทร์  14:30-16:00,วันพุธ  14:30-16:00","LH4-503 , LH4-503",Q10-1,100,,,,,,,"ภัทรภร รักเรียน , กาญจนา โรจนพานิช* ",,,,,,,,,,,,,
,3,3,861,"วันอังคาร  10:30-12:00,วันพฤหัสบดี  10:30-12:00","LH4-503 , LH4-503","S02-2 , S02-3 , S02-4",100,,,,,,,"กาญจนา โรจนพานิช*  , ภัทรภร รักเรียน",,,,,,,,,,,,,
,3,3,866,"วันอังคาร  9:00-10:30,วันพฤหัสบดี  9:00-10:30","LH4-503 , LH4-503",Q26-1,100,,,,,,,"กาญจนา โรจนพานิช*  , ภัทรภร รักเรียน",,,,,,,,,,,,,
,3,3,878,"วันจันทร์  13:00-14:30,วันพุธ  13:00-14:30","LH4-503 , LH4-503",H13-1,100,,,,,,,"กาญจนา โรจนพานิช*  , ภัทรภร รักเรียน",,,,,,,,,,,,,
02714101-67 การคิดเชิงวิพากษ์และการแก้ปัญหา (Critical Thinking and Problem Solving),3,3,700,วันอังคาร  13:00-16:00,LH4-304,"E24-4 , F80-1 , F77-3 , F80-3",320,,,,,,,วรท อุณหสุทธิยานนท์* ,,,,,,,,,,,,,
,3,3,701,วันพฤหัสบดี  9:00-12:00,LH4-302,Q08-2,300,,,,,,,วรท อุณหสุทธิยานนท์* ,,,,,,,,,,,,,
,3,3,815,วันพฤหัสบดี  13:00-16:00,LH3-303,Q08-2,124,,,,,,,วรท อุณหสุทธิยานนท์* ,,,,,,,,,,,,,
02717011-67 ตนและการพัฒนาตน (Self and Self Development),3,3,700,วันพุธ  14:30-17:30,LH4-101,"Q26-2 , H11-2",180,,,,,,,พัชรา จตุรโกมล* ,,,,,,,,,,,,,
,3,3,701,วันอังคาร  13:00-16:00,LH3-304,F39-1,120,,,,,,,พัชรา จตุรโกมล* ,,,,,,,,,,,,,
,3,3,866,วันพุธ  9:00-12:00,KH80-201,"Q26-2 , Q26-5",100,,,,,,,พัชรา จตุรโกมล* ,,,,,,,,,,,,,
02717112-67 การเมืองไทยร่วมสมัย (Contemporary Thai Politics),3,3,700,วันพุธ  16:00-19:00,LH4-503,"Q26-1 , Q03-3",130,,,,,,,"ยุภาพร ต๊ะรังษี*  , ขนิษฐา สุขสง , กฤช วีรกุล",,,,,,,,,,,,,
,3,3,701,วันพุธ  16:00-19:00,LH4-503,ALL,50,,,,,,,"ยุภาพร ต๊ะรังษี*  , ขนิษฐา สุขสง , กฤช วีรกุล",,,,,,,,,,,,,
,3,3,800,วันศุกร์  13:00-16:00,LH4-503,Q03-3,60,,,,,,,"ยุภาพร ต๊ะรังษี*  , ขนิษฐา สุขสง , กฤช วีรกุล",,,,,,,,,,,,,
,3,3,845,วันอังคาร  16:00-19:00,LH4-306,E06,2,,,,,,,"ขนิษฐา สุขสง , กฤช วีรกุล , ยุภาพร ต๊ะรังษี* ",,,,,,,,,,,,,
,3,3,866,วันอังคาร  16:00-19:00,LH4-306,Q26-1,100,,,,,,,"ยุภาพร ต๊ะรังษี*  , ขนิษฐา สุขสง , กฤช วีรกุล",,,,,,,,,,,,,
02721121-67 การจัดการธุรกิจเพื่อสังคมที่ยั่งยืน (Business Management for Social Sustainability),3,3,700,วันอังคาร  16:30-19:30,LH3-303,"Q03-2 , Q28-2",150,,,,,,,"พงศ์พันธ์ ศรีเมือง*  , โสภณ สระทองมา",,,,,,,,,,,,,
,3,3,701,วันพุธ  16:30-19:30,LH3-302,"Q05-2 , S02-2",210,,,,,,,"พงศ์พันธ์ ศรีเมือง*  , โสภณ สระทองมา",,,,,,,,,,,,,
,3,3,702,วันพุธ  13:00-16:00,LH3-302,"H01-1 , H03-1 , H12-1",340,,,,,,,"พงศ์พันธ์ ศรีเมือง*  , โสภณ สระทองมา",,,,,,,,,,,,,
,3,3,800,วันพฤหัสบดี  16:30-19:30,LH3-303,Q03-2,100,,,,,,,"พงศ์พันธ์ ศรีเมือง*  , โสภณ สระทองมา",,,,,,,,,,,,,
,3,3,820,วันอังคาร  13:00-16:00,LH3-303,Q05-2,100,,,,,,,"พงศ์พันธ์ ศรีเมือง*  , โสภณ สระทองมา",,,,,,,,,,,,,
,3,3,861,วันพฤหัสบดี  13:00-16:00,LH3-205,"S02-2 , S02-3 , S02-4",50,,,,,,,"พงศ์พันธ์ ศรีเมือง*  , โสภณ สระทองมา",,,,,,,,,,,,,
,3,3,870,วันจันทร์  16:30-19:30,LH4-301,H01-1,150,,,,,,,"พงศ์พันธ์ ศรีเมือง*  , โสภณ สระทองมา",,,,,,,,,,,,,
,3,3,872,วันจันทร์  13:00-16:00,LH3-303,H03-1,120,,,,,,,"พงศ์พันธ์ ศรีเมือง*  , โสภณ สระทองมา",,,,,,,,,,,,,
02724011-67 การสื่อสารระหว่างวัฒนธรรม (Intercultural Communication),3,3,700,วันอังคาร  14:30-17:30,LH3-301,"H11-1 , H11-2",150,,,,,,,ปัทมา เหมือนสมัย* ,,,,,,,,,,,,,
,3,3,855,วันอังคาร  9:00-12:00,LH3-301,"H11-1 , H11-2",270,,,,,,,ปัทมา เหมือนสมัย* ,,,,,,,,,,,,,
,3,3,856,วันพฤหัสบดี  14:30-17:30,LH3-301,"H11-1 , H11-2",260,,,,,,,ปัทมา เหมือนสมัย* ,,,,,,,,,,,,,
,3,3,857,วันศุกร์  9:00-12:00,LH4-302,H11-2,250,,,,,,,ปัทมา เหมือนสมัย* ,,,,,,,,,,,,,
02724012-67 การพัฒนาบุคลิกภาพ (Personality Development),3,3,815,วันศุกร์  13:00-16:00,LH4-201,"Q08-4 , Q08-2 , Q08-3",90,,,,,,,อรประพิณ กิตติเวช* ,,,,,,,,,,,,,
02726311-61 การอนุรักษ์เชิงชีววิทยา (Biological Conservation),3,3,700,ยังไม่มีการกำหนดวัน-เวลาเรียน,ยังไม่มีการกำหนดห้องเรียน,ALL,10,,,,,,,สราวุธ คลอวุฒิมันตร์* ,,,,,,,,,,,,,
02726312-61 ชีววิทยาและนิเวศวิทยาพืชน้ำ (Biology and Ecology of Aquatic Flora),3,3,700,ยังไม่มีการกำหนดวัน-เวลาเรียน,ยังไม่มีการกำหนดห้องเรียน,"Q04-3 , Q04-4",5,,,,,,,บงกช วิชาชูเชิด* ,,,,,,,,,,,,,
02727104-67 สิ่งมีชีวิตกับภัยพิบัติทางธรรมชาติ (Living Things and Natural Disasters),3,3,700,วันพุธ  16:00-19:00,LH2-302,ALL,150,,,,,,,อรพรรณ ศังขจันทรานนท์* ,,,,,,,,,,,,,
,3,3,701,วันศุกร์  16:00-19:00,LH2-302,ALL,150,,,,,,,อรพรรณ ศังขจันทรานนท์* ,,,,,,,,,,,,,
02727201-64 พืชในชีวิตประจำวัน (Plant in everyday life),3,3,700,วันอังคาร  16:00-19:00,LH4-101,ALL,110,,,,,,,"สหณัฐ เพชรศรี*  , อินทิรา ขูดแก้ว , ทิพรดา พูลสวัสดิ์ , พิมพ์ชนก สตภูมินทร์ , วิภาดา กันทยศ",,,,,,,,,,,,,
02727202-64 พืชและมนุษย์ (Plants and Man),3,3,700,วันพฤหัสบดี  16:00-19:00,LH4-502,ALL,100,,,,,,,"สหณัฐ เพชรศรี*  , กิตติพจน์ เพิ่มพูล , ศิริพร ศรีภิญโญวณิชย์ , อรพรรณ ศังขจันทรานนท์ , พรไพรินทร์ รุ่งเจริญทอง",,,,,,,,,,,,,
02727311-65 สารประกอบในพืช (Plant Metabolites),3,3,700,วันศุกร์  9:00-12:00,LH3-201,Q28-3,33,,,,,,,"อินทิรา ขูดแก้ว*  , วิภาดา กันทยศ , พรไพรินทร์ รุ่งเจริญทอง",,,,,,,,,,,,,
02727312-65 มาตรฐานสำหรับผลิตภัณฑ์จากพืช (Standards for Plant-Derived Products),3,3,700,วันพฤหัสบดี  9:00-12:00,LH3-201,Q28-3,33,,,,,,,"พิมพ์ชนก สตภูมินทร์*  , พรไพรินทร์ รุ่งเจริญทอง",,,,,,,,,,,,,
02727321-65 พฤกษนวัตกรรมสำหรับที่อยู่อาศัย (Innovative Botany for Habitation),3,2,700,ติดต่อผู้สอน,ติดต่อผู้สอน,"Q28-3 , Q28-4",20,,,,,,,"อรพรรณ ศังขจันทรานนท์*  , สหณัฐ เพชรศรี",,,,,,,,,,,,,
,,,,,,,,1,711,ติดต่อผู้สอน,ติดต่อผู้สอน,"Q28-3 , Q28-4",20,"อรพรรณ ศังขจันทรานนท์*  , สหณัฐ เพชรศรี",,,,,,,,,,,,,
02727322-65 พฤกษนวัตกรรมและการเปลี่ยนแปลงสภาพภูมิอากาศ (Innovative Botany and Climate Change),3,3,700,วันจันทร์  16:00-19:00,SC3-204,"Q28-3 , Q28-4",40,,,,,,,"กิตติพจน์ เพิ่มพูล*  , พิมพ์ชนก สตภูมินทร์ , พรไพรินทร์ รุ่งเจริญทอง",,,,,,,,,,,,,
02727331-65 เทคนิคทางพฤกษเคมีวิเคราะห์ (Techniques in Phytochemical Analysis),3,2,700,วันพุธ  10:30-12:30,SC3-206,"Q28-3 , Q28-4",14,,,,,,,"อินทิรา ขูดแก้ว*  , วิภาดา กันทยศ",,,,,,,,,,,,,
,,,,,,,,1,711,วันพุธ  13:00-16:00,SC3-206,"Q28-3 , Q28-4",14,"อินทิรา ขูดแก้ว*  , วิภาดา กันทยศ",,,,,,,,,,,,,
02727399-65 การฝึกงานทางพฤกษนวัตกรรม (Innovative Botany Practicum),,,,,,,,3,711,ติดต่อผู้สอน,ติดต่อผู้สอน,Q28-4,26,อินทิรา ขูดแก้ว* ,,,,,,,,,,,,,
02727490-65 สหกิจศึกษา (Cooperative Education),,,,,,,,6,711,ติดต่อผู้สอน,ติดต่อผู้สอน,Q28-4,7,ศิริพร ศรีภิญโญวณิชย์* ,,,,,,,,,,,,,
02727496-65 เรื่องเฉพาะทางพฤกษนวัตกรรม (Selected Topics in Innovative Botany),3,1,700,ติดต่อผู้สอน,ติดต่อผู้สอน,Q28-4,20,,,,,,,"พิมพ์ชนก สตภูมินทร์*  , พรไพรินทร์ รุ่งเจริญทอง , กิตติพจน์ เพิ่มพูล",,,,,,,,,,,,,
,3,1,701,ติดต่อผู้สอน,ติดต่อผู้สอน,Q28-4,20,,,,,,,อรพรรณ ศังขจันทรานนท์* ,,,,,,,,,,,,,
02728101-67 เคมีในชีวิตสมัยใหม่ (Chemistry in Modern Life),3,3,700,วันศุกร์  9:00-12:00,LH4-201,ALL,200,,,,,,,"วรางคณา จิตตชุ่ม*  , บุญเดช เบิกฟ้า , นงพงา จรัสโสภณ , ศศิวดี บุญญะอุทธยาน",,,,,,,,,,,,,
02731111-65 แคลคูลัสหนึ่งตัวแปร (Calculus of One Variable),3,3,700,"วันอังคาร  10:30-12:00,วันพฤหัสบดี  10:30-12:00","LH4-306 , LH4-306","F79-1 , Q11-1",200,,,,,,,แสงแข สุวรรณสุนทร* ,,,,,,,,,,,,,
02731141-65 การพิสูจน์ทางคณิตศาสตร์ (Mathematical Proofs),3,3,700,"วันอังคาร  16:00-17:30,วันพฤหัสบดี  16:00-17:30","LH4-303 , LH4-303","Q11 , F79",150,,,,,,,เอกชัย สุนทรศิลสังวร* ,,,,,,,,,,,,,
02731211-65 แคลคูลัสเชิงเวกเตอร์ (Vector Calculus),3,3,700,"วันจันทร์  13:00-14:30,วันพุธ  13:00-14:30","KH80-208 , KH80-208","Q11-2 , Q11-3 , Q11-4X , F79-2 , F79-3 , F79-4X",120,,,,,,,เอกชัย สุนทรศิลสังวร* ,,,,,,,,,,,,,
02731231-65 สมการเชิงอนุพันธ์ (Differential Equations),3,3,700,"วันอังคาร  13:00-14:30,วันพฤหัสบดี  13:00-14:30","LH3-305 , LH3-305","Q11-2 , Q11-3 , Q11-4X , F79-2 , F79-3 , F79-4X",100,,,,,,,ศศิธร อุดปิน* ,,,,,,,,,,,,,
02731262-65 คณิตศาสตร์ธุรกิจ (Business Mathematics),3,3,700,"วันจันทร์  9:00-10:30,วันพุธ  9:00-10:30","LH4-202 , LH4-202","Q11-4 , Q28-2 , Q28-3 , Q28-4X",100,,,,,,,แสงแข สุวรรณสุนทร* ,,,,,,,,,,,,,
02731281-65 วิทยาการข้อมูลขั้นพื้นฐานสำหรับคณิตศาสตร์ประยุกต์ (Foundation of Data Science for Applied  Mathematics),3,3,700,"วันอังคาร  8:30-10:00,วันพฤหัสบดี  8:30-10:00","SC14-114 , SC14-114",Q11-2,100,,,,,,,ธนิษฐา โกวรรณ์* ,,,,,,,,,,,,,
02731321-65 กำหนดการเชิงเส้น (Linear Programming),3,3,700,"วันจันทร์  9:00-10:30,วันพุธ  9:00-10:30","SC9-301 , SC9-301","Q11-3 , Q11-4X",70,,,,,,,ทิพวรรณ พุทธสนธิพจน์* ,,,,,,,,,,,,,
02731322-65 พีชคณิตนามธรรม (Abstract Algebra),3,3,700,"วันอังคาร  13:00-14:30,วันพฤหัสบดี  13:00-14:30","LH4-505 , LH4-505","Q11-3 , Q11-4X , F79-3",60,,,,,,,วัชรินทร รักษาศักดิ์ชัย* ,,,,,,,,,,,,,
02731341-65 การวิเคราะห์เชิงจริง (Real Analysis),3,3,700,"วันอังคาร  8:30-10:00,วันพฤหัสบดี  8:30-10:00","LH4-202 , LH4-202","Q11-3 , F79-3",100,,,,,,,วิเนตร แสนหาญ* ,,,,,,,,,,,,,
02731351-65 คณิตศาสตร์เชิงการจัด (Combinatorial Mathematics),3,3,700,"วันอังคาร  13:00-14:30,วันพฤหัสบดี  13:00-14:30","SC9-301 , SC9-301",Q11-4,50,,,,,,,สุจิตรา แสนหาญ* ,,,,,,,,,,,,,
02731371-65 การวิเคราะห์เชิงตัวเลข (Numerical Analysis),3,3,700,"วันพุธ  10:30-12:00,วันศุกร์  9:00-10:30","LH4-503 , LH4-503",Q11-3,60,,,,,,,สิทธิพงศ์ รักตะเมธากูล* ,,,,,,,,,,,,,
02731381-65 คณิตศาสตร์กับโปรแกรมพื้นฐานสำหรับงานวิทยาการข้อมูล (mathematics with Basic Programming for Data Science),3,2,700,"วันอังคาร  10:00-12:00,วันพฤหัสบดี  10:00-12:00","SC9-332 , SC14-114",Q11-3,60,,,,,,,โรจนี ขุมมงคล* ,,,,,,,,,,,,,
,,,,,,,,1,711,"วันอังคาร  10:00-12:00,วันพฤหัสบดี  10:00-12:00","SC9-332 , SC14-114",Q11-3,60,โรจนี ขุมมงคล* ,,,,,,,,,,,,,
02731474-65 ทฤษฎีรหัส (Coding Theory),3,3,700,"วันจันทร์  10:30-12:00,วันพุธ  10:30-12:00","SC9-301 , SC9-301",Q11-4,40,,,,,,,ทิพวรรณ พุทธสนธิพจน์* ,,,,,,,,,,,,,
02731499-65 โครงงานคณิตศาสตร์ประยุกต์ (Applied Mathematics Project),,,,,,,,3,711,วันเสาร์  9:00-12:00,ติดต่อผู้สอน,Q11-4,60,สุจิตรา แสนหาญ* ,,,,,,,,,,,,,
,,,,,,,,3,712,วันเสาร์  9:00-12:00,ติดต่อผู้สอน,Q11-4,60,พรพิศ ยิ้มประยูร* ,,,,,,,,,,,,,
,,,,,,,,3,713,วันเสาร์  9:00-12:00,ติดต่อผู้สอน,Q11-4,60,วิเนตร แสนหาญ* ,,,,,,,,,,,,,
,,,,,,,,3,714,วันเสาร์  9:00-12:00,ติดต่อผู้สอน,Q11-4,60,ทิพวรรณ พุทธสนธิพจน์* ,,,,,,,,,,,,,
,,,,,,,,3,715,วันเสาร์  9:00-12:00,ติดต่อผู้สอน,Q11-4,60,ธนิษฐา โกวรรณ์* ,,,,,,,,,,,,,
,,,,,,,,3,716,วันเสาร์  9:00-12:00,ติดต่อผู้สอน,Q11-4,60,โรจนี ขุมมงคล* ,,,,,,,,,,,,,
,,,,,,,,3,717,วันเสาร์  9:00-12:00,ติดต่อผู้สอน,Q11-4X,60,แสงแข สุวรรณสุนทร* ,,,,,,,,,,,,,
"02733103-00 แสง สี และการถ่ายภาพ (Light, Color, and Photography)",3,2,700,ติดต่อผู้สอน,ติดต่อผู้สอน,ALL,10,,,,,,,"บุษรา พัฒนศิริ*  , พีรพงศ์ ยศประยูรศักดิ์",,,,,,,,,,,,,
"02733104-00 โลก บรรยากาศ และอวกาศ (Earth, Atmosphere ans space)",3,3,700,ติดต่อผู้สอน,ติดต่อผู้สอน,ALL,50,,,,,,,"ศศิมลฑล ม่วงศรีจันทร์*  , ฤดีรัตน์ สันตะโก , ภัทรพงศ์ รักน้อย , สุชีวัน กรอบทอง",,,,,,,,,,,,,
02738312-66 หลักการจัดระบบและอนุกรมวิธาน (Principles of Systematics and Taxonomy),3,3,700,วันศุกร์  9:00-12:00,SC4-307,"Q04-3 , Q04-4",35,,,,,,,สราวุธ คลอวุฒิมันตร์* ,,,,,,,,,,,,,
02738313-66 ปฏิบัติการหลักการจัดระบบและอนุกรมวิธาน (Laboratory in Principles of Systematics and Taxonomy),,,,,,,,1,711,วันศุกร์  13:00-16:00,SC4-307,"Q04-3 , Q04-4",35,สราวุธ คลอวุฒิมันตร์* ,,,,,,,,,,,,,
02738314-66 นิเวศวิทยาชายฝั่ง (Coastal Ecology),3,3,700,ยังไม่มีการกำหนดวัน-เวลาเรียน,ยังไม่มีการกำหนดห้องเรียน,"Q04-3 , Q04-4",5,,,,,,,บงกช วิชาชูเชิด* ,,,,,,,,,,,,,
02738341-66 เทคนิคการเพาะเลี้ยงเนื้อเยื่อสำหรับพืชเศรษฐกิจ (Tissue Culture Techniques for Economic Crops),3,2,700,ยังไม่มีการกำหนดวัน-เวลาเรียน,ยังไม่มีการกำหนดห้องเรียน,"3 , 4",8,,,,,,,ปิยะมาศ ศรีรัตน์* ,,,,,,,,,,,,,
,,,,,,,,1,711,ยังไม่มีการกำหนดวัน-เวลาเรียน,ยังไม่มีการกำหนดห้องเรียน,"Q04-3 , Q04-4",4,ปิยะมาศ ศรีรัตน์* ,,,,,,,,,,,,,
,,,,,,,,1,712,ยังไม่มีการกำหนดวัน-เวลาเรียน,ยังไม่มีการกำหนดห้องเรียน,"3 , 4",4,ปิยะมาศ ศรีรัตน์* ,,,,,,,,,,,,,
02738342-66 การผลิตและการใช้ประโยชน์ชีวผลิตภัณฑ์ (Production and Utilization of Bioproducts),3,3,700,ยังไม่มีการกำหนดวัน-เวลาเรียน,ยังไม่มีการกำหนดห้องเรียน,"3 , 4",15,,,,,,,รัชพล พะวงศ์รัตน์* ,,,,,,,,,,,,,
02738343-66 เทคโนโลยีการเปลี่ยนสภาพชีวมวล (Biomass Conversion Technology),3,3,700,ยังไม่มีการกำหนดวัน-เวลาเรียน,ยังไม่มีการกำหนดห้องเรียน,"3 , 4",15,,,,,,,รัชพล พะวงศ์รัตน์* ,,,,,,,,,,,,,
02738351-66 สารก่อภูมิแพ้ในอาหารและการตรวจสอบด้วยวิธีการทางโมเลกุล (Food Allergens and Molecular Detection),3,3,700,ยังไม่มีการกำหนดวัน-เวลาเรียน,ยังไม่มีการกำหนดห้องเรียน,ALL,10,,,,,,,พริมา พิริยางกูร* ,,,,,,,,,,,,,
02738361-66 ชีววิทยาโมเลกุลเบื้องต้น (Introductory Molecular Biology),3,3,700,ยังไม่มีการกำหนดวัน-เวลาเรียน,ยังไม่มีการกำหนดห้องเรียน,"Q04-3 , Q04-4",10,,,,,,,นพมาศ โลกคำลือ* ,,,,,,,,,,,,,
02738381-66 ไมโครพลาสติกในสิ่งแวดล้อม (Microplastics in Environment),3,3,700,ยังไม่มีการกำหนดวัน-เวลาเรียน,ยังไม่มีการกำหนดห้องเรียน,"Q04-3 , Q04-4",10,,,,,,,แตงอ่อน พรหมมิ* ,,,,,,,,,,,,,
02738431-66 หลักภูมิศาสตร์สัตว์ (Principles of Zoogeography),3,3,700,ยังไม่มีการกำหนดวัน-เวลาเรียน,ยังไม่มีการกำหนดห้องเรียน,"Q04-3 , Q04-4",10,,,,,,,จิรนันท์ ปิยะพงษ์กุล* ,,,,,,,,,,,,,
02738432-66 ชีววิทยาของแมลงน้ำ (Aquatic Insects Biology),3,3,700,ยังไม่มีการกำหนดวัน-เวลาเรียน,ยังไม่มีการกำหนดห้องเรียน,"Q04-3 , Q04-4",10,,,,,,,แตงอ่อน พรหมมิ* ,,,,,,,,,,,,,
02738435-66 ชีววิทยาอุณหภาพเบื้องต้น (Introduction to Thermal Biology),3,3,700,ยังไม่มีการกำหนดวัน-เวลาเรียน,ยังไม่มีการกำหนดห้องเรียน,ALL,10,,,,,,,จิรนันท์ ปิยะพงษ์กุล* ,,,,,,,,,,,,,
02738441-66 เทคโนโลยีการเพาะเลี้ยงเซลล์และการประยุกต์ (Cell Cultivation Technology and Application),3,3,700,ยังไม่มีการกำหนดวัน-เวลาเรียน,ยังไม่มีการกำหนดห้องเรียน,"Q04-3 , Q04-4",10,,,,,,,ปิยะมาศ ศรีรัตน์* ,,,,,,,,,,,,,
02738453-66 เศรษฐกิจบีซีจี (BCG Economy),3,3,700,ยังไม่มีการกำหนดวัน-เวลาเรียน,ยังไม่มีการกำหนดห้องเรียน,ALL,20,,,,,,,พุทธพร ส่องศรี* ,,,,,,,,,,,,,
,3,3,800,ยังไม่มีการกำหนดวัน-เวลาเรียน,ยังไม่มีการกำหนดห้องเรียน,ALL,10,,,,,,,พุทธพร ส่องศรี* ,,,,,,,,,,,,,
02738461-66 เทคนิคการโอนถ่ายยีนในพืช (Gene transfer technology in plant),3,3,700,ยังไม่มีการกำหนดวัน-เวลาเรียน,ยังไม่มีการกำหนดห้องเรียน,ALL,15,,,,,,,นพมาศ โลกคำลือ* ,,,,,,,,,,,,,
02738473-66 การประยุกต์คอมพิวเตอร์ทางวิทยาศาสตร์ชีวภาพ (Computer Application in Biological Science),3,2,700,ยังไม่มีการกำหนดวัน-เวลาเรียน,ยังไม่มีการกำหนดห้องเรียน,ALL,20,,,,,,,พุทธพร ส่องศรี* ,,,,,,,,,,,,,
,,,,,,,,1,711,ยังไม่มีการกำหนดวัน-เวลาเรียน,ยังไม่มีการกำหนดห้องเรียน,ALL,20,พุทธพร ส่องศรี* ,,,,,,,,,,,,,
,3,2,800,ยังไม่มีการกำหนดวัน-เวลาเรียน,ยังไม่มีการกำหนดห้องเรียน,-,10,,,,,,,พุทธพร ส่องศรี* ,,,,,,,,,,,,,
,,,,,,,,1,800,ยังไม่มีการกำหนดวัน-เวลาเรียน,ยังไม่มีการกำหนดห้องเรียน,ALL,10,พุทธพร ส่องศรี* ,,,,,,,,,,,,,
02738482-66 ระบบสารสนเทศภูมิศาสตร์สำหรับนิเวศวิทยา (Geographic Information System for Ecology),3,2,700,ยังไม่มีการกำหนดวัน-เวลาเรียน,ยังไม่มีการกำหนดห้องเรียน,"Q04-3 , Q04-4",5,,,,,,,สราวุธ คลอวุฒิมันตร์* ,,,,,,,,,,,,,
,,,,,,,,1,711,ยังไม่มีการกำหนดวัน-เวลาเรียน,ยังไม่มีการกำหนดห้องเรียน,"Q04-3 , Q04-4",5,สราวุธ คลอวุฒิมันตร์* ,,,,,,,,,,,,,
02738490-61 สหกิจศึกษา (Cooperative Education),,,,,,,,6,700,ยังไม่มีการกำหนดวัน-เวลาเรียน,ยังไม่มีการกำหนดห้องเรียน,Q04-4,5,นพมาศ โลกคำลือ* ,,,,,,,,,,,,,
02738497-66 สัมมนา (Seminar),1,1,700,วันพุธ  13:00-16:00,,Q04-4,9,,,,,,,นพมาศ โลกคำลือ* ,,,,,,,,,,,,,
,1,1,701,วันพุธ  13:00-16:00,ติดต่อผู้สอน,Q04-4,9,,,,,,,ภัทราวรรณ คำบุญเรือง* ,,,,,,,,,,,,,
,1,1,702,วันพุธ  13:00-16:00,ติดต่อผู้สอน,Q04-4,9,,,,,,,อดิศร ไชยบาง* ,,,,,,,,,,,,,
02739111-64 คอมพิวเตอร์และระบบสารสนเทศ (Computer and Information System),3,2,700,วันพุธ  10:00-12:00,SC11-401,"Q05-1 , Q11-2",100,,,,,,,สกาวรัตน์ จงพัฒนากร* ,,,,,,,,,,,,,
,,,,,,,,1,711,วันจันทร์  13:00-15:00,SC9-401,Q05-1,50,สกาวรัตน์ จงพัฒนากร* ,,,,,,,,,,,,,
,,,,,,,,1,712,วันจันทร์  15:00-17:00,SC9-401,"Q05-1 , Q11-2",50,สกาวรัตน์ จงพัฒนากร* ,,,,,,,,,,,,,
,3,2,820,วันพฤหัสบดี  12:30-14:30,SC11-401,Q05-1,115,,,,,,,สกาวรัตน์ จงพัฒนากร* ,,,,,,,,,,,,,
,,,,,,,,1,820,วันพุธ  14:40-16:40,SC9-401,Q05-1,45,สกาวรัตน์ จงพัฒนากร* ,,,,,,,,,,,,,
,,,,,,,,1,821,วันพุธ  16:40-18:40,SC9-401,Q05-1,45,สกาวรัตน์ จงพัฒนากร* ,,,,,,,,,,,,,
,,,,,,,,1,822,วันพฤหัสบดี  14:30-16:30,SC11-203,Q05-1,25,สกาวรัตน์ จงพัฒนากร* ,,,,,,,,,,,,,
02739211-64 การเขียนโปรแกรมคอมพิวเตอร์ (Computer Programming),3,2,700,วันจันทร์  13:00-15:00,LH2-205,Q05-2,52,,,,,,,ธีรานันต์ ธนาวัฒน์ภูวพัน* ,,,,,,,,,,,,,
,,,,,,,,1,711,วันอังคาร  13:00-15:00,SC9-401,Q05-2,52,ธีรานันต์ ธนาวัฒน์ภูวพัน* ,,,,,,,,,,,,,
,3,2,820,วันจันทร์  15:00-17:00,LH2-205,"Q05-2 , Q05-3",88,,,,,,,ธีรานันต์ ธนาวัฒน์ภูวพัน* ,,,,,,,,,,,,,
,,,,,,,,1,820,วันอังคาร  8:30-10:30,SC9-401,"Q05-2 , Q05-3",44,ธีรานันต์ ธนาวัฒน์ภูวพัน* ,,,,,,,,,,,,,
,,,,,,,,1,821,วันอังคาร  10:30-12:30,SC9-401,"Q05-2 , Q05-3",44,ธีรานันต์ ธนาวัฒน์ภูวพัน* ,,,,,,,,,,,,,
02739213-59 การเขียนโปรแกรมคอมพิวเตอร์ II (Computer Programming II),3,2,700,วันจันทร์  13:00-15:00,LH2-205,Q05-6,1,,,,,,,ธีรานันต์ ธนาวัฒน์ภูวพัน* ,,,,,,,,,,,,,
,,,,,,,,1,711,วันอังคาร  13:00-15:00,SC9-401,Q05-6,1,ธีรานันต์ ธนาวัฒน์ภูวพัน* ,,,,,,,,,,,,,
02739231-64 โครงสร้างข้อมูล (Data Structure),3,3,700,วันพฤหัสบดี  13:00-16:00,LH2-203,Q05-2,52,,,,,,,กนิษฐา ตั้งไทยขวัญ* ,,,,,,,,,,,,,
,3,3,820,วันพฤหัสบดี  9:00-12:00,LH2-203,"Q05-2 , Q05-3",90,,,,,,,กนิษฐา ตั้งไทยขวัญ* ,,,,,,,,,,,,,
,3,3,821,วันพฤหัสบดี  13:00-16:00,LH2-203,Q05-4,1,,,,,,,กนิษฐา ตั้งไทยขวัญ* ,,,,,,,,,,,,,
02739232-64 สถาปัตยกรรมระบบสารสนเทศเบื้องต้น (Introduction to Information System Architecture),3,3,700,"วันพุธ  8:30-10:00,วันพฤหัสบดี  16:00-17:30","LH2-203 , SC11-401",Q05-2,52,,,,,,,ปัญญาพร ปรางจโรจน์* ,,,,,,,,,,,,,
,3,3,820,วันศุกร์  13:00-16:00,LH2-201,"Q05-2 , Q05-3",110,,,,,,,ปัญญาพร ปรางจโรจน์* ,,,,,,,,,,,,,
02739243-64 นวัตกรรมและการแปรรูปทางดิจิทัล (Innovation and Digital Transformation),3,3,700,วันอังคาร  15:00-18:00,SC9-401,"Q05-2 , Q05-3",57,,,,,,,สุริยะ พินิจการ* ,,,,,,,,,,,,,
,3,3,820,วันพุธ  9:00-12:00,SC9-406,"Q05-2 , Q05-3",50,,,,,,,สุริยะ พินิจการ* ,,,,,,,,,,,,,
,3,3,821,วันพุธ  13:00-16:00,SC9-406,"Q05-2 , Q05-3",50,,,,,,,สุริยะ พินิจการ* ,,,,,,,,,,,,,
02739324-64 การออกแบบและพัฒนาเกมคอมพิวเตอร์ (Computer Game Design and Development),3,3,700,วันพฤหัสบดี  13:00-16:00,SC9-406,"Q05-4 , Q05-5",50,,,,,,,ปัญญาพร ปรางจโรจน์* ,,,,,,,,,,,,,
,3,3,820,วันพฤหัสบดี  9:00-12:00,SC9-401,Q05-4,62,,,,,,,ปัญญาพร ปรางจโรจน์* ,,,,,,,,,,,,,
,3,3,821,วันพฤหัสบดี  13:00-16:00,SC9-406,Q05-4,1,,,,,,,ปัญญาพร ปรางจโรจน์* ,,,,,,,,,,,,,
02739325-64 การประมวลผลสัญญาณและภาพดิจิทัล (Digital Signal and Image Processing),3,3,700,วันจันทร์  9:00-12:00,SC9-406,"Q05-4 , Q05-5",50,,,,,,,กนิษฐา ตั้งไทยขวัญ* ,,,,,,,,,,,,,
,3,3,820,วันพุธ  9:00-12:00,SC9-401,Q05-4,62,,,,,,,กนิษฐา ตั้งไทยขวัญ* ,,,,,,,,,,,,,
02739331-64 ระบบปฏิบัติการและซอฟต์แวร์ระบบ (Operating System and  System Software),3,3,700,"วันพุธ  8:00-10:00,วันพฤหัสบดี  8:00-9:00","SC11-401 , SC11-401",Q05-3,62,,,,,,,สกาวรัตน์ จงพัฒนากร* ,,,,,,,,,,,,,
,3,3,820,วันพฤหัสบดี  9:00-12:00,SC11-401,"Q05-3 , Q05-4",60,,,,,,,สกาวรัตน์ จงพัฒนากร* ,,,,,,,,,,,,,
02739341-64 ปัญญาประดิษฐ์เบื้องต้น (Introduction to Artificial Intelligence),3,3,700,"วันอังคาร  8:00-10:00,วันพุธ  18:40-19:40","SC11-401 , SC9-401","Q05-3 , Q05-4X",63,,,,,,,สกาวรัตน์ จงพัฒนากร* ,,,,,,,,,,,,,
,3,3,701,วันจันทร์  17:00-20:00,SC9-401,Q05-4,1,,,,,,,สกาวรัตน์ จงพัฒนากร* ,,,,,,,,,,,,,
,3,3,820,วันจันทร์  17:00-20:00,SC9-401,"Q05-3 , Q05-4",70,,,,,,,สกาวรัตน์ จงพัฒนากร* ,,,,,,,,,,,,,
02739342-64 การพัฒนาโปรแกรมประยุกต์สำหรับอุปกรณ์เคลื่อนที่ (Application Development for Mobile  Devices),3,3,700,วันจันทร์  9:00-12:00,SC9-401,Q05-3,61,,,,,,,ธีรานันต์ ธนาวัฒน์ภูวพัน* ,,,,,,,,,,,,,
,3,3,820,วันพฤหัสบดี  13:00-16:00,SC9-401,Q05-3,55,,,,,,,ธีรานันต์ ธนาวัฒน์ภูวพัน* ,,,,,,,,,,,,,
02739351-64 การสื่อสารข้อมูลและเครือข่ายคอมพิวเตอร์ (Data Communication and Computer Network),3,2,700,วันศุกร์  8:30-10:30,SC9-401,Q05-3,61,,,,,,,สุริยะ พินิจการ* ,,,,,,,,,,,,,
,,,,,,,,1,711,วันศุกร์  10:30-12:30,SC9-401,Q05-3,61,สุริยะ พินิจการ* ,,,,,,,,,,,,,
,3,2,820,วันจันทร์  14:30-16:30,SC9-406,Q05-3,55,,,,,,,สุริยะ พินิจการ* ,,,,,,,,,,,,,
,,,,,,,,1,820,วันอังคาร  13:00-15:00,SC9-406,Q05-3,55,สุริยะ พินิจการ* ,,,,,,,,,,,,,
02739353-64 การจัดการเทคโนโลยีสารสนเทศ (Information Technology Management),3,3,700,วันพุธ  13:00-16:00,LH2-206,Q05-3,61,,,,,,,ธีรานันต์ ธนาวัฒน์ภูวพัน* ,,,,,,,,,,,,,
,3,3,820,วันศุกร์  9:00-12:00,SC9-406,Q05-3,55,,,,,,,ธีรานันต์ ธนาวัฒน์ภูวพัน* ,,,,,,,,,,,,,
02739391-64 ระเบียบวิธีวิจัยพื้นฐานทางเทคโนโลยีสารสนเทศ (Basic Research Methods in Information Technology),1,1,700,วันพุธ  10:00-12:00,LH2-206,Q05-3,61,,,,,,,ปัญญาพร ปรางจโรจน์* ,,,,,,,,,,,,,
,1,1,820,วันอังคาร  10:30-12:30,SC9-406,Q05-3,55,,,,,,,ปัญญาพร ปรางจโรจน์* ,,,,,,,,,,,,,
02739397-64 สัมมนา (Seminar),1,1,700,วันอังคาร  13:00-15:00,SC11-401,Q05-3,61,,,,,,,ปัญญาพร ปรางจโรจน์* ,,,,,,,,,,,,,
,1,1,820,วันอังคาร  8:30-10:30,SC9-406,Q05-3,55,,,,,,,ปัญญาพร ปรางจโรจน์* ,,,,,,,,,,,,,
02739427-59 การออกแบบและพัฒนาเกมส์คอมพิวเตอร์ (Computer Games Design and Development),3,3,700,วันพฤหัสบดี  13:00-16:00,SC9-406,Q05-6,1,,,,,,,ปัญญาพร ปรางจโรจน์* ,,,,,,,,,,,,,
02739452-64 แพลตฟอร์มข้อมูลขนาดใหญ่และการวิเคราะห์ (Big Data Platform and Analytics),3,3,700,วันพุธ  16:00-19:00,SC9-406,Q05-4,48,,,,,,,สุริยะ พินิจการ* ,,,,,,,,,,,,,
,3,3,820,วันจันทร์  16:30-19:30,SC9-406,Q05-4,62,,,,,,,สุริยะ พินิจการ* ,,,,,,,,,,,,,
02739481-59 สัมมนาเชิงปฏิบัติการทางเทคโนโลยีสารสนเทศ I (Workshop in Information Technology I),1,1,700,วันศุกร์  13:00-15:00,SC9-406,Q05-6,1,,,,,,,กนิษฐา ตั้งไทยขวัญ* ,,,,,,,,,,,,,
02739498-59 ปัญหาพิเศษ (Special Problems),,,,,,,,3,711,วันพุธ  13:00-15:00,SC11-401,Q05-6,1,ปัญญาพร ปรางจโรจน์* ,,,,,,,,,,,,,
,,,,,,,,3,820,วันพุธ  15:00-17:00,SC11-401,Q05-6X,5,ปัญญาพร ปรางจโรจน์* ,,,,,,,,,,,,,
02739498-64 ปัญหาพิเศษ (Special Problems),,,,,,,,3,711,วันพุธ  13:00-15:00,SC11-401,"Q05-4 , Q05-5",48,ปัญญาพร ปรางจโรจน์* ,,,,,,,,,,,,,
,,,,,,,,3,820,วันพุธ  15:00-17:00,SC11-401,"Q05-4 , Q05-5",66,ปัญญาพร ปรางจโรจน์* ,,,,,,,,,,,,,
02739499-64 โครงงานทางด้านเทคโนโลยีสารสนเทศ (Information Technology Project),3,3,700,วันพฤหัสบดี  9:00-12:00,SC9-406,Q05-4,48,,,,,,,สุริยะ พินิจการ* ,,,,,,,,,,,,,
,3,3,820,วันศุกร์  13:00-16:00,SC9-401,Q05-4,62,,,,,,,สุริยะ พินิจการ* ,,,,,,,,,,,,,
02749241-65 การจัดการสินค้าคงคลัง (Inventory Management),3,3,700,วันอังคาร  13:00-16:00,KH80-206,"Q10-4 , Q10-5",86,,,,,,,ดำรงค์ ถาวร* ,,,,,,,,,,,,,
,3,3,825,วันอังคาร  9:00-12:00,KH80-206,Q10-4,57,,,,,,,ดำรงค์ ถาวร* ,,,,,,,,,,,,,
02750111-67 ความรู้เบื้องต้นทางรัฐศาสตร์ (Introduction to Political Science),3,3,700,วันจันทร์  13:00-16:00,LH3-305,"Q26-2 , Q22-1",95,,,,,,,ยุภาพร ต๊ะรังษี* ,,,,,,,,,,,,,
02750221-67 ปรัชญาการเมือง (Political Philosophy),3,3,700,วันอังคาร  13:00-16:00,LH2-304,"Q22-2 , Q26-2",88,,,,,,,พิมพ์ธรรม เอื้อเฟื้อ* ,,,,,,,,,,,,,
02750222-67 การเมืองและการปกครองไทย (Thai Politics and Government),3,3,700,วันอังคาร  9:00-12:00,LH3-305,"Q22-2 , Q26-2",88,,,,,,,ยุภาพร ต๊ะรังษี* ,,,,,,,,,,,,,
02750223-67 ทฤษฎีและแนวทางการศึกษาทางรัฐศาสตร์ (Theories and Approaches to Political Science),3,3,700,วันพุธ  9:00-12:00,SC9-509,Q22-2,88,,,,,,,ขนิษฐา สุขสง* ,,,,,,,,,,,,,
02750224-67 นโยบายสาธารณะ (Public Policy),3,3,700,วันจันทร์  9:00-12:00,LH2-206,Q22-2,88,,,,,,,พัชรา จตุรโกมล* ,,,,,,,,,,,,,
02750231-62 การเมืองระหว่างประเทศ (International Politics),3,3,700,วันจันทร์  13:00-16:00,LH3-207,"Q22-3 , Q22-4",10,,,,,,,กฤช วีรกุล* ,,,,,,,,,,,,,
02750241-67 การเมืองและการปกครองท้องถิ่น (Local Politics and Government),3,3,700,วันพฤหัสบดี  9:00-12:00,SC9-509,"Q22-2 , Q26-2",88,,,,,,,ศรัณย์ จิระพงษ์สุวรรณ* ,,,,,,,,,,,,,
02750251-62 เพศสภาพกับการเมือง (Gender and Politics),3,3,700,วันพุธ  9:00-12:00,SC14-618,"Q22-4 , Q22-5",70,,,,,,,พิมพ์ธรรม เอื้อเฟื้อ* ,,,,,,,,,,,,,
02750322-62 กฎหมายปกครองสำหรับรัฐศาสตร์ (Administrative Law for Political Science),3,3,700,วันพุธ  9:00-12:00,SC14-613,"Q22-3 , Q22-4",70,,,,,,,พีรพจน์ ปิ่นทองดี* ,,,,,,,,,,,,,
02750323-62 จริยธรรมและการจัดการปกครอง (Ethics and Governance),3,3,700,วันจันทร์  9:00-12:00,SC9-508,"Q22-3 , Q22-4",70,,,,,,,สุภณิดา พวงผกา* ,,,,,,,,,,,,,
02750324-62 ประชาธิปไตยและกระบวนการพัฒนาประชาธิปไตย (Democracy and Democratization Process),3,3,700,วันพฤหัสบดี  9:00-12:00,SC9-508,"Q22-3 , Q22-4",70,,,,,,,ยุภาพร ต๊ะรังษี* ,,,,,,,,,,,,,
02750325-62 องค์การและการจัดการภาครัฐ (Organization and Public Management),3,3,700,วันอังคาร  9:00-12:00,SC9-509,"Q22-3 , Q22-4",70,,,,,,,พัชรา จตุรโกมล* ,,,,,,,,,,,,,
02750331-62 การเมืองและการปกครองเปรียบเทียบ (Comparative Politics and Government),3,3,700,วันพฤหัสบดี  13:00-16:00,SC9-509,"Q22-3 , Q22-4",70,,,,,,,ศรัณย์ จิระพงษ์สุวรรณ* ,,,,,,,,,,,,,
02750337-62 องค์การระหว่างประเทศและกฎหมายระหว่างประเทศ (International Organizations and International Law),3,3,700,วันพุธ  13:00-16:00,SC9-508,"Q22-3 , Q22-4",70,,,,,,,กฤช วีรกุล* ,,,,,,,,,,,,,
02750341-62 การเมืองและการปกครองกับการพัฒนา (Politics and Government and Development),3,3,700,วันอังคาร  13:00-16:00,SC9-508,"Q22-3 , Q22-4",70,,,,,,,ขนิษฐา สุขสง* ,,,,,,,,,,,,,
"02750351-62 โลกาภิวัตน์กับการเปลี่ยนแปลงทางสังคม การเมือง และการปกครอง (Globalization and Social, Political and Governmental Change)",3,3,700,วันพฤหัสบดี  13:00-16:00,SC9-508,"Q22-4 , Q22-5",80,,,,,,,"ยุภาพร ต๊ะรังษี , สุภณิดา พวงผกา*  , กฤช วีรกุล",,,,,,,,,,,,,
02750352-62 ขบวนการเคลื่อนไหวทางสังคมและการเมือง (Social and Political Movement),3,3,700,วันพุธ  13:00-16:00,SC9-509,"Q22-4 , Q22-5",80,,,,,,,ขนิษฐา สุขสง* ,,,,,,,,,,,,,
02750353-62 การเมืองและการปกครองไทยสมัยใหม่ (Modern Thai Politics and Government),3,3,700,วันอังคาร  9:00-12:00,SC14-618,"Q22-4 , Q22-5",70,,,,,,,ศรัณย์ จิระพงษ์สุวรรณ* ,,,,,,,,,,,,,
02750431-62 สิทธิมนุษยชนกับการเมืองโลก (Human Rights and World Politics),3,3,700,วันพฤหัสบดี  9:00-12:00,SC14-618,"Q22-4 , Q22-5",70,,,,,,,กฤช วีรกุล* ,,,,,,,,,,,,,
02750497-62 สัมมนา (Seminar),1,1,700,วันศุกร์  10:00-12:00,SC9-508,"Q22-4 , Q22-5",14,,,,,,,สุภณิดา พวงผกา* ,,,,,,,,,,,,,
,1,1,701,วันศุกร์  10:00-12:00,SC9-508,"Q22-4 , Q22-5",14,,,,,,,กฤช วีรกุล* ,,,,,,,,,,,,,
,1,1,702,วันศุกร์  10:00-12:00,SC9-508,"Q22-4 , Q22-5",15,,,,,,,พิมพ์ธรรม เอื้อเฟื้อ* ,,,,,,,,,,,,,
,1,1,703,วันศุกร์  10:00-12:00,SC9-508,"Q22-4 , Q22-5",12,,,,,,,ขนิษฐา สุขสง* ,,,,,,,,,,,,,
,1,1,704,วันศุกร์  10:00-12:00,SC9-508,"Q22-4 , Q22-5",17,,,,,,,ยุภาพร ต๊ะรังษี* ,,,,,,,,,,,,,
,1,1,705,วันศุกร์  10:00-12:00,SC9-508,"Q22-4 , Q22-5",14,,,,,,,ศรัณย์ จิระพงษ์สุวรรณ* ,,,,,,,,,,,,,
ศึกษาศาสตร์,,,,,,,,,,,,,,,,,,,,,,,,,,,
01174231-67 นันทนาการเบื้องต้น (Introduction to Recreation),2,2,700,วันพฤหัสบดี  10:00-12:00,KH80-205,"F78-1 , F78-2",70,,,,,,,ธารินทร์ ก้านเหลือง* ,,,,,,,,,,,,,
01175113-67 เทนนิสเพื่อสุขภาพ (Tennis for Health),,,,,,,,1,711,วันอังคาร  16:30-18:30,T COURT,"F39-2 , F80-2 , A34-1 , A37-1 , A26-2 , A29-2 , A34-2 , E29-1 , E37-1 , E03-2 , E04-2 , E24-2 , Q05-1 , Q10-1 , Q28-1 , S02-1",40,ภาสพงศ์ ภิรมย์คำ* ,,,,,,,,,,,,,
,,,,,,,,1,712,วันพุธ  16:30-18:30,T COURT,"A34-1 , A37-1 , A26-2 , A29-2 , A34-2 , E29-1 , E37-1 , E03-2 , E04-2 , E24-2 , F39-2 , F80-2 , Q05-1 , Q10-1 , Q28-1 , S02-1",40,ภาสพงศ์ ภิรมย์คำ* ,,,,,,,,,,,,,
01175114-64 เทเบิลเทนนิสเพื่อสุขภาพ (Table Tennis for Health),,,,,,,,1,711,วันอังคาร  10:00-12:00,"EDS3-403,404","A34-1 , A37-1 , A26-2 , A29-2 , A34-2 , E29-1 , E37-1 , E03-2 , E04-2 , E24-2 , F39-2 , F80-2 , Q05-1 , Q10-1 , Q28-1 , S02-1",40,ต่อศักดิ์ แก้วจรัสวิไล* ,,,,,,,,,,,,,
,,,,,,,,1,800,ติดต่อผู้สอน,ติดต่อผู้สอน,"Q03-4 , Q03-5",5,ต่อศักดิ์ แก้วจรัสวิไล* ,,,,,,,,,,,,,
,,,,,,,,1,820,วันจันทร์  14:30-16:30,"EDS3-403,404",Q05-1,40,ต่อศักดิ์ แก้วจรัสวิไล* ,,,,,,,,,,,,,
01175118-67 แชร์บอลเพื่อสุขภาพ (Chair Ball for Health),,,,,,,,1,711,CLOSED,GYM 2,"A34-1 , A37-1 , A26-2 , A29-2 , A34-2 , E29-1 , E37-1 , E03-2 , E04-2 , E24-2 , F39-2 , F80-2 , Q05-1 , Q10-1 , Q28-1 , S02-1",40,สุดาวรรณ วุฒิชาติ* ,,,,,,,,,,,,,
01175119-67 เปตองเพื่อสุขภาพ (Petanque for Health),,,,,,,,1,711,วันพุธ  12:30-14:30,GYM 1,"A34-1 , A37-1 , A26-2 , A29-2 , A34-2 , E29-1 , E37-1 , E03-2 , E04-2 , E24-2 , F39-2 , F80-2 , Q05-1 , Q10-1 , Q28-1 , S02-1",40,ธีรนันท์ ตันพานิชย์* ,,,,,,,,,,,,,
,,,,,,,,1,712,วันพฤหัสบดี  10:00-12:00,GYM 1,"A34-1 , A37-1 , A26-2 , A29-2 , A34-2 , E29-1 , E37-1 , E03-2 , E04-2 , E24-2 , F39-2 , F80-2 , Q05-1 , Q10-1 , Q28-1 , S02-1",40,ธีรนันท์ ตันพานิชย์* ,,,,,,,,,,,,,
,,,,,,,,1,713,วันพฤหัสบดี  14:30-16:30,GYM 1,"A34-1 , A37-1 , A26-2 , A29-2 , A34-2 , E29-1 , E37-1 , E03-2 , E04-2 , E24-2 , F39-2 , F80-2 , Q05-1 , Q10-1 , Q28-1 , S02-1",40,สถาพร พาขุนทด* ,,,,,,,,,,,,,
01175121-67 บาสเกตบอลเพื่อสุขภาพ (Basketball for Health),,,,,,,,1,711,วันจันทร์  14:30-16:30,GYM 2,"A34-1 , A37-1 , A26-2 , A29-2 , A34-2 , E29-1 , E37-1 , E03-2 , E04-2 , E24-2 , F39-2 , F80-2 , Q05-1 , Q10-1 , Q28-1 , S02-1",40,สุดาวรรณ วุฒิชาติ* ,,,,,,,,,,,,,
,,,,,,,,1,712,วันอังคาร  12:30-14:30,GYM 2,"A34-1 , A37-1 , A26-2 , A29-2 , A34-2 , E29-1 , E37-1 , E03-2 , E04-2 , E24-2 , F39-2 , F80-2 , Q05-1 , Q10-1 , Q28-1 , S02-1",40,สุดาวรรณ วุฒิชาติ* ,,,,,,,,,,,,,
,,,,,,,,1,713,วันอังคาร  14:30-16:30,GYM 2,"A34-1 , A37-1 , A26-2 , A29-2 , A34-2 , E29-1 , E37-1 , E03-2 , E04-2 , E24-2 , F39-2 , F80-2 , Q05-1 , Q10-1 , Q28-1 , S02-1",40,สุดาวรรณ วุฒิชาติ* ,,,,,,,,,,,,,
,,,,,,,,1,861,วันอังคาร  16:30-18:30,GYM 2,"S02-1 , S02-2 , S02-3",45,สุดาวรรณ วุฒิชาติ* ,,,,,,,,,,,,,
01175123-67 วอลเลย์บอลเพื่อสุขภาพ (Volleyball for Health),,,,,,,,1,711,วันพุธ  14:30-16:30,GYM 2,"A34-1 , A37-1 , A26-2 , A29-2 , A34-2 , E29-1 , E37-1 , E03-2 , E04-2 , E24-2 , F39-2 , F80-2 , Q05-1 , Q10-1 , Q28-1 , S02-1",40,วิชนนท์ พูลศรี* ,,,,,,,,,,,,,
01175127-67 ฮอกกี้เพื่อสุขภาพ (Hockey for Health),,,,,,,,1,711,วันจันทร์  16:30-18:30, FB FLD 4,"A34-1 , A37-1 , A26-2 , A29-2 , A34-2 , E29-1 , E37-1 , E03-2 , E04-2 , E24-2 , F39-2 , F80-2 , Q05-1 , Q10-1 , Q28-1 , S02-1",40,สถาพร พาขุนทด* ,,,,,,,,,,,,,
01175141-64 การเต้นแอโรบิกเพื่อสุขภาพ (Aerobic Dance for Health),,,,,,,,1,711,วันจันทร์  12:30-14:30,EDS3-501,"A34-1 , A37-1 , A26-2 , A29-2 , A34-2 , E29-1 , E37-1 , E03-2 , E04-2 , E24-2 , F39-2 , F80-2 , Q05-1 , Q10-1 , Q28-1 , S02-1",30,ฐิติกมลสิริ ลาโพธิ์* ,,,,,,,,,,,,,
,,,,,,,,1,820,วันจันทร์  14:30-16:30,EDS3-501,Q05-1,40,ฐิติกมลสิริ ลาโพธิ์* ,,,,,,,,,,,,,
01175143-64 การเต้นลีลาศเพื่อสุขภาพ (Social Dance for Health),,,,,,,,1,711,วันจันทร์  10:00-12:00,EDS2-105,"A34-1 , A37-1 , A26-2 , A29-2 , A34-2 , E29-1 , E37-1 , E03-2 , E04-2 , E24-2 , F39-2 , F80-2 , Q05-1 , Q10-1 , Q28-1 , S02-1",30,ฐิติกมลสิริ ลาโพธิ์* ,,,,,,,,,,,,,
,,,,,,,,1,825,วันอังคาร  10:00-12:00,EDS2-105,"Q10-1 , Q10-2 , Q10-3",50,ฐิติกมลสิริ ลาโพธิ์* ,,,,,,,,,,,,,
01175153-67 ศิลปะการป้องกันตัวและการต่อสู้ด้วยมวยไทย (Martial Art with Thai Boxing),,,,,,,,1,711,วันจันทร์  10:00-12:00,EDS3-ชั้น 5 ลานมวย,"A34-1 , A37-1 , A26-2 , A29-2 , A34-2 , E29-1 , E37-1 , E03-2 , E04-2 , E24-2 , F39-2 , F80-2 , Q05-1 , Q10-1 , Q28-1 , S02-1",40,ต่อศักดิ์ แก้วจรัสวิไล* ,,,,,,,,,,,,,
,,,,,,,,1,712,วันอังคาร  12:30-14:30,EDS3-ชั้น 5 ลานมวย,"A34-1 , A37-1 , A26-2 , A29-2 , A34-2 , E29-1 , E37-1 , E03-2 , E04-2 , E24-2 , F39-2 , F80-2 , Q05-1 , Q10-1 , Q28-1 , S02-1",40,ต่อศักดิ์ แก้วจรัสวิไล* ,,,,,,,,,,,,,
01175163-67 กอล์ฟเพื่อสุขภาพ (Golf for Health),,,,,,,,1,711,วันพุธ  8:00-10:00,G COURT,"A34-1 , A37-1 , A26-2 , A29-2 , A34-2 , E29-1 , E37-1 , E03-2 , E04-2 , E24-2 , F39-2 , F80-2 , Q05-1 , Q10-1 , Q28-1 , S02-1",40,กรกริช เชาว์พานิช* ,,,,,,,,,,,,,
,,,,,,,,1,712,วันพุธ  10:00-12:00,G COURT,"A34-1 , A37-1 , A26-2 , A29-2 , A34-2 , E29-1 , E37-1 , E03-2 , E04-2 , E24-2 , F39-2 , F80-2 , Q05-1 , Q10-1 , Q28-1 , S02-1",40,กรกริช เชาว์พานิช* ,,,,,,,,,,,,,
,,,,,,,,1,713,วันพุธ  12:30-14:30,G COURT,"A34-1 , A37-1 , A26-2 , A29-2 , A34-2 , E29-1 , E37-1 , E03-2 , E04-2 , E24-2 , F39-2 , F80-2 , Q05-1 , Q10-1 , Q28-1 , S02-1",40,กรกริช เชาว์พานิช* ,,,,,,,,,,,,,
,,,,,,,,1,714,วันพฤหัสบดี  14:30-16:30,G COURT,"A34-1 , A37-1 , A26-2 , A29-2 , A34-2 , E29-1 , E37-1 , E03-2 , E04-2 , E24-2 , F39-2 , F80-2 , Q05-1 , Q10-1 , Q28-1 , S02-1",40,กรกริช เชาว์พานิช* ,,,,,,,,,,,,,
01175165-67 การฝึกด้วยน้ำหนักเพื่อสุขภาพ (Weight Training for Health),,,,,,,,1,711,วันจันทร์  8:00-10:00,EDS-Weight,"A34-1 , A37-1 , A26-2 , A29-2 , A34-2 , E29-1 , E37-1 , E03-2 , E04-2 , E24-2 , F39-2 , F80-2 , Q05-1 , Q10-1 , Q28-1 , S02-1",40,ศุภวรรณ วงศ์สร้างทรัพย์* ,,,,,,,,,,,,,
,,,,,,,,1,712,วันจันทร์  10:00-12:00,EDS-Weight,"A34-1 , A37-1 , A26-2 , A29-2 , A34-2 , E29-1 , E37-1 , E03-2 , E04-2 , E24-2 , F39-2 , F80-2 , Q05-1 , Q10-1 , Q28-1 , S02-1",40,ศุภวรรณ วงศ์สร้างทรัพย์* ,,,,,,,,,,,,,
,,,,,,,,1,713,วันจันทร์  12:30-14:30,EDS-Weight,"A34-1 , A37-1 , A26-2 , A29-2 , A34-2 , E29-1 , E37-1 , E03-2 , E04-2 , E24-2 , F39-2 , F80-2 , Q05-1 , Q10-1 , Q28-1 , S02-1",40,ศุภวรรณ วงศ์สร้างทรัพย์* ,,,,,,,,,,,,,
,,,,,,,,1,714,วันอังคาร  12:30-14:30,EDS-Weight,"A34-1 , A37-1 , A26-2 , A29-2 , A34-2 , E29-1 , E37-1 , E03-2 , E04-2 , E24-2 , F39-2 , F80-2 , Q05-1 , Q10-1 , Q28-1 , S02-1",40,ภาสพงศ์ ภิรมย์คำ* ,,,,,,,,,,,,,
,,,,,,,,1,715,วันพุธ  10:00-12:00,EDS-Weight,"A34-1 , A37-1 , A26-2 , A29-2 , A34-2 , E29-1 , E37-1 , E03-2 , E04-2 , E24-2 , F39-2 , F80-2 , Q05-1 , Q10-1 , Q28-1 , S02-1 , H08-4 , H09-4 , H08-3 , H09-3",40,ภาสพงศ์ ภิรมย์คำ* ,,,,,,,,,,,,,
,,,,,,,,1,716,วันพฤหัสบดี  12:30-14:30,EDS-Weight,"A34-1 , A37-1 , A26-2 , A29-2 , A34-2 , E29-1 , E37-1 , E03-2 , E04-2 , E24-2 , F39-2 , F80-2 , Q05-1 , Q10-1 , Q28-1 , S02-1",40,ศิริชัย ศรีพรหม* ,,,,,,,,,,,,,
,,,,,,,,1,717,วันพฤหัสบดี  14:30-16:30,EDS-Weight,"A34-1 , A37-1 , A26-2 , A29-2 , A34-2 , E29-1 , E37-1 , E03-2 , E04-2 , E24-2 , F39-2 , F80-2 , Q05-1 , Q10-1 , Q28-1 , S02-1",40,ศิริชัย ศรีพรหม* ,,,,,,,,,,,,,
,,,,,,,,1,820,วันจันทร์  14:30-16:30,EDS-Weight,Q05-1,40,ศุภวรรณ วงศ์สร้างทรัพย์* ,,,,,,,,,,,,,
,,,,,,,,1,825,วันอังคาร  10:00-12:00,EDS-Weight,"Q10-1 , Q10-2 , Q10-3 , Q10-5",50,ภาสพงศ์ ภิรมย์คำ* ,,,,,,,,,,,,,
,,,,,,,,1,826,วันอังคาร  8:00-10:00,EDS-WIGHT,"Q10-1 , Q10-2 , Q10-3",40,ภาสพงศ์ ภิรมย์คำ* ,,,,,,,,,,,,,
,,,,,,,,1,845,วันพุธ  8:00-10:00,EDS-WEIGHT,"E03-2 , E02 , E03",40,สุดาวรรณ วุฒิชาติ* ,,,,,,,,,,,,,
,,,,,,,,1,855,ติดต่อผู้สอน,ติดต่อผู้สอน,"H11-2 , H08-3",10,ภาสพงศ์ ภิรมย์คำ* ,,,,,,,,,,,,,
,,,,,,,,1,870,ติดต่อผู้สอน,ติดต่อผู้สอน,H01-4,3,สุดาวรรณ วุฒิชาติ* ,,,,,,,,,,,,,
01175168-67 การวิ่งเหยาะเพื่อสุขภาพ (Jogging for Health),,,,,,,,1,711,วันพุธ  16:30-18:30,FB FLD 2,"A34-1 , A37-1 , A26-2 , A29-2 , A34-2 , E29-1 , E37-1 , E03-2 , E04-2 , E24-2 , F39-2 , F80-2 , Q05-1 , Q10-1 , Q28-1 , S02-1",40,ธารินทร์ ก้านเหลือง* ,,,,,,,,,,,,,
,,,,,,,,1,712,วันพุธ  16:30-18:30,สระพระพิรุณ,"A34-1 , A37-1 , A26-2 , A29-2 , A34-2 , E29-1 , E37-1 , E03-2 , E04-2 , E24-2 , F39-2 , F80-2 , Q05-1 , Q10-1 , Q28-1 , S02-1",40,วิชนนท์ พูลศรี* ,,,,,,,,,,,,,
,,,,,,,,1,713,วันพฤหัสบดี  8:00-10:00,FB FLD 2,"A34-1 , A37-1 , A26-2 , A29-2 , A34-2 , E29-1 , E37-1 , E03-2 , E04-2 , E24-2 , F39-2 , F80-2 , Q05-1 , Q10-1 , Q28-1 , S02-1",40,ธารินทร์ ก้านเหลือง* ,,,,,,,,,,,,,
01177141-67 การแสวงหาความรู้ (Knowledge Acquisition),3,3,700,วันอังคาร  9:00-12:00,LH2-302,"H13-1 , H12-1",300,,,,,,,สุรศักดิ์ บุญประสิทธิ์* ,,,,,,,,,,,,,
,3,3,701,วันอังคาร  13:00-16:00,SILLH105,"H10-1 , H10-3",240,,,,,,,สุรศักดิ์ บุญประสิทธิ์* ,,,,,,,,,,,,,
,3,3,878,วันศุกร์  13:00-16:00,LH2-304,"H07-2 , H13-1",200,,,,,,,สุรศักดิ์ บุญประสิทธิ์* ,,,,,,,,,,,,,
,3,3,880,วันจันทร์  9:00-12:00,SILLH102,"H08-3 , H10-1",118,,,,,,,สุรศักดิ์ บุญประสิทธิ์* ,,,,,,,,,,,,,
ศึกษาศาสตร์และพัฒนศาสตร์,,,,,,,,,,,,,,,,,,,,,,,,,,,
02161363-62 การปฏิบัติการสอนในสถานศึกษา III (Teaching Practicum in School III),,,,,,,,2,711,ยังไม่มีการกำหนดวัน-เวลาเรียน,ยังไม่มีการกำหนดห้องเรียน,"F77-4 , F77",100,"ศุภวรรณ วงศ์สร้างทรัพย์*  , สมบุญ ศิลป์รุ่งธรรม , ศิริชัย ศรีพรหม , ฐิติกมลสิริ ลาโพธิ์ , ต่อศักดิ์ แก้วจรัสวิไล , ธารินทร์ ก้านเหลือง , วิชนนท์ พูลศรี , ธีรนันท์ ตันพานิชย์ , อัจฉรา ปุราคม , ภาสพงศ์ ภิรมย์คำ , กรกริช เชาว์พานิช , สุดาวรรณ วุฒิชาติ",,,,,,,,,,,,,
,,,,,,,,2,712,ติดต่อผู้สอน,ติดต่อผู้สอน,"F78-4 , F78",65,"จิราภรณ์ กาแก้ว*  , ทัศนีย์ จันติยะ , สุภิญญา ปัญญาสีห์ , ธนกร สันทนตานนท์ , โชคชัย เตโช , ปิยรัตน์ บุณยรัตนกลิน , ภัทร์ศรัณย์ ธนัชญาอิศม์เดช , อุมาพร คงรุ่งเรือง",,,,,,,,,,,,,
,,,,,,,,2,713,ติดต่อผู้สอน,ติดต่อผู้สอน,F79-4,41,"กิตติพันธ์ วิบุลศิลป์*  , พินดา วราสุนันท์ , กนิษฐา เชาว์วัฒนกุล , วสันต์ เดือนแจ้ง , วุฒินันท์ ไอยราพัฒนา , สิริมา ศิริฤกษ์",,,,,,,,,,,,,
,,,,,,,,2,714,ติดต่อผู้สอน,ติดต่อผู้สอน,F80-4,50,"วิทัศน์ ฝักเจริญผล*  , กุลธิดา นุกูลธรรม , ทัศตริน วรรณเกตุศิริ , นันทรัตน์ เครืออินทร์ , ศิริพร เครือทอง , กิติศาอร เหล่าเหมมณี , รุจิราพร รามศิริ , ภารดี กล่อมดี , มินตรา สิงหนาค , สุนิสา ทับแสง , สุพัตรา ฝ่ายขันธ์",,,,,,,,,,,,,
,,,,,,,,2,715,ยังไม่มีการกำหนดวัน-เวลาเรียน,ยังไม่มีการกำหนดห้องเรียน,F81-4,10,"อภิชาติ ใจอารีย์ , พัชราภา กล้าหาญ*  , อิสรีย์ ทรัพย์นุ้ย , อรวรรณ บุญทัน",,,,,,,,,,,,,
02161463-62 การปฏิบัติการสอนในสถานศึกษา IV (Teaching Practicum in School IV),,,,,,,,6,712,ติดต่อผู้สอน,ติดต่อผู้สอน,"F77 , F78",15,"จิราภรณ์ กาแก้ว , ศุภวรรณ วงศ์สร้างทรัพย์* ",,,,,,,,,,,,,
02162111-67 คณิตศาสตร์พื้นฐานในการจัดการเรียนรู้ I (Basic Mathematics in Learning  Management I),3,3,700,"วันอังคาร  14:00-15:30,วันพฤหัสบดี  14:30-16:00","EDS3-302 , EDS3-302",F79-1,30,,,,,,,"กิตติพันธ์ วิบุลศิลป์*  , วุฒินันท์ ไอยราพัฒนา , วัฒนา มณีวงศ์ , ณัฐกฤตา ฉันทรัชดา",,,,,,,,,,,,,
,3,3,701,ติดต่อผู้สอน,ติดต่อผู้สอน,F79-1,30,,,,,,,"กิตติพันธ์ วิบุลศิลป์*  , วุฒินันท์ ไอยราพัฒนา , วัฒนา มณีวงศ์",,,,,,,,,,,,,
02162321-62 โครงงานคณิตศาสตร์ (Mathematics  Project),3,2,700,ติดต่อผู้สอน,ติดต่อผู้สอน,F79-4,30,,,,,,,กิตติพันธ์ วิบุลศิลป์* ,,,,,,,,,,,,,
,,,,,,,,1,711,ติดต่อผู้สอน,ติดต่อผู้สอน,F79-4,30,กิตติพันธ์ วิบุลศิลป์* ,,,,,,,,,,,,,
02162324-62 การจัดการเรียนรู้คณิตศาสตร์ I (Mathematics Learning Management I),3,3,700,วันพุธ  9:00-12:00,EDS3-307,-,30,,,,,,,พินดา วราสุนันท์* ,,,,,,,,,,,,,
02162422-62 คณิตศาสตร์กับการแก้ปัญหา (Mathematics and Problem Solving),3,3,700,ติดต่อผู้สอน,ไม่ได้ใช้ห้องเรียน,F79-4,30,,,,,,,วสันต์ เดือนแจ้ง* ,,,,,,,,,,,,,
02162491-62 การวิจัยปฏิบัติการในชั้นเรียนทางคณิตศาสตร์ศึกษา (Classroom Action Research in Mathematics Education),3,3,700,ติดต่อผู้สอน,ติดต่อผู้สอน,F79-4,30,,,,,,,พินดา วราสุนันท์* ,,,,,,,,,,,,,
02163271-62 โครงงานเสริมประสบการณ์ภาษาอังกฤษ (Experiential English Project),3,2,700,วันจันทร์  8:30-10:30,EDS3-401,"F78-3 , F78-4",80,,,,,,,จิราภรณ์ กาแก้ว* ,,,,,,,,,,,,,
,,,,,,,,1,711,วันพุธ  8:30-10:30,EDS3-401,"F78-3 , F78-4",80,จิราภรณ์ กาแก้ว* ,,,,,,,,,,,,,
02163312-67 การสอนวรรณกรรมภาษาอังกฤษ (Teaching English Literature),3,2,700,วันพุธ  13:00-15:00,EDS3-401,F78-1,60,,,,,,,สุภิญญา ปัญญาสีห์* ,,,,,,,,,,,,,
,,,,,,,,1,711,วันพุธ  15:00-17:00,EDS3-401,F78-1,60,สุภิญญา ปัญญาสีห์* ,,,,,,,,,,,,,
02163322-62 ภาษาศาสตร์ประยุกต์สำหรับครู (Applied  Linguistics  for  Teachers),3,2,700,ติดต่อผู้สอน,ติดต่อผู้สอน,F78-3,5,,,,,,,ธนกร สันทนตานนท์* ,,,,,,,,,,,,,
,,,,,,,,1,711,ติดต่อผู้สอน,ไม่ได้ใช้ห้องเรียน,-,5,ธนกร สันทนตานนท์* ,,,,,,,,,,,,,
02163322-67 ภาษาศาสตร์ประยุกต์สำหรับครู (Applied  Linguistics  for  Teachers),3,2,700,วันจันทร์  13:00-15:00,EDS3-306,F78-2,30,,,,,,,ธนกร สันทนตานนท์* ,,,,,,,,,,,,,
,3,2,701,วันจันทร์  15:00-17:00,EDS3-306,F78-2,35,,,,,,,ธนกร สันทนตานนท์* ,,,,,,,,,,,,,
,,,,,,,,1,711,วันพุธ  13:00-15:00,EDS3-306,F78-2,30,ธนกร สันทนตานนท์* ,,,,,,,,,,,,,
,,,,,,,,1,712,วันพุธ  15:00-17:00,EDS3-306,F78-2,35,ธนกร สันทนตานนท์* ,,,,,,,,,,,,,
02163323-62 การจัดการเรียนรู้ภาษาอังกฤษ I (English Learning Management I),3,2,700,วันศุกร์  13:00-15:00,EDS3-301,F78-3,60,,,,,,,จิราภรณ์ กาแก้ว* ,,,,,,,,,,,,,
,,,,,,,,1,711,วันศุกร์  15:00-17:00,EDS3-301,F78-3,20,จิราภรณ์ กาแก้ว* ,,,,,,,,,,,,,
,,,,,,,,1,712,วันศุกร์  15:00-17:00,EDS3-309,F78-3,20,"ทัศนีย์ จันติยะ*  , โชคชัย เตโช",,,,,,,,,,,,,
,,,,,,,,1,713,วันศุกร์  15:00-17:00,EDS3-307,F78-3,20,"สุภิญญา ปัญญาสีห์*  , ธนกร สันทนตานนท์",,,,,,,,,,,,,
02163331-62 สื่อและเทคโนโลยีเพื่อการสอนภาษาอังกฤษ (Media and Technology for English Teaching),3,2,700,วันอังคาร  13:00-15:00,EDS3-401,F78-3,60,,,,,,,"ทัศนีย์ จันติยะ*  , โชคชัย เตโช , ระวีวรรณ สระทองอั๋น , เอกพันธ์ สุทธิอุทธรณ์ , ปริวัตร สมบัติ",,,,,,,,,,,,,
,,,,,,,,1,711,ยังไม่มีการกำหนดวัน-เวลาเรียน,ยังไม่มีการกำหนดห้องเรียน,F78-3,60,"ทัศนีย์ จันติยะ*  , โชคชัย เตโช , ระวีวรรณ สระทองอั๋น , เอกพันธ์ สุทธิอุทธรณ์ , ปริวัตร สมบัติ",,,,,,,,,,,,,
02163424-62 การจัดการเรียนรู้ภาษาอังกฤษสำหรับผู้เรียนปฐมวัย (English Learning Management for Pre-school Learners),3,2,700,ยังไม่มีการกำหนดวัน-เวลาเรียน,ยังไม่มีการกำหนดห้องเรียน,F78-4,60,,,,,,,"ทัศนีย์ จันติยะ*  , โชคชัย เตโช",,,,,,,,,,,,,
,,,,,,,,1,711,ยังไม่มีการกำหนดวัน-เวลาเรียน,ยังไม่มีการกำหนดห้องเรียน,F78-4,60,"ทัศนีย์ จันติยะ*  , โชคชัย เตโช",,,,,,,,,,,,,
02163491-62 การวิจัยเชิงปฏิบัติการในชั้นเรียนทางภาษาอังกฤษ (Classroom Action Research in English),2,1,700,ยังไม่มีการกำหนดวัน-เวลาเรียน,ยังไม่มีการกำหนดห้องเรียน,F78-4,60,,,,,,,ธนกร สันทนตานนท์* ,,,,,,,,,,,,,
,,,,,,,,1,711,ยังไม่มีการกำหนดวัน-เวลาเรียน,ยังไม่มีการกำหนดห้องเรียน,-,60,ธนกร สันทนตานนท์* ,,,,,,,,,,,,,
02164113-67 การปฏิบัติการทางวิทยาศาสตร์สำหรับประถมศึกษาและมัธยมศึกษาตอนต้น (Basic Science Laboratory for Elementary and Lower Secondary  Level),3,2,700,วันพฤหัสบดี  13:00-15:00,EDS3-202,F80-1,30,,,,,,,ศิริพร เครือทอง* ,,,,,,,,,,,,,
,3,2,701,วันศุกร์  13:00-15:00,EDS3-202,F80-1,60,,,,,,,ศิริพร เครือทอง* ,,,,,,,,,,,,,
,,,,,,,,1,711,วันพฤหัสบดี  15:00-17:00,EDS3-202,F80-1,30,ศิริพร เครือทอง* ,,,,,,,,,,,,,
,,,,,,,,1,712,วันศุกร์  15:00-17:00,EDS3-202,F80-1,30,ศิริพร เครือทอง* ,,,,,,,,,,,,,
02164321-62 การจัดการเรียนรู้วิทยาศาสตร์ I (Learning Management in Science I),3,2,700,วันพุธ  8:00-10:00,EDS3-309,F80-3,23,,,,,,,ทัศตริน วรรณเกตุศิริ* ,,,,,,,,,,,,,
,3,2,701,วันพุธ  8:00-10:00,EDS3-204,F80-3,23,,,,,,,วิทัศน์ ฝักเจริญผล* ,,,,,,,,,,,,,
,,,,,,,,1,711,วันพุธ  10:00-12:00,EDS3-309,F80-3,23,ทัศตริน วรรณเกตุศิริ* ,,,,,,,,,,,,,
,,,,,,,,1,712,วันพุธ  10:00-12:00,EDS3-204,F80-3,23,วิทัศน์ ฝักเจริญผล* ,,,,,,,,,,,,,
02164322-62 การจัดการเรียนรู้วิทยาศาสตร์ II (Learning Management in Science II),,,,,,,,3,711,ติดต่อผู้สอน,ติดต่อผู้สอน,F80-4,10,วิทัศน์ ฝักเจริญผล* ,,,,,,,,,,,,,
02164332-62 เทคโนโลยีสารสนเทศและการสื่อสารสำหรับการจัดการเรียนรู้วิทยาศาสตร์ (Information and Communication Technology for Science Learning  Management),3,2,700,วันพฤหัสบดี  13:00-15:00,ติดต่อผู้สอน,F80-4,10,,,,,,,วิทัศน์ ฝักเจริญผล* ,,,,,,,,,,,,,
,,,,,,,,1,711,วันพฤหัสบดี  15:00-17:00,ติดต่อผู้สอน,F80-4,10,วิทัศน์ ฝักเจริญผล* ,,,,,,,,,,,,,
02164491-62 การวิจัยและพัฒนานวัตกรรมสำหรับการเรียนรู้วิทยาศาสตร์ (Research and Development of Innovation for  Science Learning),3,2,700,วันศุกร์  13:00-15:00,ติดต่อผู้สอน,F80-4,25,,,,,,,"นันทรัตน์ เครืออินทร์*  , วิทัศน์ ฝักเจริญผล",,,,,,,,,,,,,
,3,2,701,วันศุกร์  13:00-15:00,ติดต่อผู้สอน,F80-4,25,,,,,,,"ทัศตริน วรรณเกตุศิริ*  , กุลธิดา นุกูลธรรม",,,,,,,,,,,,,
,,,,,,,,1,711,วันศุกร์  15:00-17:00,ติดต่อผู้สอน,F80-4,25,"นันทรัตน์ เครืออินทร์*  , วิทัศน์ ฝักเจริญผล",,,,,,,,,,,,,
,,,,,,,,1,712,วันศุกร์  15:00-17:00,ติดต่อผู้สอน,F80-4,25,"ทัศตริน วรรณเกตุศิริ*  , กุลธิดา นุกูลธรรม",,,,,,,,,,,,,
02164497-62 สัมมนาทางวิทยาศาสตร์ศึกษา (Seminar in Science Education),1,1,700,ติดต่อผู้สอน,ติดต่อผู้สอน,F80-4,25,,,,,,,ศิริพร เครือทอง* ,,,,,,,,,,,,,
02181111-64 เกษตรและสิ่งแวดล้อมศึกษาเบื้องต้น (Introduction to Agricultural and Environmental Education),3,3,700,วันจันทร์  13:00-16:00,ติดต่อผู้สอน,F39-1,100,,,,,,,"นิรันดร์ ยิ่งยวด*  , จุฑาทิพย์ ถาวรรัตน์ , อารีรัตน์ ภาคพิธเจริญ",,,,,,,,,,,,,
02181161-64 ประสบการณ์พื้นฐานทางเกษตรและสิ่งแวดล้อมศึกษา (Basic Experiences in Agricultural and Environmental Education),,,,,,,,1,711,วันศุกร์  9:00-12:00,ติดต่อผู้สอน,F39-1,100,นิรันดร์ ยิ่งยวด* ,,,,,,,,,,,,,
02181261-64 ประสบการณ์วิชาชีพทางเกษตรและสิ่งแวดล้อมศึกษา I (Field Experiences in Agricultural and Environmental Education I),,,,,,,,1,711,วันอังคาร  13:00-16:00,ติดต่อผู้สอน,F39-2,40,"พัชราภา กล้าหาญ*  , ประสงค์ ตันพิชัย",,,,,,,,,,,,,
02181262-64 ประสบการณ์วิชาชีพทางเกษตรและสิ่งแวดล้อมศึกษา II (Field Experiences in Agricultural and Environmental Education II),,,,,,,,1,711,วันอังคาร  13:00-16:00,ติดต่อผู้สอน,F39-2,40,"อรวรรณ บุญทัน*  , สันติ ศรีสวนแตง , อภิชาติ ใจอารีย์ , ประสงค์ ตันพิชัย",,,,,,,,,,,,,
02181311-64 ความเป็นกลางทางคาร์บอนภาคการเกษตร (Carbon Neutrality in Agricultural Sector),3,2,700,ยังไม่มีการกำหนดวัน-เวลาเรียน,ยังไม่มีการกำหนดห้องเรียน,"F39-3 , F39-4 , F81-3",50,,,,,,,"พัชราภา กล้าหาญ*  , อิสรีย์ ทรัพย์นุ้ย , อรวรรณ บุญทัน",,,,,,,,,,,,,
,,,,,,,,1,711,ยังไม่มีการกำหนดวัน-เวลาเรียน,ยังไม่มีการกำหนดห้องเรียน,"F39-3 , F39-4 , F81-4",50,"พัชราภา กล้าหาญ*  , อิสรีย์ ทรัพย์นุ้ย , อรวรรณ บุญทัน",,,,,,,,,,,,,
02181332-64 สื่อสร้างสรรค์ทางการเกษตรและสิ่งแวดล้อมศึกษา (Creative Media in Agricultural and Environmental Education),3,2,700,วันจันทร์  8:00-10:00,LH3-201,F39-3,30,,,,,,,อารีรัตน์ ภาคพิธเจริญ* ,,,,,,,,,,,,,
,,,,,,,,1,711,วันพฤหัสบดี  8:30-10:30,ติดต่อผู้สอน,F39-3,30,อารีรัตน์ ภาคพิธเจริญ* ,,,,,,,,,,,,,
02181333-64 การประยุกต์คอมพิวเตอร์ทางเกษตรและสิ่งแวดล้อมศึกษา (Computer Application in Agricultural and Environmental Education),3,2,700,วันจันทร์  16:00-18:00,ติดต่อผู้สอน,F39-2,45,,,,,,,"ศุภรักษ์ อธิคมสุวรรณ*  , อภิญญา อุดมเวช",,,,,,,,,,,,,
,,,,,,,,1,711,วันพฤหัสบดี  16:00-18:00,EDS3-107,F39-2,45,"ศุภรักษ์ อธิคมสุวรรณ*  , อภิญญา อุดมเวช",,,,,,,,,,,,,
02181351-64 การประเมินการจัดการศึกษาทางเกษตรและสิ่งแวดล้อม (Evaluation of Educational Provision in Agriculture and Environment),3,2,700,วันจันทร์  16:00-18:00,LH4-610,F39-2,45,,,,,,,จุฑาทิพย์ ถาวรรัตน์* ,,,,,,,,,,,,,
,,,,,,,,1,711,วันศุกร์  16:00-18:00,LH4-610,F39-2,45,จุฑาทิพย์ ถาวรรัตน์* ,,,,,,,,,,,,,
02181352-64 การประเมินผลกระทบทางสังคมและสิ่งแวดล้อม (Social and Environmental Impact Assesment),3,3,700,วันอังคาร  9:00-12:00,ติดต่อผู้สอน,F39-3,30,,,,,,,อภิญญา อุดมเวช* ,,,,,,,,,,,,,
02181361-64 ประสบการณ์วิชาชีพทางเกษตรและสิ่งแวดล้อมศึกษา III (Field Experiences in Agricultural and Environmental Education III),,,,,,,,1,711,วันพฤหัสบดี  13:00-16:00,ติดต่อผู้สอน,F39-3,15,นิรันดร์ ยิ่งยวด* ,,,,,,,,,,,,,
,,,,,,,,1,712,วันพฤหัสบดี  13:00-16:00,ติดต่อผู้สอน,F39-3,15,พัชราภา กล้าหาญ* ,,,,,,,,,,,,,
,,,,,,,,1,713,วันพฤหัสบดี  13:00-16:00,ติดต่อผู้สอน,F39-3,15,อรวรรณ บุญทัน* ,,,,,,,,,,,,,
02181390-64 การเตรียมความพร้อมสหกิจศึกษา (Cooperative Education Preparation),1,1,711,ติดต่อผู้สอน,ติดต่อผู้สอน,F39-4,30,,,,,,,"อรวรรณ บุญทัน*  , อิสรีย์ ทรัพย์นุ้ย , นิรันดร์ ยิ่งยวด",,,,,,,,,,,,,
02181411-64 การพัฒนาทรัพยากรมนุษย์และชุมชนทางเกษตรและสิ่งแวดล้อมศึกษา (Human and Community Resources Development in Agricultural and Environmental Education),3,3,700,วันพฤหัสบดี  13:00-16:00,ติดต่อผู้สอน,F39-4,30,,,,,,,"ศุภรักษ์ อธิคมสุวรรณ*  , อภิชาติ ใจอารีย์",,,,,,,,,,,,,
02181412-64 การพัฒนาการศึกษาเกษตรและสิ่งแวดล้อมแบบองค์รวม (Holistic Agricultural and Environmental Education Development),3,3,700,วันศุกร์  13:00-16:00,ติดต่อผู้สอน,F39-4,30,,,,,,,อรวรรณ บุญทัน* ,,,,,,,,,,,,,
02181422-64 การจัดการศึกษาทางเกษตรและสิ่งแวดล้อมในชุมชน (Agricultural and Environmental Education Provision in Community),3,3,700,วันศุกร์  13:00-16:00,LH3-206,F39-3,30,,,,,,,สุภาสิณี นุ่มเนียม* ,,,,,,,,,,,,,
02181441-64 การวางแผนโครงการและกิจกรรมทางเกษตรและสิ่งแวดล้อมศึกษา (Planning of Programs and Activities in Agricultural and Environmental Education),3,3,700,วันจันทร์  9:00-12:00,AG-ED3,F39-4,30,,,,,,,"ประสงค์ ตันพิชัย*  , อิสรีย์ ทรัพย์นุ้ย , อรวรรณ บุญทัน",,,,,,,,,,,,,
02181461-64 ประสบการณ์วิชาชีพทางเกษตรและสิ่งแวดล้อมศึกษา V (Field Experiences in Agricultural and Environmental Education V),,,,,,,,2,711,วันอังคาร  14:00-17:00,ติดต่อผู้สอน,F39-4,57,"นิรันดร์ ยิ่งยวด*  , อรวรรณ บุญทัน",,,,,,,,,,,,,
02181471-64 การจัดการสิ่งแวดล้อมในชุมชน (Environmental Management in Community),3,3,700,ยังไม่มีการกำหนดวัน-เวลาเรียน,ยังไม่มีการกำหนดห้องเรียน,F39-4,35,,,,,,,"อภิชาติ ใจอารีย์*  , ไพทูล คำคอนสาร , อุดมพร บุญชู",,,,,,,,,,,,,
02181472-64 นิเวศวิทยาทางการเกษตร (Agricultural Ecology),3,3,700,ยังไม่มีการกำหนดวัน-เวลาเรียน,ยังไม่มีการกำหนดห้องเรียน,F39-4,30,,,,,,,พัชราภา กล้าหาญ* ,,,,,,,,,,,,,
02181481-64 ค่านิยมและจริยธรรมทางเกษตรและสิ่งแวดล้อม (Value and Ethics in Agriculture and Environment),3,3,700,วันพุธ  15:00-18:00,ติดต่อผู้สอน,F39-4,30,,,,,,,"นิรันดร์ ยิ่งยวด*  , วรรณี เนียมหอม",,,,,,,,,,,,,
02181483-64 ภูมิปัญญาท้องถิ่นทางการเกษตรและสิ่งแวดล้อม (Indigenous Knowledge in Agriculture and Environment),3,3,700,ยังไม่มีการกำหนดวัน-เวลาเรียน,ยังไม่มีการกำหนดห้องเรียน,F39-4,30,,,,,,,อภิญญา อุดมเวช* ,,,,,,,,,,,,,
02181484-64 ภาวะผู้นำสำหรับนักการศึกษาทางด้านเกษตรและสิ่งแวดล้อม (Leadership for Educator in Agriculture and Environment  Educator),3,3,700,ยังไม่มีการกำหนดวัน-เวลาเรียน,ยังไม่มีการกำหนดห้องเรียน,F39-4,30,,,,,,,วรรณี เนียมหอม* ,,,,,,,,,,,,,
02181491-64 วิธีวิจัยทางเกษตรและสิ่งแวดล้อมศึกษา (Research Methods in Agricultural and Environmental Education),3,2,700,ยังไม่มีการกำหนดวัน-เวลาเรียน,ยังไม่มีการกำหนดห้องเรียน,F39-4,35,,,,,,,"วราภรณ์ คำทับทิม*  , จุฑาทิพย์ ถาวรรัตน์ , สุภาสิณี นุ่มเนียม",,,,,,,,,,,,,
,,,,,,,,1,711,ยังไม่มีการกำหนดวัน-เวลาเรียน,ยังไม่มีการกำหนดห้องเรียน,F39-4,35,"วราภรณ์ คำทับทิม*  , จุฑาทิพย์ ถาวรรัตน์ , สุภาสิณี นุ่มเนียม",,,,,,,,,,,,,
02181496-64 เรื่องเฉพาะทางเกษตรและสิ่งแวดล้อมศึกษา (Selected Topic in Agricultural and Environmental Education),3,3,700,ยังไม่มีการกำหนดวัน-เวลาเรียน,ยังไม่มีการกำหนดห้องเรียน,"F39-3 , F39-4",20,,,,,,,"นิรันดร์ ยิ่งยวด*  , ปิยนุช จันหา",,,,,,,,,,,,,
02181497-64 สัมมนา (Seminar),1,1,700,วันพุธ  13:00-15:00,LH3-206,F39-4,35,,,,,,,"จุฑาทิพย์ ถาวรรัตน์*  , วราภรณ์ คำทับทิม , สุภาสิณี นุ่มเนียม",,,,,,,,,,,,,
02184111-67 ดนตรีไทย I (Thai Music I),3,2,700,วันศุกร์  13:00-15:00,LH3-203,F82-2,30,,,,,,,"สานิตย์ รัศมี*  , ปรีชา นวมนาม",,,,,,,,,,,,,
,,,,,,,,1,711,วันศุกร์  15:00-17:00,LH3-203,F82-2,30,"สานิตย์ รัศมี*  , ปรีชา นวมนาม",,,,,,,,,,,,,
02184112-67 สุนทรียศาสตร์สำหรับดนตรีศึกษา  (Aesthetics for Music Education),3,2,700,วันพฤหัสบดี  13:00-15:00,EDS3-208,F81-1,30,,,,,,,นวพล ใจงาม* ,,,,,,,,,,,,,
,,,,,,,,1,711,วันพฤหัสบดี  15:00-17:00,LH3-208,F80-1,30,นวพล ใจงาม* ,,,,,,,,,,,,,
02184121-67 ดนตรีตะวันตก I  (Western Music I),3,2,700,วันอังคาร  8:00-10:00,LH3-208,F82-1,30,,,,,,,ยศพนธ์ นิตย์แสวง* ,,,,,,,,,,,,,
,,,,,,,,1,711,วันอังคาร  10:00-12:00,LH3-208,F82-1,30,ยศพนธ์ นิตย์แสวง* ,,,,,,,,,,,,,
02184171-67 การปฏิบัติเครื่องดนตรีตะวันตก (Practicing Western Instruments),,,,,,,,3,711,วันจันทร์  9:00-12:00,อาคารการเรียนรู้,F82-1,30,สุชาติ จันทรสุกรี* ,,,,,,,,,,,,,
02184251-67 ดนตรีพื้นบ้านไทย (Thai Folk Music),3,2,700,วันศุกร์  13:00-15:00,LH3-204,F82-2,25,,,,,,,ปรีชา นวมนาม* ,,,,,,,,,,,,,
,,,,,,,,1,711,วันศุกร์  15:00-17:00,LH3-204,F82-2,25,ปรีชา นวมนาม* ,,,,,,,,,,,,,
02184252-67 ดนตรีโลก (World Music ),3,2,700,วันพฤหัสบดี  10:30-12:00,EDS3-204,F82-2,25,,,,,,,ยศพนธ์ นิตย์แสวง* ,,,,,,,,,,,,,
,,,,,,,,1,711,วันศุกร์  10:30-12:00,EDS3-204,F82-2,25,ยศพนธ์ นิตย์แสวง* ,,,,,,,,,,,,,
02184284-67 การจัดการวงดนตรีสำหรับครูดนตรี (Musical Ensemble Management for Music Teacher),3,2,700,วันจันทร์  13:00-15:00,EDS2-201,F82-2,25,,,,,,,สุชาติ จันทรสุกรี* ,,,,,,,,,,,,,
,,,,,,,,1,711,วันจันทร์  15:00-17:00,EDS2-201,F82-2,25,สุชาติ จันทรสุกรี* ,,,,,,,,,,,,,
02191331-62 สื่อและนวัตกรรมการเรียนรู้ทางการเกษตร (Media and Innovation in Agricultural Learning),3,2,700,ยังไม่มีการกำหนดวัน-เวลาเรียน,ยังไม่มีการกำหนดห้องเรียน,F81-3,7,,,,,,,"อารีรัตน์ ภาคพิธเจริญ*  , อิสรีย์ ทรัพย์นุ้ย",,,,,,,,,,,,,
,3,2,711,ยังไม่มีการกำหนดวัน-เวลาเรียน,ยังไม่มีการกำหนดห้องเรียน,F81-3,7,,,,,,,"อารีรัตน์ ภาคพิธเจริญ*  , อิสรีย์ ทรัพย์นุ้ย",,,,,,,,,,,,,
,,,,,,,,1,711,ยังไม่มีการกำหนดวัน-เวลาเรียน,ยังไม่มีการกำหนดห้องเรียน,XX01-3,7,"อารีรัตน์ ภาคพิธเจริญ*  , อิสรีย์ ทรัพย์นุ้ย",,,,,,,,,,,,,
02191361-62 โครงการเกษตรในสถานศึกษา (Directed Farming Programs),,,,,,,,1,711,ยังไม่มีการกำหนดวัน-เวลาเรียน,ยังไม่มีการกำหนดห้องเรียน,F81-3,10,"พัชราภา กล้าหาญ*  , ประสงค์ ตันพิชัย",,,,,,,,,,,,,
02191497-62 สัมมนา (Seminar),1,1,700,ติดต่อผู้สอน,ติดต่อผู้สอน,F81-4,3,,,,,,,"อิสรีย์ ทรัพย์นุ้ย*  , พัชราภา กล้าหาญ , อรวรรณ บุญทัน",,,,,,,,,,,,,
02193111-67 ปรัชญาและหลักการทางพลศึกษา (Philosophy and Principles of Physical Education),2,2,700,วันอังคาร  12:30-14:30,LH3-204,"F77-1 , F77-2",51,,,,,,,"ฐิติกมลสิริ ลาโพธิ์*  , สมโภช เหล่าเหมมณี",,,,,,,,,,,,,
,2,2,701,วันศุกร์  13:00-15:00,LH3-211,"F77-1 , F77-2",51,,,,,,,"ฐิติกมลสิริ ลาโพธิ์*  , สมโภช เหล่าเหมมณี",,,,,,,,,,,,,
02193113-67 กายวิภาคศาสตร์และสรีรวิทยาของมนุษย์ (Human Anatomy and Physiology),3,3,700,วันพฤหัสบดี  9:00-12:00,KH80-207,"F77-1 , F77-2",96,,,,,,,"วิชนนท์ พูลศรี*  , กรกริช เชาว์พานิช",,,,,,,,,,,,,
02193114-67 สิ่งแวดล้อมและสุขภาพ (Environment and Health),2,2,700,วันอังคาร  12:30-14:30,EDS3-506,"F77-1 , F77-2",51,,,,,,,"สมบุญ ศิลป์รุ่งธรรม*  , กรกริช เชาว์พานิช",,,,,,,,,,,,,
,2,2,701,วันศุกร์  13:00-15:00,LH3-208,"F77-1 , F77-2",51,,,,,,,"สมบุญ ศิลป์รุ่งธรรม*  , กรกริช เชาว์พานิช",,,,,,,,,,,,,
02193121-62 ทักษะและเทคนิคการสอนว่ายน้ำ (Skills and Techniques of Teaching Swimming),,,,,,,,1,711,ติดต่อผู้สอน,ติดต่อผู้สอน,"F77-3 , F77-4",10,"สถาพร พาขุนทด , ฐิติกมลสิริ ลาโพธิ์* ",,,,,,,,,,,,,
02193121-67 ทักษะและเทคนิคการสอนว่ายน้ำ (Skills and Techniques of Teaching Swimming),,,,,,,,1,711,วันพฤหัสบดี  16:30-18:30,SW POOL 1,"F77-1 , F77-2",60,ฐิติกมลสิริ ลาโพธิ์* ,,,,,,,,,,,,,
,,,,,,,,1,712,วันศุกร์  16:30-18:30,SW POOL 1,"F77-1 , F77-2",60,ฐิติกมลสิริ ลาโพธิ์* ,,,,,,,,,,,,,
02193122-67 ทักษะและเทคนิคการสอนวอลเลย์บอล (Skills and Techniques of Teaching Volleyball),,,,,,,,1,711,วันจันทร์  12:30-14:30,GYM 2,"F77-1 , F77-2",51,วิชนนท์ พูลศรี* ,,,,,,,,,,,,,
,,,,,,,,1,712,วันพุธ  12:30-14:30,GYM 2,"F77-1 , F77-2",51,วิชนนท์ พูลศรี* ,,,,,,,,,,,,,
02193123-67 ทักษะและเทคนิคการสอนฟุตบอล (Skills and Techniques of Teaching Soccer),,,,,,,,1,711,วันจันทร์  16:30-18:30,FB FLD 1,"F77-1 , F77-2",96,"ต่อศักดิ์ แก้วจรัสวิไล*  , วิชนนท์ พูลศรี , จิณห์จุฑา พานทอง",,,,,,,,,,,,,
02193126-62 ทักษะและเทคนิคการสอนยิมนาสติก (Skills and Techniques of Teaching Gymnastics),,,,,,,,1,711,ติดต่อผู้สอน,ติดต่อผู้สอน,F77-3,10,สถาพร พาขุนทด* ,,,,,,,,,,,,,
02193126-67 ทักษะและเทคนิคการสอนยิมนาสติก (Skills and Techniques of Teaching Gymnastics),,,,,,,,1,711,วันจันทร์  12:30-14:30,EDS2-105,"F77-1 , F77-2",51,สถาพร พาขุนทด* ,,,,,,,,,,,,,
,,,,,,,,1,712,วันพุธ  12:30-14:30,EDS2-105,"F77-1 , F77-2",51,สถาพร พาขุนทด* ,,,,,,,,,,,,,
02193211-67 วิทยาศาสตร์การเคลื่อนไหวและสรีรวิทยาการออกกำลังกาย (Kinesiology and Physiology of Exercise),3,2,700,วันพฤหัสบดี  8:00-10:00,EDS3-506 / TK FLD,F77-2,80,,,,,,,"ธีรนันท์ ตันพานิชย์*  , สุดาวรรณ วุฒิชาติ",,,,,,,,,,,,,
,,,,,,,,1,711,วันพฤหัสบดี  13:00-15:00,EDS3-506 / TK FLD,F77-2,40,"ธีรนันท์ ตันพานิชย์*  , สุดาวรรณ วุฒิชาติ",,,,,,,,,,,,,
,,,,,,,,1,712,วันพฤหัสบดี  15:00-17:00,EDS3-506 / TK FLD,F77-2,40,"ธีรนันท์ ตันพานิชย์*  , สุดาวรรณ วุฒิชาติ",,,,,,,,,,,,,
02193212-62 สุขภาพแบบองค์รวม (Holistic Health),3,3,700,วันพฤหัสบดี  13:00-16:00,KH80-206,F77-3,80,,,,,,,"อัจฉรา ปุราคม*  , ณัฏฐิณี สังขวรรณ",,,,,,,,,,,,,
02193213-62 โรคติดต่อและโรคไม่ติดต่อ (Communicable and Non-communicable Diseases),2,2,700,ติดต่อผู้สอน,ติดต่อผู้สอน,F77-3,5,,,,,,,อัจฉรา ปุราคม* ,,,,,,,,,,,,,
02193213-67 โรคติดต่อและโรคไม่ติดต่อ (Communicable and Non-communicable Diseases),2,2,700,วันพุธ  8:00-10:00,LH2-304,F77-2,80,,,,,,,อัจฉรา ปุราคม* ,,,,,,,,,,,,,
02193221-67 ทักษะและเทคนิคการสอนกรีฑาลาน (Skills and Techniques of Teaching Field Event),,,,,,,,1,711,วันอังคาร  17:00-19:00,FB FLD 1,F77-2,40,ธารินทร์ ก้านเหลือง* ,,,,,,,,,,,,,
,,,,,,,,1,712,วันพฤหัสบดี  17:00-19:00,FB FLD 1,F77-2,40,ธารินทร์ ก้านเหลือง* ,,,,,,,,,,,,,
02193223-62 ทักษะและเทคนิคการสอนแบดมินตัน (Skills and Techniques of Teaching Badminton),,,,,,,,1,711,ติดต่อผู้สอน,ติดต่อผู้สอน,F77-6,1,ฐิติกมลสิริ ลาโพธิ์* ,,,,,,,,,,,,,
02193223-67 ทักษะและเทคนิคการสอนแบดมินตัน (Skills and Techniques of Teaching Badminton),,,,,,,,1,711,วันพุธ  12:30-14:30,GYM 1,F77-2,40,ฐิติกมลสิริ ลาโพธิ์* ,,,,,,,,,,,,,
,,,,,,,,1,712,วันพุธ  14:30-16:30,GYM 1,F77-2,40,ฐิติกมลสิริ ลาโพธิ์* ,,,,,,,,,,,,,
02193226-67 ทักษะและเทคนิคการสอนมวยไทย (Skills and Techniques of Teaching Muaythai),,,,,,,,1,711,วันจันทร์  12:30-14:30,EDS3-ชั้น 5 ลานมวย,F77-2,80,ต่อศักดิ์ แก้วจรัสวิไล* ,,,,,,,,,,,,,
02193229-67 ทักษะและเทคนิคการสอนลอนเทนนิส (Skills and Techniques of Teaching Lawn Tennis),,,,,,,,1,711,วันจันทร์  16:30-18:30,T-COURT,F77-2,30,ภาสพงศ์ ภิรมย์คำ* ,,,,,,,,,,,,,
02193251-62 การทดสอบและสร้างเสริมสมรรถภาพทางกาย (Testing and Conditioning in Physical Fitness),3,2,700,วันศุกร์  12:30-14:30,EDS2-201 / EDS2-105 / EDS-WEIGHT,F77-3,80,,,,,,,"ศิริชัย ศรีพรหม*  , ภาสพงศ์ ภิรมย์คำ , สุดาวรรณ วุฒิชาติ",,,,,,,,,,,,,
,,,,,,,,1,711,วันศุกร์  14:30-16:30,EDS2-201 / EDS2-105 / EDS-Weight,F77-3,80,"ศิริชัย ศรีพรหม*  , ภาสพงศ์ ภิรมย์คำ , สุดาวรรณ วุฒิชาติ",,,,,,,,,,,,,
02193312-62 เพศศึกษาและการวางแผนชีวิต (Sex Education and Life Planning),2,2,700,วันอังคาร  10:00-12:00,EDS3-506,"F77-5 , F77-3",81,,,,,,,สมบุญ ศิลป์รุ่งธรรม* ,,,,,,,,,,,,,
02193312-67 เพศศึกษาและการวางแผนชีวิต (Sex Education and Life Planning),2,2,700,วันอังคาร  8:00-10:00,LH3-302,F77-2,80,,,,,,,สมบุญ ศิลป์รุ่งธรรม* ,,,,,,,,,,,,,
02193321-62 การจัดการเรียนรู้พลศึกษาและสุขศึกษา (Physical Education and Health Education Learning Management),3,3,700,วันพฤหัสบดี  9:00-12:00,EDS3-406,F77-3,80,,,,,,,"ต่อศักดิ์ แก้วจรัสวิไล*  , สมบุญ ศิลป์รุ่งธรรม , อัจฉรา ปุราคม , ศุภวรรณ วงศ์สร้างทรัพย์",,,,,,,,,,,,,
02193391-62 การวิจัยเชิงปฏิบัติการในชั้นเรียนทางพลศึกษาและสุขศึกษา (Classroom Action Research in Physical Education and Health Education),3,2,700,วันศุกร์  12:30-14:30,LH3-305,"F77-4 , F77-5",81,,,,,,,"ศุภวรรณ วงศ์สร้างทรัพย์*  , วิชนนท์ พูลศรี",,,,,,,,,,,,,
,,,,,,,,1,711,วันศุกร์  14:30-16:30,LH3-305,"F77-4 , F77-5",81,"ศุภวรรณ วงศ์สร้างทรัพย์*  , วิชนนท์ พูลศรี",,,,,,,,,,,,,
02193398-62 ปัญหาพิเศษทางพลศึกษาและสุขศึกษา (Special Problems in Physical Education and  Health Education),,,,,,,,1,711,ติดต่อผู้สอน,ติดต่อผู้สอน,F77-5,1,"อัจฉรา ปุราคม*  , ธีรนันท์ ตันพานิชย์ , วิชนนท์ พูลศรี",,,,,,,,,,,,,
02198112-67 ค่านิยมและคุณลักษณะความเป็นครู (Values and Attributes of Teacher Profession),3,2,700,วันจันทร์  13:00-15:00,EDS3-208,F78-1,30,,,,,,,"โชคชัย เตโช*  , จิราภรณ์ กาแก้ว , ภัทร์ศรัณย์ ธนัชญาอิศม์เดช , นลินทิพย์ มโนมั่น",,,,,,,,,,,,,
,3,2,701,วันจันทร์  13:00-15:00,EDS3-309,F78-1,30,,,,,,,"ภัทร์ศรัณย์ ธนัชญาอิศม์เดช*  , โชคชัย เตโช , จิราภรณ์ กาแก้ว , นลินทิพย์ มโนมั่น",,,,,,,,,,,,,
,3,2,702,วันจันทร์  14:00-16:00,EDS3-401,F79-1,30,,,,,,,"สิริมา ศิริฤกษ์*  , พินดา วราสุนันท์ , กนิษฐา เชาว์วัฒนกุล , กิตติพันธ์ วิบุลศิลป์",,,,,,,,,,,,,
,3,2,703,ติดต่อผู้สอน,ติดต่อผู้สอน,F79-1,30,,,,,,,"สิริมา ศิริฤกษ์*  , พินดา วราสุนันท์ , กนิษฐา เชาว์วัฒนกุล , กิตติพันธ์ วิบุลศิลป์",,,,,,,,,,,,,
,3,2,704,วันจันทร์  10:00-12:00,EDS3-406,F80-1,30,,,,,,,"นันทรัตน์ เครืออินทร์*  , พัทธ์ชรัญญา วรมาลี , อัญชุลีกร เมืองบุรี",,,,,,,,,,,,,
,3,2,705,ติดต่อผู้สอน,ติดต่อผู้สอน,F80-1,30,,,,,,,"กุลธิดา นุกูลธรรม*  , เพ็ญพิศ กมลสุขยืนยง",,,,,,,,,,,,,
,3,2,706,วันอังคาร  13:00-15:00,EDS3-208,F82-1,30,,,,,,,"สุชาติ จันทรสุกรี , อุษณีย์ จันทรสุกรี* ",,,,,,,,,,,,,
,3,2,707,วันอังคาร  8:00-10:00,LH3-307,F77-1,45,,,,,,,"ฐิติกมลสิริ ลาโพธิ์ , อรอุษา ปุณยบุรณะ*  , เสมอใจ จงเจริญคุณวุฒิ",,,,,,,,,,,,,
,3,2,708,วันพุธ  8:00-10:00,LH3-307,F77-1,45,,,,,,,"โชคชัย ดวงแก้ว , อรอุษา ปุณยบุรณะ*  , อุดมพร บุญชู , โชคชัย เตโช , ฐิติกมลสิริ ลาโพธิ์",,,,,,,,,,,,,
,,,,,,,,1,711,วันจันทร์  15:00-17:00,EDS3-208,F78-1,30,"โชคชัย เตโช*  , จิราภรณ์ กาแก้ว , ภัทร์ศรัณย์ ธนัชญาอิศม์เดช , นลินทิพย์ มโนมั่น",,,,,,,,,,,,,
,,,,,,,,1,712,วันจันทร์  15:00-17:00,EDS3-309,F78-1,30,"ภัทร์ศรัณย์ ธนัชญาอิศม์เดช*  , โชคชัย เตโช , จิราภรณ์ กาแก้ว , นลินทิพย์ มโนมั่น",,,,,,,,,,,,,
,,,,,,,,1,713,วันจันทร์  16:00-18:00,EDS3-401,F79-1,30,"สิริมา ศิริฤกษ์*  , พินดา วราสุนันท์ , กนิษฐา เชาว์วัฒนกุล , กิตติพันธ์ วิบุลศิลป์",,,,,,,,,,,,,
,,,,,,,,1,714,ติดต่อผู้สอน,ติดต่อผู้สอน,F79-1,30,"สิริมา ศิริฤกษ์*  , พินดา วราสุนันท์ , กนิษฐา เชาว์วัฒนกุล , กิตติพันธ์ วิบุลศิลป์",,,,,,,,,,,,,
,,,,,,,,1,715,วันจันทร์  13:00-15:00,EDS3-406,F80-1,30,"นันทรัตน์ เครืออินทร์*  , พัทธ์ชรัญญา วรมาลี , อัญชุลีกร เมืองบุรี",,,,,,,,,,,,,
,,,,,,,,1,716,ติดต่อผู้สอน,ติดต่อผู้สอน,F80-1,30,"กุลธิดา นุกูลธรรม*  , เพ็ญพิศ กมลสุขยืนยง",,,,,,,,,,,,,
,,,,,,,,1,717,วันอังคาร  15:00-17:00,EDS3-208,F82-1,30,"สุชาติ จันทรสุกรี , อุษณีย์ จันทรสุกรี* ",,,,,,,,,,,,,
,,,,,,,,1,718,วันอังคาร  10:00-12:00,LH3-307,F77-1,45,"อรอุษา ปุณยบุรณะ*  , เสมอใจ จงเจริญคุณวุฒิ , ฐิติกมลสิริ ลาโพธิ์",,,,,,,,,,,,,
,,,,,,,,1,719,วันพุธ  10:00-12:00,LH3-307,F77-1,45,"ฐิติกมลสิริ ลาโพธิ์ , อรอุษา ปุณยบุรณะ*  , อุดมพร บุญชู , โชคชัย เตโช , โชคชัย ดวงแก้ว",,,,,,,,,,,,,
02198213-67 ภาษาเพื่อการสื่อสารสำหรับครู (Language for Communication for Teachers),3,2,700,วันอังคาร  10:00-12:00,EDS3-306,F79-2,30,,,,,,,"สุกัญญา ทิพย์รักษ์ , โชคชัย เตโช* ",,,,,,,,,,,,,
,3,2,701,วันอังคาร  10:00-12:00,EDS3-307,F79-2,30,,,,,,,"สุภิญญา ปัญญาสีห์*  , โชคชัย เตโช , ศมลชนก อ่อนสีแดง",,,,,,,,,,,,,
,3,2,702,วันพฤหัสบดี  13:00-15:00,EDS3-307,F82-2,25,,,,,,,"สุภิญญา ปัญญาสีห์*  , สุวีณา เดือนแจ้ง",,,,,,,,,,,,,
,,,,,,,,1,711,วันพฤหัสบดี  10:00-12:00,EDS3-306,F79-2,30,"โชคชัย เตโช*  , สุกัญญา ทิพย์รักษ์",,,,,,,,,,,,,
,,,,,,,,1,712,วันพฤหัสบดี  10:00-12:00,EDS3-307,F79-2,30,"สุภิญญา ปัญญาสีห์*  , โชคชัย เตโช , ศมลชนก อ่อนสีแดง",,,,,,,,,,,,,
,,,,,,,,1,713,วันพฤหัสบดี  15:00-17:00,EDS3-307,F82-2,25,"สุภิญญา ปัญญาสีห์*  , สุวีณา เดือนแจ้ง",,,,,,,,,,,,,
02198221-67 การพัฒนาหลักสูตร (Curriculum Development),3,2,700,วันจันทร์  14:30-16:30,EDS3-302,F79-2,30,,,,,,,กนิษฐา เชาว์วัฒนกุล* ,,,,,,,,,,,,,
,3,2,701,ติดต่อผู้สอน,ติดต่อผู้สอน,F79-2,30,,,,,,,กนิษฐา เชาว์วัฒนกุล* ,,,,,,,,,,,,,
,3,2,702,วันอังคาร  13:00-15:00,EDS3-301,-,40,,,,,,,"สถาพร พาขุนทด*  , กนิษฐา เชาว์วัฒนกุล",,,,,,,,,,,,,
,3,2,703,วันอังคาร  13:00-15:00,EDS3-306,F77-2,40,,,,,,,"กนิษฐา เชาว์วัฒนกุล*  , สถาพร พาขุนทด",,,,,,,,,,,,,
,3,2,704,วันพฤหัสบดี  13:00-15:00,EDS3-401,F80-2,30,,,,,,,"กุลธิดา นุกูลธรรม*  , นันทรัตน์ เครืออินทร์ , รุจิราพร รามศิริ",,,,,,,,,,,,,
,3,2,705,ติดต่อผู้สอน,ติดต่อผู้สอน,F80-2,30,,,,,,,"กุลธิดา นุกูลธรรม*  , นันทรัตน์ เครืออินทร์ , กิติศาอร เหล่าเหมมณี",,,,,,,,,,,,,
,3,2,706,วันศุกร์  8:00-10:00,EDS3-306,F78-2,30,,,,,,,จิราภรณ์ กาแก้ว* ,,,,,,,,,,,,,
,3,2,707,วันศุกร์  8:00-10:00,EDS3-307,F78-2,30,,,,,,,ธนกร สันทนตานนท์* ,,,,,,,,,,,,,
,,,,,,,,1,710,ยังไม่มีการกำหนดวัน-เวลาเรียน,ยังไม่มีการกำหนดห้องเรียน,-,30,จิราภรณ์ กาแก้ว* ,,,,,,,,,,,,,
,,,,,,,,1,711,วันจันทร์  16:30-18:30,EDS3-302,F79-2,30,กนิษฐา เชาว์วัฒนกุล* ,,,,,,,,,,,,,
,,,,,,,,1,712,ติดต่อผู้สอน,ติดต่อผู้สอน,F79-2,30,กนิษฐา เชาว์วัฒนกุล* ,,,,,,,,,,,,,
,,,,,,,,1,713,วันอังคาร  15:00-17:00,EDS3-301,F77-2,40,"สถาพร พาขุนทด*  , กนิษฐา เชาว์วัฒนกุล",,,,,,,,,,,,,
,,,,,,,,1,714,วันอังคาร  15:00-17:00,EDS3-306,F77-2,40,"กนิษฐา เชาว์วัฒนกุล*  , สถาพร พาขุนทด",,,,,,,,,,,,,
,,,,,,,,1,715,วันพฤหัสบดี  15:00-17:00,EDS3-401,F80-2,30,"กุลธิดา นุกูลธรรม*  , นันทรัตน์ เครืออินทร์ , รุจิราพร รามศิริ",,,,,,,,,,,,,
,,,,,,,,1,716,ติดต่อผู้สอน,ติดต่อผู้สอน,F80-2,30,"กุลธิดา นุกูลธรรม*  , นันทรัตน์ เครืออินทร์ , กิติศาอร เหล่าเหมมณี",,,,,,,,,,,,,
,,,,,,,,1,717,วันศุกร์  10:00-12:00,EDS3-306,F78-2,30,จิราภรณ์ กาแก้ว* ,,,,,,,,,,,,,
,,,,,,,,1,718,วันศุกร์  10:00-12:00,EDS3-307,F78-2,30,ธนกร สันทนตานนท์* ,,,,,,,,,,,,,
02198232-62 เทคโนโลยีเพื่อการจัดการเรียนรู้ (Technology for Learning Management),2,1,700,วันอังคาร  9:00-10:00,EDS3-107,"F78-3 , F78",35,,,,,,,ธีรศักดิ์ สร้อยคีรี* ,,,,,,,,,,,,,
,2,1,701,วันพฤหัสบดี  9:00-10:00,EDS3-107,F78-3,30,,,,,,,ธีรศักดิ์ สร้อยคีรี* ,,,,,,,,,,,,,
,,,,,,,,1,711,วันอังคาร  10:00-12:00,EDS3-107,"F78-3 , F78",35,ธีรศักดิ์ สร้อยคีรี* ,,,,,,,,,,,,,
,,,,,,,,1,712,วันพฤหัสบดี  10:00-12:00,EDS3-107,F78-3,30,ธีรศักดิ์ สร้อยคีรี* ,,,,,,,,,,,,,
02198232-67 เทคโนโลยีเพื่อการจัดการเรียนรู้ (Technology for Learning Management),2,1,700,วันอังคาร  13:00-14:00,EDS3-107,F82-2,25,,,,,,,ธีรศักดิ์ สร้อยคีรี* ,,,,,,,,,,,,,
,2,1,702,วันอังคาร  13:00-14:00,EDS3-107,F82-2,25,,,,,,,ธีรศักดิ์ สร้อยคีรี* ,,,,,,,,,,,,,
,,,,,,,,1,711,วันอังคาร  14:00-16:00,EDS3-107,F82-2,25,ธีรศักดิ์ สร้อยคีรี* ,,,,,,,,,,,,,
,,,,,,,,1,713,วันอังคาร  14:00-16:00,EDS3-107,F82-2,25,ธีรศักดิ์ สร้อยคีรี* ,,,,,,,,,,,,,
02198342-62 การศึกษากับชุมชน (Education and Community),3,2,700,วันจันทร์  8:00-10:00,EDS3-402,"F81-3 , F77-3",90,,,,,,,"พัทธนันท์ หรรษาภิรมย์โชค*  , อัจฉรา ปุราคม",,,,,,,,,,,,,
,3,2,701,วันศุกร์  8:00-10:00,EDS3-302,F78-3,30,,,,,,,พัชราภา ตันติชูเวช* ,,,,,,,,,,,,,
,3,2,702,ติดต่อผู้สอน,ติดต่อผู้สอน,F78-3,30,,,,,,,พัชราภา ตันติชูเวช* ,,,,,,,,,,,,,
,3,2,703,วันศุกร์  13:00-15:00,EDS3-302,F80-3,45,,,,,,,พัชราภา ตันติชูเวช* ,,,,,,,,,,,,,
,,,,,,,,1,711,วันจันทร์  10:00-12:00,EDS3-402,F77-3,40,"พัทธนันท์ หรรษาภิรมย์โชค*  , อัจฉรา ปุราคม",,,,,,,,,,,,,
,,,,,,,,1,712,วันจันทร์  13:00-15:00,EDS3-301,"F77-3 , F81-3",50,"พัทธนันท์ หรรษาภิรมย์โชค*  , อัจฉรา ปุราคม",,,,,,,,,,,,,
,,,,,,,,1,713,วันศุกร์  10:00-12:00,EDS3-302,F78-3,30,พัชราภา ตันติชูเวช* ,,,,,,,,,,,,,
,,,,,,,,1,714,ติดต่อผู้สอน,ติดต่อผู้สอน,F78-3,30,พัชราภา ตันติชูเวช* ,,,,,,,,,,,,,
,,,,,,,,1,715,วันศุกร์  15:00-17:00,EDS3-302,F80-3,45,พัชราภา ตันติชูเวช* ,,,,,,,,,,,,,
02198352-62 การประเมินผลการเรียนรู้และประกันคุณภาพการศึกษา (Assessment in Learning and Educational Quality Assurance),3,2,700,วันพุธ  8:00-10:00,EDS3-301,F77-3,40,,,,,,,ธนรัตน์ แต้วัฒนา* ,,,,,,,,,,,,,
,3,2,701,วันพุธ  13:00-15:00,EDS3-301,"F77-3 , F81-3",50,,,,,,,"อรอุษา ปุณยบุรณะ , ธนรัตน์ แต้วัฒนา* ",,,,,,,,,,,,,
,3,2,702,วันพฤหัสบดี  8:00-10:00,EDS3-301,F80-3,45,,,,,,,"ทัศตริน วรรณเกตุศิริ*  , ธนรัตน์ แต้วัฒนา",,,,,,,,,,,,,
,3,2,703,วันศุกร์  8:00-10:00,EDS3-208,F79-3,30,,,,,,,พินดา วราสุนันท์* ,,,,,,,,,,,,,
,,,,,,,,1,711,วันพุธ  10:00-12:00,EDS3-301,F77-3,40,ธนรัตน์ แต้วัฒนา* ,,,,,,,,,,,,,
,,,,,,,,1,712,วันพุธ  15:00-17:00,EDS3-301,"F77-3 , F81-3",50,"อรอุษา ปุณยบุรณะ , ธนรัตน์ แต้วัฒนา* ",,,,,,,,,,,,,
,,,,,,,,1,713,วันพฤหัสบดี  10:00-12:00,EDS3-301,F80-3,45,"ทัศตริน วรรณเกตุศิริ*  , ธนรัตน์ แต้วัฒนา",,,,,,,,,,,,,
,,,,,,,,1,714,วันศุกร์  10:00-12:00,EDS3-208,F79-3,30,พินดา วราสุนันท์* ,,,,,,,,,,,,,
สังคมศาสตร์,,,,,,,,,,,,,,,,,,,,,,,,,,,
01453102-67 กฎหมายในชีวิตประจำวัน (Law in Everyday Life),3,3,700,วันอังคาร  13:00-16:00,LH2-205,ALL,60,,,,,,,พีรพจน์ ปิ่นทองดี* ,,,,,,,,,,,,,
01459101-67 จิตวิทยาเพื่อชีวิตสมัยใหม่ (Psychology for Modern Life),3,3,700,วันศุกร์  9:00-12:00,LH4-103,"H13-1 , H04-2 , E24-4",260,,,,,,,พิมพ์ธรรม เอื้อเฟื้อ* ,,,,,,,,,,,,,
,3,3,701,วันศุกร์  13:00-16:00,LH4-103,"Q07-1 , Q28-1 , H07-1 , H10-1 , F79-1",300,,,,,,,พิมพ์ธรรม เอื้อเฟื้อ* ,,,,,,,,,,,,,
,3,3,874,วันจันทร์  9:00-12:00,LH4-502,H07-1,70,,,,,,,พิมพ์ธรรม เอื้อเฟื้อ* ,,,,,,,,,,,,,
,3,3,878,วันพฤหัสบดี  9:00-12:00,LH2-202,H13-1,70,,,,,,,พิมพ์ธรรม เอื้อเฟื้อ* ,,,,,,,,,,,,,
,3,3,880,วันอังคาร  9:00-12:00,LH4-502,H10-1,70,,,,,,,พิมพ์ธรรม เอื้อเฟื้อ* ,,,,,,,,,,,,,
01460101-67 สังคมและวัฒนธรรมไทยร่วมสมัย (Contemporary Thai Society and Culture),3,3,700,วันพฤหัสบดี  9:00-12:00,LH3-210,ALL,70,,,,,,,สุภณิดา พวงผกา* ,,,,,,,,,,,,,
,3,3,882,วันอังคาร  9:00-12:00,SILLH-105,"H05-1 , H05-2",160,,,,,,,สุภณิดา พวงผกา* ,,,,,,,,,,,,,
สัตวแพทยศาสตร์,,,,,,,,,,,,,,,,,,,,,,,,,,,
01511396-62 องค์ความรู้จากการศึกษาในต่างประเทศ (Body of Knowledge from Overseas Studies),,,,,,,,1,711,ยังไม่มีการกำหนดวัน-เวลาเรียน,ยังไม่มีการกำหนดห้องเรียน,-,10,อักษร แสงเทียนชัย* ,,,,,,,,,,,,,
01530531-62 ความปลอดภัยของอาหารและสุขศาสตร์อาหาร (Food Safety and Hygiene),3,2,700,ยังไม่มีการกำหนดวัน-เวลาเรียน,ยังไม่มีการกำหนดห้องเรียน,-,199,,,,,,,"อาสูตร สงวนเกียรติ*  , เฉลิมเกียรติ แสงทองพินิจ , พิษณุ ตุลยกุล , อมรเทพ อาชวกุลเทพ , ธัญญลักษณ์ ขันธะมูล , ศิริพร คงสร้อย , ชลาลัย เรืองหิรัญ , ปัจฉิมา สิทธิสาร , ศุภร ทองยวน",,,,,,,,,,,,,
,,,,,,,,1,711,ยังไม่มีการกำหนดวัน-เวลาเรียน,ยังไม่มีการกำหนดห้องเรียน,-,199,"อาสูตร สงวนเกียรติ*  , เฉลิมเกียรติ แสงทองพินิจ , พิษณุ ตุลยกุล , อมรเทพ อาชวกุลเทพ , ธัญญลักษณ์ ขันธะมูล , ศิริพร คงสร้อย , ชลาลัย เรืองหิรัญ , ปัจฉิมา สิทธิสาร , ศุภร ทองยวน",,,,,,,,,,,,,
"01530561-62 การกำจัดกากของเสียอันตรายวัตถุมีพิษทางสัตวแพทย์และผลพลอยได้จากสัตว์ (Veterinary Hazardous Substance, and Toxic Waste and Animal By-product Management)",2,2,700,ยังไม่มีการกำหนดวัน-เวลาเรียน,ยังไม่มีการกำหนดห้องเรียน,-,10,,,,,,,พิษณุ ตุลยกุล* ,,,,,,,,,,,,,
01530571-62 การเฝ้าระวังสิ่งแวดล้อมกับอาชีวอนามัยทางสัตวแพทย์ (Environmental Monitoring and Occupational Health in  Veterinary Medicine),2,2,700,ยังไม่มีการกำหนดวัน-เวลาเรียน,ยังไม่มีการกำหนดห้องเรียน,-,20,,,,,,,ชลาลัย เรืองหิรัญ* ,,,,,,,,,,,,,
01530572-62 เชื้อแบคทีเรียดื้อยาต้านจุลชีพในการผลิตสัตว์ (Antimicrobial-resistant Bacteria in Animal Production),2,2,700,ยังไม่มีการกำหนดวัน-เวลาเรียน,ยังไม่มีการกำหนดห้องเรียน,-,15,,,,,,,ศิริพร คงสร้อย* ,,,,,,,,,,,,,
01530573-62 เวชศาสตร์ชุมชนทางสัตวแพทย์ (Veterinary Community Medicine),2,2,700,ยังไม่มีการกำหนดวัน-เวลาเรียน,ยังไม่มีการกำหนดห้องเรียน,-,10,,,,,,,ศุภร ทองยวน* ,,,,,,,,,,,,,
01530574-62 การควบคุมคุณภาพและจัดการผลิตภัณฑ์แปรรูปจากสัตว์อย่างยั่งยืน (Quality Control and Sustainable Management of Animal Products),2,2,700,ยังไม่มีการกำหนดวัน-เวลาเรียน,ยังไม่มีการกำหนดห้องเรียน,-,10,,,,,,,ธัญญลักษณ์ ขันธะมูล* ,,,,,,,,,,,,,
01530575-62 สารออกฤทธิ์ทางชีวภาพในงานสัตวแพทย์ (Bioactive Agents in Veterinary Profession),2,2,700,ยังไม่มีการกำหนดวัน-เวลาเรียน,ยังไม่มีการกำหนดห้องเรียน,-,10,,,,,,,ปัจฉิมา สิทธิสาร* ,,,,,,,,,,,,,
01530578-62 ความปลอดภัยทางชีวภาพในงานวิจัยและบริการทางสัตวแพทย์ (Biosafety in Veterinary Research and Services),2,2,700,ยังไม่มีการกำหนดวัน-เวลาเรียน,ยังไม่มีการกำหนดห้องเรียน,-,6,,,,,,,สุปภาดา คณานับ* ,,,,,,,,,,,,,
01530681-62 คลินิกปฏิบัติทางสัตวแพทยสาธารณสุขศาสตร์และระบาดวิทยา (Clinical Practice in Veterinary Public Health and Epidemiology),,,,,,,,2,711,ยังไม่มีการกำหนดวัน-เวลาเรียน,ยังไม่มีการกำหนดห้องเรียน,-,99,"ศุภร ทองยวน*  , ชลาลัย เรืองหิรัญ , เฉลิมเกียรติ แสงทองพินิจ , พิษณุ ตุลยกุล , วราพร พิมพ์ประไพ , อาสูตร สงวนเกียรติ , อมรเทพ อาชวกุลเทพ , ธัญญลักษณ์ ขันธะมูล , ศิริพร คงสร้อย , ปัจฉิมา สิทธิสาร , สุปภาดา คณานับ , กานต์สุดา ลีฬหาพงศธร , เทพยุดา ศรีตระกูล",,,,,,,,,,,,,
,,,,,,,,2,712,ยังไม่มีการกำหนดวัน-เวลาเรียน,ยังไม่มีการกำหนดห้องเรียน,-,99,"ศุภร ทองยวน*  , ชลาลัย เรืองหิรัญ , เฉลิมเกียรติ แสงทองพินิจ , พิษณุ ตุลยกุล , วราพร พิมพ์ประไพ , อาสูตร สงวนเกียรติ , อมรเทพ อาชวกุลเทพ , ธัญญลักษณ์ ขันธะมูล , ศิริพร คงสร้อย , ปัจฉิมา สิทธิสาร , สุปภาดา คณานับ , กานต์สุดา ลีฬหาพงศธร , เทพยุดา ศรีตระกูล",,,,,,,,,,,,,
,,,,,,,,2,713,ยังไม่มีการกำหนดวัน-เวลาเรียน,ยังไม่มีการกำหนดห้องเรียน,-,99,"ศุภร ทองยวน*  , ชลาลัย เรืองหิรัญ , เฉลิมเกียรติ แสงทองพินิจ , พิษณุ ตุลยกุล , วราพร พิมพ์ประไพ , อาสูตร สงวนเกียรติ , อมรเทพ อาชวกุลเทพ , ธัญญลักษณ์ ขันธะมูล , ศิริพร คงสร้อย , ปัจฉิมา สิทธิสาร , สุปภาดา คณานับ , กานต์สุดา ลีฬหาพงศธร , เทพยุดา ศรีตระกูล",,,,,,,,,,,,,
,,,,,,,,2,714,ยังไม่มีการกำหนดวัน-เวลาเรียน,ยังไม่มีการกำหนดห้องเรียน,-,99,"ศุภร ทองยวน*  , ชลาลัย เรืองหิรัญ , เฉลิมเกียรติ แสงทองพินิจ , พิษณุ ตุลยกุล , วราพร พิมพ์ประไพ , อาสูตร สงวนเกียรติ , อมรเทพ อาชวกุลเทพ , ธัญญลักษณ์ ขันธะมูล , ศิริพร คงสร้อย , ปัจฉิมา สิทธิสาร , สุปภาดา คณานับ , กานต์สุดา ลีฬหาพงศธร , เทพยุดา ศรีตระกูล",,,,,,,,,,,,,
,,,,,,,,2,715,ยังไม่มีการกำหนดวัน-เวลาเรียน,ยังไม่มีการกำหนดห้องเรียน,-,99,"ศุภร ทองยวน*  , ชลาลัย เรืองหิรัญ , เฉลิมเกียรติ แสงทองพินิจ , พิษณุ ตุลยกุล , วราพร พิมพ์ประไพ , อาสูตร สงวนเกียรติ , อมรเทพ อาชวกุลเทพ , ธัญญลักษณ์ ขันธะมูล , ศิริพร คงสร้อย , ปัจฉิมา สิทธิสาร , สุปภาดา คณานับ , กานต์สุดา ลีฬหาพงศธร , เทพยุดา ศรีตระกูล",,,,,,,,,,,,,
,,,,,,,,2,716,ยังไม่มีการกำหนดวัน-เวลาเรียน,ยังไม่มีการกำหนดห้องเรียน,-,99,"ศุภร ทองยวน*  , ชลาลัย เรืองหิรัญ , เฉลิมเกียรติ แสงทองพินิจ , พิษณุ ตุลยกุล , วราพร พิมพ์ประไพ , อาสูตร สงวนเกียรติ , อมรเทพ อาชวกุลเทพ , ธัญญลักษณ์ ขันธะมูล , ศิริพร คงสร้อย , ปัจฉิมา สิทธิสาร , สุปภาดา คณานับ , กานต์สุดา ลีฬหาพงศธร , เทพยุดา ศรีตระกูล",,,,,,,,,,,,,
01532511-62 เธอริโอจีโนโลยีสัตว์ใหญ่ (Large Animal  Theriogenology),2,2,700,ยังไม่มีการกำหนดวัน-เวลาเรียน,ยังไม่มีการกำหนดห้องเรียน,-,199,,,,,,,"ขนิษฐา เพชรอุดมสินสุข*  , อนวัช แสงมาลี , เกียรติศักดิ์ ตันเจริญ , นิอร รัตนภพ , จตุรงค์ วงศ์สนิท , อารีย์ ไหลกุล",,,,,,,,,,,,,
01532512-62 การจัดการสุขภาพฝูงสัตว์เคี้ยวเอื้อง I (Ruminant Herd Health Management I),3,3,700,ยังไม่มีการกำหนดวัน-เวลาเรียน,ยังไม่มีการกำหนดห้องเรียน,-,199,,,,,,,"ศุภวิทย์ ไตรวุฒานนท์*  , อดิศร ยะวงศา , เกียรติศักดิ์ ตันเจริญ",,,,,,,,,,,,,
01532513-62 ปฏิบัติการเธอริโอจีโนโลยีสัตว์ใหญ่ (Practice in Large animal Theriogenology),,,,,,,,1,711,ยังไม่มีการกำหนดวัน-เวลาเรียน,ยังไม่มีการกำหนดห้องเรียน,-,199,"อนวัช แสงมาลี*  , ธีระ รักความสุข , อดิศร ยะวงศา , พิพัฒน์ อรุณวิภาส , สมชัย สัจจาพิทักษ์ , วรกิจ เชิดชูธรรม , อารีย์ ไหลกุล , วันดี เที่ยงธรรม , สุนทรี เพ็ชรดี , จตุรงค์ วงศ์สนิท , นันทวัน ญาติบรรทุง , ขนิษฐา เพชรอุดมสินสุข , เมธา จันดา , ศุภวิทย์ ไตรวุฒานนท์ , สุภาเพ็ญ ศรีพิบูลย์ , นิอร รัตนภพ",,,,,,,,,,,,,
01532515-62 การศึกษาจากปัญหาทางคลินิกด้านสัตว์ใหญ่และสัตว์ป่า (Clinical Problem Oriented Approach in Large Animal),,,,,,,,1,711,ยังไม่มีการกำหนดวัน-เวลาเรียน,ยังไม่มีการกำหนดห้องเรียน,-,99,นิอร รัตนภพ* ,,,,,,,,,,,,,
,,,,,,,,1,712,ยังไม่มีการกำหนดวัน-เวลาเรียน,ยังไม่มีการกำหนดห้องเรียน,-,99,"รุ่งโรจน์ แจ่มอ้น*  , นรุตม์ ทะนานทอง , พิชัย จิรวัฒนาพงศ์ , อลงกต บุญสูงเนิน , ยลยง วุ้นวงษ์ , เกรียงไกร วิฑูรย์เสถียร , นวลอนงค์ สินวัต , สิทธิณี กุลประเสริฐศรี , ปัณณ์ พนมวัลย์ , วิศณุ บุญญาวิวัฒน์ , ปริญทิพย์ วงศ์ไทย , ณัฏฐ์ธน ฐิติชญาพงษ์ , ธีราภรณ์ พูลพิพัฒน์",,,,,,,,,,,,,
,,,,,,,,1,713,ยังไม่มีการกำหนดวัน-เวลาเรียน,ยังไม่มีการกำหนดห้องเรียน,-,99,"เทพยุดา ศรีตระกูล*  , เฉลิมเกียรติ แสงทองพินิจ , พิษณุ ตุลยกุล , วราพร พิมพ์ประไพ , อาสูตร สงวนเกียรติ , อมรเทพ อาชวกุลเทพ , ธัญญลักษณ์ ขันธะมูล , ปัจฉิมา สิทธิสาร , ศิริพร คงสร้อย , ศุภร ทองยวน , ชลาลัย เรืองหิรัญ , สุปภาดา คณานับ , กานต์สุดา ลีฬหาพงศธร",,,,,,,,,,,,,
01532531-62 อายุรศาสตร์สัตว์ป่าและสัตว์สวนสัตว์ (Wildlife and Zoo Animal Medicine),3,3,700,ยังไม่มีการกำหนดวัน-เวลาเรียน,ยังไม่มีการกำหนดห้องเรียน,-,199,,,,,,,"สุภาเพ็ญ ศรีพิบูลย์*  , พรชัย สัญฐิติเสรี",,,,,,,,,,,,,
01532561-62 การจัดการสุขภาพกีบเท้าโค (Bovine Claw Health Management),2,2,700,ยังไม่มีการกำหนดวัน-เวลาเรียน,ยังไม่มีการกำหนดห้องเรียน,-,10,,,,,,,จตุรงค์ วงศ์สนิท* ,,,,,,,,,,,,,
01532579-62 การแปลผลคลื่นไฟฟ้าหัวใจในสัตว์ (Interpretation of Animal Electrocardiogram),2,2,700,ยังไม่มีการกำหนดวัน-เวลาเรียน,ยังไม่มีการกำหนดห้องเรียน,-,199,,,,,,,สุนทรี เพ็ชรดี* ,,,,,,,,,,,,,
01532681-62 คลินิกปฏิบัติทางสัตว์เคี้ยวเอื้อง (Clinical Practice in Ruminant),,,,,,,,3,711,ยังไม่มีการกำหนดวัน-เวลาเรียน,ยังไม่มีการกำหนดห้องเรียน,-,99,"ธีระ รักความสุข*  , อดิศร ยะวงศา , พิพัฒน์ อรุณวิภาส , สมชัย สัจจาพิทักษ์ , อนวัช แสงมาลี , ศุภวิทย์ ไตรวุฒานนท์ , วันดี เที่ยงธรรม , จตุรงค์ วงศ์สนิท , นันทวัน ญาติบรรทุง , นิอร รัตนภพ",,,,,,,,,,,,,
,,,,,,,,3,712,ยังไม่มีการกำหนดวัน-เวลาเรียน,ยังไม่มีการกำหนดห้องเรียน,-,99,"ธีระ รักความสุข*  , อดิศร ยะวงศา , พิพัฒน์ อรุณวิภาส , สมชัย สัจจาพิทักษ์ , อนวัช แสงมาลี , ศุภวิทย์ ไตรวุฒานนท์ , วันดี เที่ยงธรรม , จตุรงค์ วงศ์สนิท , นันทวัน ญาติบรรทุง , นิอร รัตนภพ",,,,,,,,,,,,,
,,,,,,,,3,713,ยังไม่มีการกำหนดวัน-เวลาเรียน,ยังไม่มีการกำหนดห้องเรียน,-,99,"ธีระ รักความสุข*  , อดิศร ยะวงศา , พิพัฒน์ อรุณวิภาส , สมชัย สัจจาพิทักษ์ , อนวัช แสงมาลี , ศุภวิทย์ ไตรวุฒานนท์ , วันดี เที่ยงธรรม , จตุรงค์ วงศ์สนิท , นันทวัน ญาติบรรทุง , นิอร รัตนภพ",,,,,,,,,,,,,
,,,,,,,,3,714,ยังไม่มีการกำหนดวัน-เวลาเรียน,ยังไม่มีการกำหนดห้องเรียน,-,99,"ธีระ รักความสุข*  , อดิศร ยะวงศา , พิพัฒน์ อรุณวิภาส , สมชัย สัจจาพิทักษ์ , อนวัช แสงมาลี , ศุภวิทย์ ไตรวุฒานนท์ , วันดี เที่ยงธรรม , จตุรงค์ วงศ์สนิท , นันทวัน ญาติบรรทุง , นิอร รัตนภพ",,,,,,,,,,,,,
,,,,,,,,3,715,ยังไม่มีการกำหนดวัน-เวลาเรียน,ยังไม่มีการกำหนดห้องเรียน,-,99,"ธีระ รักความสุข*  , อดิศร ยะวงศา , พิพัฒน์ อรุณวิภาส , สมชัย สัจจาพิทักษ์ , อนวัช แสงมาลี , ศุภวิทย์ ไตรวุฒานนท์ , วันดี เที่ยงธรรม , จตุรงค์ วงศ์สนิท , นันทวัน ญาติบรรทุง , นิอร รัตนภพ",,,,,,,,,,,,,
,,,,,,,,3,716,ยังไม่มีการกำหนดวัน-เวลาเรียน,ยังไม่มีการกำหนดห้องเรียน,-,99,"ธีระ รักความสุข*  , อดิศร ยะวงศา , พิพัฒน์ อรุณวิภาส , สมชัย สัจจาพิทักษ์ , อนวัช แสงมาลี , ศุภวิทย์ ไตรวุฒานนท์ , วันดี เที่ยงธรรม , จตุรงค์ วงศ์สนิท , นันทวัน ญาติบรรทุง , นิอร รัตนภพ",,,,,,,,,,,,,
,,,,,,,,3,717,ยังไม่มีการกำหนดวัน-เวลาเรียน,ยังไม่มีการกำหนดห้องเรียน,-,99,"ธีระ รักความสุข*  , อดิศร ยะวงศา , พิพัฒน์ อรุณวิภาส , สมชัย สัจจาพิทักษ์ , อนวัช แสงมาลี , ศุภวิทย์ ไตรวุฒานนท์ , วันดี เที่ยงธรรม , จตุรงค์ วงศ์สนิท , นันทวัน ญาติบรรทุง , นิอร รัตนภพ",,,,,,,,,,,,,
,,,,,,,,3,718,ยังไม่มีการกำหนดวัน-เวลาเรียน,ยังไม่มีการกำหนดห้องเรียน,-,99,ธีระ รักความสุข* ,,,,,,,,,,,,,
01532682-62 คลินิกปฏิบัติม้า (Clinical Practice in Equine),,,,,,,,1,711,ยังไม่มีการกำหนดวัน-เวลาเรียน,ยังไม่มีการกำหนดห้องเรียน,-,99,"ขนิษฐา เพชรอุดมสินสุข*  , วรกิจ เชิดชูธรรม , อารีย์ ไหลกุล , สุนทรี เพ็ชรดี , เมธา จันดา",,,,,,,,,,,,,
,,,,,,,,1,712,ยังไม่มีการกำหนดวัน-เวลาเรียน,ยังไม่มีการกำหนดห้องเรียน,-,99,"ขนิษฐา เพชรอุดมสินสุข*  , วรกิจ เชิดชูธรรม , อารีย์ ไหลกุล , สุนทรี เพ็ชรดี , เมธา จันดา",,,,,,,,,,,,,
,,,,,,,,1,713,ยังไม่มีการกำหนดวัน-เวลาเรียน,ยังไม่มีการกำหนดห้องเรียน,-,99,"ขนิษฐา เพชรอุดมสินสุข*  , วรกิจ เชิดชูธรรม , อารีย์ ไหลกุล , สุนทรี เพ็ชรดี , เมธา จันดา",,,,,,,,,,,,,
,,,,,,,,1,714,ยังไม่มีการกำหนดวัน-เวลาเรียน,ยังไม่มีการกำหนดห้องเรียน,-,99,"ขนิษฐา เพชรอุดมสินสุข*  , วรกิจ เชิดชูธรรม , อารีย์ ไหลกุล , สุนทรี เพ็ชรดี , เมธา จันดา",,,,,,,,,,,,,
,,,,,,,,1,715,ยังไม่มีการกำหนดวัน-เวลาเรียน,ยังไม่มีการกำหนดห้องเรียน,-,99,"ขนิษฐา เพชรอุดมสินสุข*  , วรกิจ เชิดชูธรรม , อารีย์ ไหลกุล , สุนทรี เพ็ชรดี , เมธา จันดา",,,,,,,,,,,,,
,,,,,,,,1,716,ยังไม่มีการกำหนดวัน-เวลาเรียน,ยังไม่มีการกำหนดห้องเรียน,-,99,"ขนิษฐา เพชรอุดมสินสุข*  , วรกิจ เชิดชูธรรม , อารีย์ ไหลกุล , สุนทรี เพ็ชรดี , เมธา จันดา",,,,,,,,,,,,,
,,,,,,,,1,717,ยังไม่มีการกำหนดวัน-เวลาเรียน,ยังไม่มีการกำหนดห้องเรียน,-,99,"ขนิษฐา เพชรอุดมสินสุข*  , วรกิจ เชิดชูธรรม , อารีย์ ไหลกุล , สุนทรี เพ็ชรดี , เมธา จันดา",,,,,,,,,,,,,
,,,,,,,,1,718,ยังไม่มีการกำหนดวัน-เวลาเรียน,ยังไม่มีการกำหนดห้องเรียน,-,99,ขนิษฐา เพชรอุดมสินสุข* ,,,,,,,,,,,,,
01533511-62 ปฏิบัติการทางสัตว์เศรษฐกิจ I (Laboratory in Farm Animal I),,,,,,,,1,711,ยังไม่มีการกำหนดวัน-เวลาเรียน,ยังไม่มีการกำหนดห้องเรียน,-,199,"ณัฏฐ์ธน ฐิติชญาพงษ์*  , นรุตม์ ทะนานทอง , พิชัย จิรวัฒนาพงศ์ , อลงกต บุญสูงเนิน , ยลยง วุ้นวงษ์ , เกรียงไกร วิฑูรย์เสถียร , รุ่งโรจน์ แจ่มอ้น , นวลอนงค์ สินวัต , สิทธิณี กุลประเสริฐศรี , ปัณณ์ พนมวัลย์ , วิศณุ บุญญาวิวัฒน์ , ปริญทิพย์ วงศ์ไทย , ธีราภรณ์ พูลพิพัฒน์ , มานะกร สุขมาก",,,,,,,,,,,,,
01533521-62 การจัดการสุขภาพและการผลิตในฟาร์มสุกร (Health and Production Management in Pig Farm),2,2,700,ยังไม่มีการกำหนดวัน-เวลาเรียน,ยังไม่มีการกำหนดห้องเรียน,-,199,,,,,,,"พิชัย จิรวัฒนาพงศ์*  , นรุตม์ ทะนานทอง , อลงกต บุญสูงเนิน , ยลยง วุ้นวงษ์",,,,,,,,,,,,,
01533531-62 โรคสัตว์ปีก I (Diseases of Poultry I),2,2,700,ยังไม่มีการกำหนดวัน-เวลาเรียน,ยังไม่มีการกำหนดห้องเรียน,-,199,,,,,,,"เกรียงไกร วิฑูรย์เสถียร*  , รุ่งโรจน์ แจ่มอ้น , นวลอนงค์ สินวัต , สิทธิณี กุลประเสริฐศรี , ปัณณ์ พนมวัลย์",,,,,,,,,,,,,
01533541-62 โรคในสัตว์น้ำมีกระดูกสันหลัง (Diseases in Aquatic Vertebrate),2,2,700,ยังไม่มีการกำหนดวัน-เวลาเรียน,ยังไม่มีการกำหนดห้องเรียน,-,199,,,,,,,"ปริญทิพย์ วงศ์ไทย*  , วิศณุ บุญญาวิวัฒน์ , ณัฏฐ์ธน ฐิติชญาพงษ์ , ธีราภรณ์ พูลพิพัฒน์",,,,,,,,,,,,,
01533681-62 คลินิกปฏิบัติทางสุกร (Clinical Practice in Swine),,,,,,,,2,711,ยังไม่มีการกำหนดวัน-เวลาเรียน,ยังไม่มีการกำหนดห้องเรียน,-,99,"มานะกร สุขมาก*  , นรุตม์ ทะนานทอง , อลงกต บุญสูงเนิน , พิชัย จิรวัฒนาพงศ์ , ยลยง วุ้นวงษ์",,,,,,,,,,,,,
,,,,,,,,2,712,ยังไม่มีการกำหนดวัน-เวลาเรียน,ยังไม่มีการกำหนดห้องเรียน,-,99,"มานะกร สุขมาก*  , นรุตม์ ทะนานทอง , อลงกต บุญสูงเนิน , พิชัย จิรวัฒนาพงศ์ , ยลยง วุ้นวงษ์",,,,,,,,,,,,,
,,,,,,,,2,713,ยังไม่มีการกำหนดวัน-เวลาเรียน,ยังไม่มีการกำหนดห้องเรียน,-,99,"มานะกร สุขมาก*  , นรุตม์ ทะนานทอง , อลงกต บุญสูงเนิน , พิชัย จิรวัฒนาพงศ์ , ยลยง วุ้นวงษ์",,,,,,,,,,,,,
,,,,,,,,2,714,ยังไม่มีการกำหนดวัน-เวลาเรียน,ยังไม่มีการกำหนดห้องเรียน,-,99,"มานะกร สุขมาก*  , นรุตม์ ทะนานทอง , อลงกต บุญสูงเนิน , พิชัย จิรวัฒนาพงศ์ , ยลยง วุ้นวงษ์",,,,,,,,,,,,,
,,,,,,,,2,715,ยังไม่มีการกำหนดวัน-เวลาเรียน,ยังไม่มีการกำหนดห้องเรียน,-,99,"มานะกร สุขมาก*  , นรุตม์ ทะนานทอง , อลงกต บุญสูงเนิน , พิชัย จิรวัฒนาพงศ์ , ยลยง วุ้นวงษ์",,,,,,,,,,,,,
,,,,,,,,2,716,ยังไม่มีการกำหนดวัน-เวลาเรียน,ยังไม่มีการกำหนดห้องเรียน,-,99,"มานะกร สุขมาก*  , นรุตม์ ทะนานทอง , อลงกต บุญสูงเนิน , พิชัย จิรวัฒนาพงศ์ , ยลยง วุ้นวงษ์",,,,,,,,,,,,,
,,,,,,,,2,717,ยังไม่มีการกำหนดวัน-เวลาเรียน,ยังไม่มีการกำหนดห้องเรียน,-,99,"มานะกร สุขมาก*  , นรุตม์ ทะนานทอง , อลงกต บุญสูงเนิน , พิชัย จิรวัฒนาพงศ์ , ยลยง วุ้นวงษ์",,,,,,,,,,,,,
,,,,,,,,2,718,ยังไม่มีการกำหนดวัน-เวลาเรียน,ยังไม่มีการกำหนดห้องเรียน,-,99,มานะกร สุขมาก* ,,,,,,,,,,,,,
01533682-62 คลินิกปฏิบัติทางสัตว์ปีก (Clinical Practice in Poultry),,,,,,,,2,711,ยังไม่มีการกำหนดวัน-เวลาเรียน,ยังไม่มีการกำหนดห้องเรียน,-,99,"ปัณณ์ พนมวัลย์*  , นวลอนงค์ สินวัต , รุ่งโรจน์ แจ่มอ้น , สิทธิณี กุลประเสริฐศรี , เกรียงไกร วิฑูรย์เสถียร",,,,,,,,,,,,,
,,,,,,,,2,712,ยังไม่มีการกำหนดวัน-เวลาเรียน,ยังไม่มีการกำหนดห้องเรียน,-,99,"ปัณณ์ พนมวัลย์*  , นวลอนงค์ สินวัต , รุ่งโรจน์ แจ่มอ้น , สิทธิณี กุลประเสริฐศรี , เกรียงไกร วิฑูรย์เสถียร",,,,,,,,,,,,,
,,,,,,,,2,713,ยังไม่มีการกำหนดวัน-เวลาเรียน,ยังไม่มีการกำหนดห้องเรียน,-,99,"ปัณณ์ พนมวัลย์*  , นวลอนงค์ สินวัต , รุ่งโรจน์ แจ่มอ้น , สิทธิณี กุลประเสริฐศรี , เกรียงไกร วิฑูรย์เสถียร",,,,,,,,,,,,,
,,,,,,,,2,714,ยังไม่มีการกำหนดวัน-เวลาเรียน,ยังไม่มีการกำหนดห้องเรียน,-,99,"ปัณณ์ พนมวัลย์*  , นวลอนงค์ สินวัต , รุ่งโรจน์ แจ่มอ้น , สิทธิณี กุลประเสริฐศรี , เกรียงไกร วิฑูรย์เสถียร",,,,,,,,,,,,,
,,,,,,,,2,715,ยังไม่มีการกำหนดวัน-เวลาเรียน,ยังไม่มีการกำหนดห้องเรียน,-,99,"ปัณณ์ พนมวัลย์*  , นวลอนงค์ สินวัต , รุ่งโรจน์ แจ่มอ้น , สิทธิณี กุลประเสริฐศรี , เกรียงไกร วิฑูรย์เสถียร",,,,,,,,,,,,,
,,,,,,,,2,716,ยังไม่มีการกำหนดวัน-เวลาเรียน,ยังไม่มีการกำหนดห้องเรียน,-,99,"ปัณณ์ พนมวัลย์*  , นวลอนงค์ สินวัต , รุ่งโรจน์ แจ่มอ้น , สิทธิณี กุลประเสริฐศรี , เกรียงไกร วิฑูรย์เสถียร",,,,,,,,,,,,,
,,,,,,,,2,717,ยังไม่มีการกำหนดวัน-เวลาเรียน,ยังไม่มีการกำหนดห้องเรียน,-,99,"ปัณณ์ พนมวัลย์*  , นวลอนงค์ สินวัต , รุ่งโรจน์ แจ่มอ้น , สิทธิณี กุลประเสริฐศรี , เกรียงไกร วิฑูรย์เสถียร",,,,,,,,,,,,,
01533683-62 คลินิกปฏิบัติทางสัตว์น้ำ (Clinical Practice in Aquatic Animals),,,,,,,,2,711,ยังไม่มีการกำหนดวัน-เวลาเรียน,ยังไม่มีการกำหนดห้องเรียน,-,99,"ธีราภรณ์ พูลพิพัฒน์*  , วิศณุ บุญญาวิวัฒน์ , ณัฏฐ์ธน ฐิติชญาพงษ์ , ปริญทิพย์ วงศ์ไทย",,,,,,,,,,,,,
,,,,,,,,2,712,ยังไม่มีการกำหนดวัน-เวลาเรียน,ยังไม่มีการกำหนดห้องเรียน,-,99,"ธีราภรณ์ พูลพิพัฒน์*  , วิศณุ บุญญาวิวัฒน์ , ณัฏฐ์ธน ฐิติชญาพงษ์ , ปริญทิพย์ วงศ์ไทย",,,,,,,,,,,,,
,,,,,,,,2,713,ยังไม่มีการกำหนดวัน-เวลาเรียน,ยังไม่มีการกำหนดห้องเรียน,-,99,"ธีราภรณ์ พูลพิพัฒน์*  , วิศณุ บุญญาวิวัฒน์ , ณัฏฐ์ธน ฐิติชญาพงษ์ , ปริญทิพย์ วงศ์ไทย",,,,,,,,,,,,,
,,,,,,,,2,714,ยังไม่มีการกำหนดวัน-เวลาเรียน,ยังไม่มีการกำหนดห้องเรียน,-,99,"ธีราภรณ์ พูลพิพัฒน์*  , วิศณุ บุญญาวิวัฒน์ , ณัฏฐ์ธน ฐิติชญาพงษ์ , ปริญทิพย์ วงศ์ไทย",,,,,,,,,,,,,
,,,,,,,,2,715,ยังไม่มีการกำหนดวัน-เวลาเรียน,ยังไม่มีการกำหนดห้องเรียน,-,99,"ธีราภรณ์ พูลพิพัฒน์*  , วิศณุ บุญญาวิวัฒน์ , ณัฏฐ์ธน ฐิติชญาพงษ์ , ปริญทิพย์ วงศ์ไทย",,,,,,,,,,,,,
,,,,,,,,2,716,ยังไม่มีการกำหนดวัน-เวลาเรียน,ยังไม่มีการกำหนดห้องเรียน,-,99,"ธีราภรณ์ พูลพิพัฒน์*  , วิศณุ บุญญาวิวัฒน์ , ณัฏฐ์ธน ฐิติชญาพงษ์ , ปริญทิพย์ วงศ์ไทย",,,,,,,,,,,,,
,,,,,,,,2,717,ยังไม่มีการกำหนดวัน-เวลาเรียน,ยังไม่มีการกำหนดห้องเรียน,-,99,"ธีราภรณ์ พูลพิพัฒน์*  , วิศณุ บุญญาวิวัฒน์ , ณัฏฐ์ธน ฐิติชญาพงษ์ , ปริญทิพย์ วงศ์ไทย",,,,,,,,,,,,,
,,,,,,,,2,718,ยังไม่มีการกำหนดวัน-เวลาเรียน,ยังไม่มีการกำหนดห้องเรียน,-,20,ธีราภรณ์ พูลพิพัฒน์* ,,,,,,,,,,,,,
01534681-62 คลินิกปฏิบัติพยาธิวิทยาทางสัตว์เลี้ยง (Clinical Practice in Veterinary Pathology for Companion Animal),,,,,,,,1,711,ยังไม่มีการกำหนดวัน-เวลาเรียน,ยังไม่มีการกำหนดห้องเรียน,-,99,"ปิยภรณ์ เอี่ยมเจริญ*  , ไชยยันต์ เกษรดอกบัว , เกรียงศักดิ์ ไพรหิรัญกิจ , กรรณิการ์ ศิริภัทรประวัติ , วชิราพรรณ ทรัพย์สวัสดิ์ , วัลยา ผ่องแผ้ว , ภูดิท มณีสาย , รุ่งเรือง ยอดชีวัน",,,,,,,,,,,,,
,,,,,,,,1,712,ยังไม่มีการกำหนดวัน-เวลาเรียน,ยังไม่มีการกำหนดห้องเรียน,-,99,"ปิยภรณ์ เอี่ยมเจริญ*  , ไชยยันต์ เกษรดอกบัว , เกรียงศักดิ์ ไพรหิรัญกิจ , กรรณิการ์ ศิริภัทรประวัติ , วชิราพรรณ ทรัพย์สวัสดิ์ , วัลยา ผ่องแผ้ว , ภูดิท มณีสาย , รุ่งเรือง ยอดชีวัน",,,,,,,,,,,,,
,,,,,,,,1,713,ยังไม่มีการกำหนดวัน-เวลาเรียน,ยังไม่มีการกำหนดห้องเรียน,-,99,"ปิยภรณ์ เอี่ยมเจริญ*  , ไชยยันต์ เกษรดอกบัว , เกรียงศักดิ์ ไพรหิรัญกิจ , กรรณิการ์ ศิริภัทรประวัติ , วชิราพรรณ ทรัพย์สวัสดิ์ , วัลยา ผ่องแผ้ว , ภูดิท มณีสาย , รุ่งเรือง ยอดชีวัน",,,,,,,,,,,,,
,,,,,,,,1,714,ยังไม่มีการกำหนดวัน-เวลาเรียน,ยังไม่มีการกำหนดห้องเรียน,-,99,"ปิยภรณ์ เอี่ยมเจริญ*  , ไชยยันต์ เกษรดอกบัว , เกรียงศักดิ์ ไพรหิรัญกิจ , กรรณิการ์ ศิริภัทรประวัติ , วชิราพรรณ ทรัพย์สวัสดิ์ , วัลยา ผ่องแผ้ว , ภูดิท มณีสาย , รุ่งเรือง ยอดชีวัน",,,,,,,,,,,,,
,,,,,,,,1,715,ยังไม่มีการกำหนดวัน-เวลาเรียน,ยังไม่มีการกำหนดห้องเรียน,-,99,"ปิยภรณ์ เอี่ยมเจริญ*  , ไชยยันต์ เกษรดอกบัว , เกรียงศักดิ์ ไพรหิรัญกิจ , กรรณิการ์ ศิริภัทรประวัติ , วชิราพรรณ ทรัพย์สวัสดิ์ , วัลยา ผ่องแผ้ว , ภูดิท มณีสาย , รุ่งเรือง ยอดชีวัน",,,,,,,,,,,,,
,,,,,,,,1,716,ยังไม่มีการกำหนดวัน-เวลาเรียน,ยังไม่มีการกำหนดห้องเรียน,-,99,"ปิยภรณ์ เอี่ยมเจริญ*  , ไชยยันต์ เกษรดอกบัว , เกรียงศักดิ์ ไพรหิรัญกิจ , กรรณิการ์ ศิริภัทรประวัติ , วชิราพรรณ ทรัพย์สวัสดิ์ , วัลยา ผ่องแผ้ว , ภูดิท มณีสาย , รุ่งเรือง ยอดชีวัน",,,,,,,,,,,,,
01534682-62 คลินิกปฏิบัติพยาธิวิทยาทางปศุสัตว์ (Clinical Practice in Veterinary Pathology for Livestock),,,,,,,,1,711,ยังไม่มีการกำหนดวัน-เวลาเรียน,ยังไม่มีการกำหนดห้องเรียน,-,99,"สุวิมล พันธุ์ดี*  , ทวีศักดิ์ ส่งเสริม , ปรีดา เลิศวัชระสารกุล , ปิยภรณ์ เอี่ยมเจริญ , รุ่งเรือง ยอดชีวัน",,,,,,,,,,,,,
,,,,,,,,1,712,ยังไม่มีการกำหนดวัน-เวลาเรียน,ยังไม่มีการกำหนดห้องเรียน,-,99,"สุวิมล พันธุ์ดี*  , ทวีศักดิ์ ส่งเสริม , ปรีดา เลิศวัชระสารกุล , ปิยภรณ์ เอี่ยมเจริญ , รุ่งเรือง ยอดชีวัน",,,,,,,,,,,,,
,,,,,,,,1,713,ยังไม่มีการกำหนดวัน-เวลาเรียน,ยังไม่มีการกำหนดห้องเรียน,-,99,"สุวิมล พันธุ์ดี*  , ทวีศักดิ์ ส่งเสริม , ปรีดา เลิศวัชระสารกุล , ปิยภรณ์ เอี่ยมเจริญ , รุ่งเรือง ยอดชีวัน",,,,,,,,,,,,,
,,,,,,,,1,714,ยังไม่มีการกำหนดวัน-เวลาเรียน,ยังไม่มีการกำหนดห้องเรียน,-,99,"สุวิมล พันธุ์ดี*  , ทวีศักดิ์ ส่งเสริม , ปรีดา เลิศวัชระสารกุล , ปิยภรณ์ เอี่ยมเจริญ , รุ่งเรือง ยอดชีวัน",,,,,,,,,,,,,
,,,,,,,,1,715,ยังไม่มีการกำหนดวัน-เวลาเรียน,ยังไม่มีการกำหนดห้องเรียน,-,99,"สุวิมล พันธุ์ดี*  , ทวีศักดิ์ ส่งเสริม , ปรีดา เลิศวัชระสารกุล , ปิยภรณ์ เอี่ยมเจริญ , รุ่งเรือง ยอดชีวัน",,,,,,,,,,,,,
,,,,,,,,1,716,ยังไม่มีการกำหนดวัน-เวลาเรียน,ยังไม่มีการกำหนดห้องเรียน,-,99,"สุวิมล พันธุ์ดี*  , ทวีศักดิ์ ส่งเสริม , ปรีดา เลิศวัชระสารกุล , ปิยภรณ์ เอี่ยมเจริญ , รุ่งเรือง ยอดชีวัน",,,,,,,,,,,,,
,,,,,,,,1,717,ยังไม่มีการกำหนดวัน-เวลาเรียน,ยังไม่มีการกำหนดห้องเรียน,-,99,"สุวิมล พันธุ์ดี*  , ทวีศักดิ์ ส่งเสริม , ปรีดา เลิศวัชระสารกุล , ปิยภรณ์ เอี่ยมเจริญ , รุ่งเรือง ยอดชีวัน",,,,,,,,,,,,,
"01537411-62 เนื้องอกวิทยา จักษุวิทยาและตจวิทยาในสัตว์เล็ก (Small Animal Oncology, Ophthalmology and Dermatology)",3,3,700,ยังไม่มีการกำหนดวัน-เวลาเรียน,ยังไม่มีการกำหนดห้องเรียน,-,199,,,,,,,"ศุฐฐิวีร์ เจิมประไพ*  , สุณี คุณากรสวัสดิ์ , บุรินทร์ นิ่มสุพรรณ์",,,,,,,,,,,,,
"01537412-62 โรคระบบหัวใจร่วมหลอดเลือด ทางเดินหายใจและโลหิตวิทยาในสัตว์เล็ก (Small Animal Cardiovascular, Respiratory and Hematology)",2,2,700,ยังไม่มีการกำหนดวัน-เวลาเรียน,ยังไม่มีการกำหนดห้องเรียน,-,199,,,,,,,"พายุ ศรีศุภร*  , อมรรัตน์ ศาสตรวาหา , ทักษอร ดวงอุไร",,,,,,,,,,,,,
01537413-62 ประสาทวิทยาและเวชศาสตร์ฉุกเฉินในสัตว์เล็ก (Small Animal Neurology and Emergency Medicine),2,2,700,ยังไม่มีการกำหนดวัน-เวลาเรียน,ยังไม่มีการกำหนดห้องเรียน,-,199,,,,,,,นิรุตติ์ สุวรรณา* ,,,,,,,,,,,,,
"01537414-62 วิทยาการระบบทางเดินอาหาร ต่อมไร้ท่อและทันตกรรมในสัตว์เล็ก (Small Animal Gastroenterology, Endocrinology and Dentistry)",2,2,700,ยังไม่มีการกำหนดวัน-เวลาเรียน,ยังไม่มีการกำหนดห้องเรียน,-,199,,,,,,,"จตุพร รัตนศรีสมพร*  , สิริกุล สุนทรารักษ์ , เสลภูมิ ไพเราะ",,,,,,,,,,,,,
01537419-62 ปฏิบัติการทางอายุรศาสตร์และเวชศาสตร์ระบบสืบพันธุ์ทางสัตว์เล็ก (Laboratory in Small Animal Medicine and Theriogenology),,,,,,,,1,711,ยังไม่มีการกำหนดวัน-เวลาเรียน,ยังไม่มีการกำหนดห้องเรียน,-,199,"กัญจน์ แก้วมงคล*  , นริศ เต็งชัยศรี , อมรรัตน์ ศาสตรวาหา , สุณี คุณากรสวัสดิ์ , วราภรณ์ อ่วมอ่าม , จตุพร รัตนศรีสมพร , พันพิชา สัตถาสาธุชนะ , ทัศนีย์ เจริญทรง , มนชนก วิจารสรณ์ , คงศักดิ์ เที่ยงธรรม , เจดีย์ เต็มวิจิตร , จันทร์จิรา ภวภูตานนท์ , นิรุตติ์ สุวรรณา , ชัยกร ฐิติญาณพร , สิริรัตน์ นิยม , สถิตภัค อัศวราชันย์ , ศุฐฐิวีร์ เจิมประไพ , ทักษอร ดวงอุไร , วุฒิวงศ์ ธีระพันธ์ , พายุ ศรีศุภร , เสลภูมิ ไพเราะ , ชื่นสุมน ลิ้มมานนท์ , สิริกุล สุนทรารักษ์",,,,,,,,,,,,,
01537421-62 โรคติดเชื้อในสัตว์เล็ก (Small Animal Infectious Diseases),2,2,700,ยังไม่มีการกำหนดวัน-เวลาเรียน,ยังไม่มีการกำหนดห้องเรียน,-,199,,,,,,,ทัศนีย์ เจริญทรง* ,,,,,,,,,,,,,
01537431-62 วิสัญญีวิทยาทางสัตวแพทย์ (Veterinary Anesthesiology),2,2,700,ยังไม่มีการกำหนดวัน-เวลาเรียน,ยังไม่มีการกำหนดห้องเรียน,-,199,,,,,,,สิริรัตน์ นิยม* ,,,,,,,,,,,,,
01537432-62 หลักศัลยศาสตร์ทางสัตวแพทย์ (Principle of Veterinary Surgery),1,1,700,ยังไม่มีการกำหนดวัน-เวลาเรียน,ยังไม่มีการกำหนดห้องเรียน,-,199,,,,,,,"นริศ เต็งชัยศรี*  , พันพิชา สัตถาสาธุชนะ , ชัยกร ฐิติญาณพร",,,,,,,,,,,,,
01537433-62 ปฏิบัติการทางวิสัญญีและศัลยศาสตร์ทางสัตว์เล็ก (Laboratory in Small Animal Anesthesiology and Surgery),,,,,,,,1,711,ยังไม่มีการกำหนดวัน-เวลาเรียน,ยังไม่มีการกำหนดห้องเรียน,-,199,"ชัยกร ฐิติญาณพร*  , นริศ เต็งชัยศรี , อมรรัตน์ ศาสตรวาหา , สุณี คุณากรสวัสดิ์ , วราภรณ์ อ่วมอ่าม , จตุพร รัตนศรีสมพร , พันพิชา สัตถาสาธุชนะ , ทัศนีย์ เจริญทรง , มนชนก วิจารสรณ์ , คงศักดิ์ เที่ยงธรรม , เจดีย์ เต็มวิจิตร , จันทร์จิรา ภวภูตานนท์ , นิรุตติ์ สุวรรณา , สิริรัตน์ นิยม , สถิตภัค อัศวราชันย์ , ศุฐฐิวีร์ เจิมประไพ , ทักษอร ดวงอุไร , วุฒิวงศ์ ธีระพันธ์ , พายุ ศรีศุภร , เสลภูมิ ไพเราะ , ชื่นสุมน ลิ้มมานนท์ , สิริกุล สุนทรารักษ์",,,,,,,,,,,,,
01537434-62 ศัลยศาสตร์เนื้อเยื่ออ่อนในสัตว์เล็ก (Small Animal Soft Tissue Surgery),3,3,700,ยังไม่มีการกำหนดวัน-เวลาเรียน,ยังไม่มีการกำหนดห้องเรียน,-,199,,,,,,,"ชัยกร ฐิติญาณพร*  , นริศ เต็งชัยศรี , สุณี คุณากรสวัสดิ์",,,,,,,,,,,,,
01537435-62 ออร์โทพีดิกส์และเวชศาสตร์ฟื้นฟูในสัตว์เล็ก (Small Animal Orthopedic and Rehabilitation),1,1,700,ยังไม่มีการกำหนดวัน-เวลาเรียน,ยังไม่มีการกำหนดห้องเรียน,-,199,,,,,,,มนชนก วิจารสรณ์* ,,,,,,,,,,,,,
01537451-62 หลักการวินิจฉัยด้วยภาพรังสีทางสัตวแพทย์ (Principle of Veterinary Diagnostic Radiology),2,2,700,ยังไม่มีการกำหนดวัน-เวลาเรียน,ยังไม่มีการกำหนดห้องเรียน,-,199,,,,,,,"วุฒิวงศ์ ธีระพันธ์*  , วราภรณ์ อ่วมอ่าม",,,,,,,,,,,,,
01537681-62 คลินิกปฏิบัติอายุรกรรมในสัตว์เล็ก (Clinical Practice in Small Animal Internal Medicine),,,,,,,,4,711,ยังไม่มีการกำหนดวัน-เวลาเรียน,ยังไม่มีการกำหนดห้องเรียน,-,99,พันพิชา สัตถาสาธุชนะ* ,,,,,,,,,,,,,
,,,,,,,,4,712,ยังไม่มีการกำหนดวัน-เวลาเรียน,ยังไม่มีการกำหนดห้องเรียน,-,99,พันพิชา สัตถาสาธุชนะ* ,,,,,,,,,,,,,
,,,,,,,,4,713,ยังไม่มีการกำหนดวัน-เวลาเรียน,ยังไม่มีการกำหนดห้องเรียน,-,99,พันพิชา สัตถาสาธุชนะ* ,,,,,,,,,,,,,
,,,,,,,,4,714,ยังไม่มีการกำหนดวัน-เวลาเรียน,ยังไม่มีการกำหนดห้องเรียน,-,99,พันพิชา สัตถาสาธุชนะ* ,,,,,,,,,,,,,
,,,,,,,,4,715,ยังไม่มีการกำหนดวัน-เวลาเรียน,ยังไม่มีการกำหนดห้องเรียน,-,99,พันพิชา สัตถาสาธุชนะ* ,,,,,,,,,,,,,
,,,,,,,,4,716,ยังไม่มีการกำหนดวัน-เวลาเรียน,ยังไม่มีการกำหนดห้องเรียน,-,99,พันพิชา สัตถาสาธุชนะ* ,,,,,,,,,,,,,
01537682-62 คลินิกปฏิบัติศัลยกรรมในสัตว์เล็ก (Clinical Practice in Small Animal Internal Surgery),,,,,,,,4,711,ยังไม่มีการกำหนดวัน-เวลาเรียน,ยังไม่มีการกำหนดห้องเรียน,-,99,มนชนก วิจารสรณ์* ,,,,,,,,,,,,,
,,,,,,,,4,712,ยังไม่มีการกำหนดวัน-เวลาเรียน,ยังไม่มีการกำหนดห้องเรียน,-,99,มนชนก วิจารสรณ์* ,,,,,,,,,,,,,
,,,,,,,,4,713,ยังไม่มีการกำหนดวัน-เวลาเรียน,ยังไม่มีการกำหนดห้องเรียน,-,99,มนชนก วิจารสรณ์* ,,,,,,,,,,,,,
,,,,,,,,4,714,ยังไม่มีการกำหนดวัน-เวลาเรียน,ยังไม่มีการกำหนดห้องเรียน,-,99,มนชนก วิจารสรณ์* ,,,,,,,,,,,,,
,,,,,,,,4,715,ยังไม่มีการกำหนดวัน-เวลาเรียน,ยังไม่มีการกำหนดห้องเรียน,-,99,มนชนก วิจารสรณ์* ,,,,,,,,,,,,,
,,,,,,,,4,716,ยังไม่มีการกำหนดวัน-เวลาเรียน,ยังไม่มีการกำหนดห้องเรียน,-,99,มนชนก วิจารสรณ์* ,,,,,,,,,,,,,
01538681-62 คลินิกปฏิบัติทางจุลชีววิทยาวินิจฉัย (Clinical Practice in Diagnostic Microbiology),,,,,,,,2,711,ยังไม่มีการกำหนดวัน-เวลาเรียน,ยังไม่มีการกำหนดห้องเรียน,-,199,"พลอยไพลิน เสมคำ*  , ปฐมาพร เอมะวิศิษฎ์ , จันทิมา พฤกษากร , ชมพูเนกข์ ยุรญาติ , จตุพร รัตนศรีสมพร , สุนันท์ พินิตเกียรติสกุล , อุสุมา เจิมนาค , แสงชัย ยิ่งศักดิ์มงคล",,,,,,,,,,,,,
สิ่งแวดล้อม,,,,,,,,,,,,,,,,,,,,,,,,,,,
01651341-65 การเขียนทางวิทยาศาสตร์และเทคโนโลยีสิ่งแวดล้อม (Environmental Science and Technology Writing),1,1,700,วันศุกร์  8:30-9:30,LH3-306,T02-3,33,,,,,,,ธนพัฒน์ จันทร์สระคู* ,,,,,,,,,,,,,
01651361-65 การปนเปื้อนในดินและการพื้นฟู (Soil Contamination and Remediation),3,2,700,วันอังคาร  10:00-12:00,LH3-306,T02-3,33,,,,,,,"แอน กำภู ณ อยุธยา , มณีกาญจน์ อยู่เอี่ยม* ",,,,,,,,,,,,,
,3,2,701,ติดต่อผู้สอน,ติดต่อผู้สอน,T02-4,25,,,,,,,"แอน กำภู ณ อยุธยา , มณีกาญจน์ อยู่เอี่ยม* ",,,,,,,,,,,,,
,,,,,,,,1,711,วันอังคาร  13:00-16:00,LH3-306,T02-3,16,"แอน กำภู ณ อยุธยา*  , มณีกาญจน์ อยู่เอี่ยม",,,,,,,,,,,,,
,,,,,,,,1,712,วันอังคาร  13:00-16:00,LH3-306,T02-3,16,"แอน กำภู ณ อยุธยา , มณีกาญจน์ อยู่เอี่ยม* ",,,,,,,,,,,,,
,,,,,,,,1,713,ติดต่อผู้สอน,ติดต่อผู้สอน,T02-4,25,"แอน กำภู ณ อยุธยา , มณีกาญจน์ อยู่เอี่ยม* ",,,,,,,,,,,,,
01651362-65 น้ำเสียและการจัดการมลพิษทางน้ำ (Wastewater and Water Pollution Management),3,2,700,วันพฤหัสบดี  10:00-12:00,LH3-306,T02-3,33,,,,,,,"มณีกาญจน์ อยู่เอี่ยม*  , อาทิตยา ช่างด้วง",,,,,,,,,,,,,
,3,2,701,ติดต่อผู้สอน,ติดต่อผู้สอน,T02-4,25,,,,,,,"มณีกาญจน์ อยู่เอี่ยม*  , อาทิตยา ช่างด้วง",,,,,,,,,,,,,
,,,,,,,,1,711,วันพฤหัสบดี  13:00-16:00,LH3-306,T02-3,16,"มณีกาญจน์ อยู่เอี่ยม*  , อาทิตยา ช่างด้วง",,,,,,,,,,,,,
,,,,,,,,1,712,วันพฤหัสบดี  13:00-16:00,LH3-306,T02-3,17,"มณีกาญจน์ อยู่เอี่ยม , อาทิตยา ช่างด้วง* ",,,,,,,,,,,,,
,,,,,,,,1,713,ติดต่อผู้สอน,ติดต่อผู้สอน,T02-4,25,"มณีกาญจน์ อยู่เอี่ยม*  , อาทิตยา ช่างด้วง",,,,,,,,,,,,,
01651363-65 มลพิษทางอากาศ (Air Pollution),3,2,700,วันศุกร์  10:00-12:00,LH3-306,T02-3,33,,,,,,,"ชลอ จารุสุทธิรักษ์ , ธัญภัสสร์ ทองเย็น*  , ธนพัฒน์ จันทร์สระคู",,,,,,,,,,,,,
,3,2,701,ติดต่อผู้สอน,ติดต่อผู้สอน,T02-4,25,,,,,,,"ชลอ จารุสุทธิรักษ์ , ธัญภัสสร์ ทองเย็น*  , ธนพัฒน์ จันทร์สระคู",,,,,,,,,,,,,
,,,,,,,,1,711,วันศุกร์  13:00-16:00,LH3-306,T02-3,11,"ชลอ จารุสุทธิรักษ์*  , ธัญภัสสร์ ทองเย็น , ธนพัฒน์ จันทร์สระคู",,,,,,,,,,,,,
,,,,,,,,1,712,วันศุกร์  13:00-16:00,LH3-306,T02-3,11,"ชลอ จารุสุทธิรักษ์ , ธัญภัสสร์ ทองเย็น*  , ธนพัฒน์ จันทร์สระคู",,,,,,,,,,,,,
,,,,,,,,1,713,วันศุกร์  13:00-16:00,LH3-306,T02-3,11,"ชลอ จารุสุทธิรักษ์ , ธัญภัสสร์ ทองเย็น , ธนพัฒน์ จันทร์สระคู* ",,,,,,,,,,,,,
,,,,,,,,1,714,ติดต่อผู้สอน,ติดต่อผู้สอน,T02-4,25,"ชลอ จารุสุทธิรักษ์ , ธัญภัสสร์ ทองเย็น*  , ธนพัฒน์ จันทร์สระคู",,,,,,,,,,,,,
01651422-65 พลังงานเชิงนิเวศ (Eco-energy),3,3,700,วันอังคาร  13:00-16:00,LH3-307,T02-4,35,,,,,,,"มณีกาญจน์ อยู่เอี่ยม , ประไพพิศ ชัยรัตนมโนกร* ",,,,,,,,,,,,,
01651431-65 การประเมินความเสี่ยงด้านสิ่งแวดล้อม (Environmental Risk Asessment),3,3,700,วันศุกร์  9:00-12:00,LH3-202,T02-4,46,,,,,,,อาทิตยา ช่างด้วง* ,,,,,,,,,,,,,
01651451-65 การจัดการระบบนิเวศและทรัพยากรธรรมชาติ (Ecosystem and Natural Resource Management),3,3,700,วันพุธ  13:00-16:00,LH3-306,"T02-4 , T03-3",59,,,,,,,อรรถพล อ่างแก้ว* ,,,,,,,,,,,,,
01651454-65 การเปลี่ยนแปลงสภาพภูมิอากาศต่อสิ่งแวดล้อม (Climate Change on Environment),3,3,700,วันจันทร์  9:00-12:00,LH3-206,"T02-3 , T02-4",30,,,,,,,ธนพัฒน์ จันทร์สระคู* ,,,,,,,,,,,,,
01651461-65 การจัดการวัตถุและของเสียอันตราย (Hazardous Material and Waste Management),3,3,700,วันจันทร์  13:00-16:00,LH3-306,T02-4,46,,,,,,,"มณีกาญจน์ อยู่เอี่ยม , อาทิตยา ช่างด้วง* ",,,,,,,,,,,,,
01661321-65 การสรรสร้างเทคโนโลยีสิ่งแวดล้อม (Environmental Technology Creation),3,3,700,วันอังคาร  13:00-16:00,ห้องประชุม ชั้น3 อาคารชูชาติ กำภู,T03-4,4,,,,,,,ธนิศร์ ปัทมพิฑูร* ,,,,,,,,,,,,,
01661422-65 การจัดการของเสียเป็นศูนย์ (Zero Waste Management),3,3,700,วันพฤหัสบดี  13:00-16:00,ห้องประชุม ชั้น 3 อาคารชูชาติ กำภู,T03-4,4,,,,,,,นพวรรณ เสมวิมล* ,,,,,,,,,,,,,
01661433-65 อุตุนิยมวิทยาใกล้ผิวดินและการเปลี่ยนแปลงโลก (Micrometeorology and Global Change),3,3,700,วันพฤหัสบดี  9:00-12:00,ห้องประชุมชั้น 3 อาคารชูชาติ กำภู,"T03-3 , T03-4",16,,,,,,,ภาคภูมิ ชูมณี* ,,,,,,,,,,,,,
01661434-65 ภัยพิบัติและการฟื้นฟู (Disaster and Restoration),3,3,700,วันอังคาร  9:00-12:00,ห้องประชุม ชั้น 3 อาคารชูชาติ กำภู,T03-4,4,,,,,,,ธนิศร์ ปัทมพิฑูร* ,,,,,,,,,,,,,
01661465-65 การจัดการคุณภาพอากาศเขตเมือง (Urban Air Quality Management),3,3,700,วันอังคาร  16:30-19:30,ห้องประชุมชั้น 3 อาคารชูชาติ กำภู,"T03-3 , T03-4",16,,,,,,,ภาคภูมิ ชูมณี* ,,,,,,,,,,,,,
01661497-65 สัมมนา (Seminar),1,1,700,วันพฤหัสบดี  16:00-19:00,ห้องประชุมชั้น 3 อาคารชูชาติ กำภู,T03-4,4,,,,,,,วัชรพงษ์ วาระรัมย์* ,,,,,,,,,,,,,
01671211-65 สิ่งแวดล้อมทางธรรมชาติ (Natural Environment),3,3,700,วันพุธ  9:00-12:00,KH80-206,T02-2,55,,,,,,,อรรถพล อ่างแก้ว* ,,,,,,,,,,,,,
01671332-65 การศึกษาผลกระทบสิ่งแวดล้อม (Environmental Impact Study),3,2,700,วันพุธ  8:00-10:00,LH3-204,"T02-3 , T03-3",49,,,,,,,กิตติชัย ดวงมาลย์* ,,,,,,,,,,,,,
,,,,,,,,1,711,วันพุธ  10:00-12:00,LH3-204,"T02-3 , T03-3",49,กิตติชัย ดวงมาลย์* ,,,,,,,,,,,,,
อุตสาหกรรมบริการ,,,,,,,,,,,,,,,,,,,,,,,,,,,
02719222-65 การจัดการนิทรรศการ อีเว้นท์ และงานเทศกาล (Exhibition Event and Festival Management),3,3,700,วันพฤหัสบดี  9:00-12:00,P301,H10-3,48,,,,,,,นิรมล ขวาของ* ,,,,,,,,,,,,,
,3,3,701,วันพฤหัสบดี  9:00-12:00,P401,H10-3,47,,,,,,,วุฒิ อำพันธ์,,,,,,,,,,,,,
02719323-65 การท่องเที่ยวเชิงชุมชนอย่างสร้างสรรค์ในธุรกิจบริการและไมซ์ (Creative Community-Based Tourism in Hospitality Business and MICE),3,3,700,วันอังคาร  9:00-12:00,P417,H10-3,95,,,,,,,วุฒิ อำพันธ์,,,,,,,,,,,,,
02719324-65 การจัดการอาหารและงานจัดเลี้ยงในธุรกิจบริการและไมซ์ (Food and Catering Management in Hospitality Business and MICE),3,3,700,วันศุกร์  9:00-12:00,P410,H10-3,48,,,,,,,ปัญจมาพร ตำนานวัน* ,,,,,,,,,,,,,
,3,3,701,วันศุกร์  9:00-12:00,P417,H10-3,47,,,,,,,อริยา พงษ์พานิช,,,,,,,,,,,,,
02719411-65 การจัดการกลยุทธ์ในธุรกิจบริการและไมซ์ (Strategic Management in Hospitality Business and MICE),3,3,700,วันพฤหัสบดี  13:00-16:00,P513,H10-4,63,,,,,,,พัทธ์สิริ สุวรรณาภิรมย์,,,,,,,,,,,,,
02719412-65 การเป็นผู้ประกอบการในธุรกิจบริการและไมซ์ (Hospitality Business and MICE Entrepreneurship),3,3,700,วันศุกร์  9:00-12:00,P512,H10-4,62,,,,,,,พัทธ์สิริ สุวรรณาภิรมย์,,,,,,,,,,,,,
02719413-65 การพัฒนาธุรกิจบริการและไมซ์อย่างยั่งยืน (Sustainable Development in Hospitality Business and MICE),3,3,700,วันจันทร์  9:00-12:00,P512,H10-4,62,,,,,,,นิรมล ขวาของ* ,,,,,,,,,,,,,
02719498-65 ปัญหาพิเศษ (Special Problems),,,,,,,,3,700,วันศุกร์  13:00-16:00,ติดต่อผู้สอน,H10-4,62,อริยา พงษ์พานิช* ,,,,,,,,,,,,,
02744211-65 เทคโนโลยีสารสนเทศสำหรับธุรกิจโรงแรมและภัตตาคาร (Information Technology for Hotel and Restaurant Business),3,3,700,วันอังคาร  13:00-16:00,P410,H07-4,95,,,,,,,ชนัญญู ตินตะบุระ* ,,,,,,,,,,,,,
,3,3,874,"วันจันทร์  10:30-12:00,วันศุกร์  15:00-16:30","SIL205 , SIL103",H07-4,26,,,,,,,ชนัญญู ตินตะบุระ* ,,,,,,,,,,,,,
02744242-65 การจัดการงานครัว (Kitchen Management),3,3,700,วันพฤหัสบดี  9:00-12:00,P517,"H07-2 , H07-3",91,,,,,,,ปฤณพร บุญรังษี* ,,,,,,,,,,,,,
,3,3,874,วันพุธ  13:00-16:00,P518,H07-2,57,,,,,,,ปฤณพร บุญรังษี* ,,,,,,,,,,,,,
02744243-65 การดำเนินงานภัตตาคาร (Restaurant Operations),3,2,700,วันจันทร์  8:00-10:00,P310,"H07-3 , H07-4",99,,,,,,,,,,,,,,,,,,,,
,,,,,,,,1,711,วันจันทร์  10:00-12:00,P310,"H07-3 , H07-4",99,,,,,,,,,,,,,,
,3,2,874,วันจันทร์  13:00-15:00,P518,H07-3,20,,,,,,,ปฤณพร บุญรังษี* ,,,,,,,,,,,,,
,,,,,,,,1,874,วันจันทร์  15:00-17:00,P518,H07-3,20,ปฤณพร บุญรังษี* ,,,,,,,,,,,,,
02744261-65 ภาษาอังกฤษสำหรับอุตสาหกรรมบริการ (English for Hospitality Industry),3,3,700,วันศุกร์  13:00-16:00,SIL102,"H07-2 , H07-3 , H07-4",45,,,,,,,สุนทรัตร์ แสงงาม* ,,,,,,,,,,,,,
,3,3,701,วันจันทร์  16:00-19:00,P415,"H07-2 , H07-3 , H07-4",45,,,,,,,สุนทรัตร์ แสงงาม* ,,,,,,,,,,,,,
,3,3,874,วันพฤหัสบดี  16:00-19:00,P518,"H07-2 , H07-3 , H07-4",57,,,,,,,สุนทรัตร์ แสงงาม* ,,,,,,,,,,,,,
02744311-65 กฎหมายและจรรยาบรรณวิชาชีพสำหรับธุรกิจโรงแรมและภัตตาคาร (Laws and Professional Ethics for Hotel and Restaurant Business),3,3,700,วันพฤหัสบดี  16:00-19:00,P307,"H07-3 , H07-4",99,,,,,,,,,,,,,,,,,,,,
02744321-65 การวางแผนและพัฒนากลยุทธ์สำหรับธุรกิจโรงแรมและภัตตาคาร (Planning and Development of Strategy for Hotel and Restaurant Business),3,3,700,"วันจันทร์  13:00-14:30,วันพฤหัสบดี  13:00-14:30","SILLH103 , P407","H07-3 , H07-4",99,,,,,,,ชนัญญู ตินตะบุระ* ,,,,,,,,,,,,,
,3,3,874,"วันจันทร์  9:00-10:30,วันพฤหัสบดี  9:00-10:30","SIL205 , SIL205",H07-3,20,,,,,,,ชนัญญู ตินตะบุระ* ,,,,,,,,,,,,,
02744323-65 การบัญชีและการเงินสำหรับธุรกิจโรงแรมและภัตตาคาร (Accounting and Financial for Hotel and Restaurant Business),3,3,700,วันอังคาร  9:00-12:00,P509,"H07-3 , H07-5 , H07-4 , H07-4X",101,,,,,,,ชนัญญู ตินตะบุระ* ,,,,,,,,,,,,,
,3,3,874,วันพุธ  13:00-16:00,SIL205,H07-3,20,,,,,,,ชนัญญู ตินตะบุระ* ,,,,,,,,,,,,,
02744324-65 การตลาดออนไลน์ในธุรกิจโรงแรมและภัตตาคาร (Online marketing  for Hotel and Restaurant Business),3,3,700,วันพุธ  16:00-19:00,P315,"H07-3 , H07-4",154,,,,,,,กฤษณ์ เลี้ยงพันธุ์* ,,,,,,,,,,,,,
,3,3,874,"วันจันทร์  17:30-19:00,วันอังคาร  17:00-18:30","P518 , P518",H07-4,26,,,,,,,กฤษณ์ เลี้ยงพันธุ์* ,,,,,,,,,,,,,
02744331-65 การดำเนินงานส่วนแม่บ้าน (Housekeeping Operation),3,2,700,วันจันทร์  8:00-10:00,P301,H07-2,45,,,,,,,ปฤณพร บุญรังษี* ,,,,,,,,,,,,,
,3,2,701,วันอังคาร  8:00-10:00,P401,H07-2,45,,,,,,,ปฤณพร บุญรังษี* ,,,,,,,,,,,,,
,,,,,,,,1,711,วันจันทร์  10:00-12:00,P301,H07-2,45,ปฤณพร บุญรังษี* ,,,,,,,,,,,,,
,,,,,,,,1,712,วันอังคาร  10:00-12:00,P401,H07-2,45,ปฤณพร บุญรังษี* ,,,,,,,,,,,,,
,3,2,874,วันศุกร์  8:00-10:00,P301,H07-2,57,,,,,,,ปฤณพร บุญรังษี* ,,,,,,,,,,,,,
,,,,,,,,1,874,วันศุกร์  10:00-12:00,P301,H07-2,57,ปฤณพร บุญรังษี* ,,,,,,,,,,,,,
02744347-65 การจัดการงานเทศกาลอาหาร (Food Festival Management),3,3,700,วันศุกร์  9:00-12:00,P315,"H07-2 , H07-3 , H07-4",195,,,,,,,ศุศราภรณ์ แต่งตั้งลำ* ,,,,,,,,,,,,,
,3,3,874,"วันอังคาร  17:30-19:00,วันศุกร์  16:00-17:30","P307 , P307",H07-2,57,,,,,,,ศุศราภรณ์ แต่งตั้งลำ* ,,,,,,,,,,,,,
02744351-65 การจัดการธุรกิจร้านกาแฟ (Coffee Shop Management),3,3,700,วันพฤหัสบดี  13:00-16:00,P517,H07-4,50,,,,,,,ณภัทร สำราญราษฎร์* ,,,,,,,,,,,,,
,3,3,874,วันพฤหัสบดี  9:00-12:00,P518,H07-4,26,,,,,,,ณภัทร สำราญราษฎร์* ,,,,,,,,,,,,,
02744392-65 ฝึกงานโรงแรมและภัตตาคาร I (Internship for Hotel and Restaurant I),,,,,,,,2,711,ยังไม่มีการกำหนดวัน-เวลาเรียน,ยังไม่มีการกำหนดห้องเรียน,H07-4,100,ชนัญญู ตินตะบุระ* ,,,,,,,,,,,,,
,,,,,,,,2,874,ยังไม่มีการกำหนดวัน-เวลาเรียน,ยังไม่มีการกำหนดห้องเรียน,H07-4,30,ชนัญญู ตินตะบุระ* ,,,,,,,,,,,,,
02744411-65 การพัฒนาบุคลิกภาพและจิตวิทยาสำหรับธุรกิจโรงแรมและภัตตาคาร (Personality Development and Psychology for Hotel and Restaurant Business),3,3,700,"วันจันทร์  13:00-14:30,วันพุธ  13:00-14:30","P509 , P517",H07-2,90,,,,,,,ณภัทร สำราญราษฎร์* ,,,,,,,,,,,,,
,3,3,874,วันจันทร์  9:00-12:00,P505,H07-2,57,,,,,,,ณภัทร สำราญราษฎร์* ,,,,,,,,,,,,,
02744421-65 การจัดการคุณภาพบริการสำหรับธุรกิจโรงแรมและภัตตาคาร (Service Quality Management for Hotel and Restaurant Business),3,3,700,วันจันทร์  9:00-12:00,SILLH106,H07-4,95,,,,,,,กฤษณ์ เลี้ยงพันธุ์* ,,,,,,,,,,,,,
,3,3,874,"วันอังคาร  10:30-12:00,วันอังคาร  13:00-14:30","P518 , P518",H07-4,26,,,,,,,กฤษณ์ เลี้ยงพันธุ์* ,,,,,,,,,,,,,
02744441-65 การดำเนินงานบาร์ (Bar Operation),3,2,700,วันศุกร์  8:00-10:00,P518,"H07-3 , H07-4",40,,,,,,,,,,,,,,,,,,,,
,,,,,,,,1,711,วันศุกร์  10:00-12:00,P518,"H07-3 , H07-4",40,,,,,,,,,,,,,,
,3,2,874,วันศุกร์  13:00-15:00,SIL205,H07-3,20,,,,,,,ปฤณพร บุญรังษี* ,,,,,,,,,,,,,
,,,,,,,,1,874,วันศุกร์  15:00-17:00,SIL205,H07-3,20,ปฤณพร บุญรังษี* ,,,,,,,,,,,,,
02744461-65 ภาษาอังกฤษเพื่อเตรียมพร้อมด้านอาชีพในธุรกิจโรงแรมและภัตตาคาร (English for Career Preparation in Hotel and Restaurant Business),3,3,700,"วันจันทร์  16:00-17:30,วันอังคาร  10:30-12:00","P513 , P505",H07-4,50,,,,,,,ปิยะนุช เลาศรีรัตนชัย* ,,,,,,,,,,,,,
,3,3,701,"วันอังคาร  16:00-17:30,วันพฤหัสบดี  16:00-17:30","P517 , P517",H07-4,50,,,,,,,กาญจนาภา อินทรจักร์* ,,,,,,,,,,,,,
,3,3,874,วันพุธ  16:00-19:00,P518,H07-4,26,,,,,,,ปิยะนุช เลาศรีรัตนชัย* ,,,,,,,,,,,,,
02744497-65 สัมมนา (Seminar),1,1,700,วันอังคาร  9:00-10:00,P410,H07-4,98,,,,,,,กฤษณ์ เลี้ยงพันธุ์* ,,,,,,,,,,,,,
,1,1,874,วันอังคาร  16:00-17:00,P518,H07-4,26,,,,,,,กฤษณ์ เลี้ยงพันธุ์* ,,,,,,,,,,,,,
02745111-65 วิวัฒนาการงานบริการในอุตสาหกรรมการท่องเที่ยวบริการ (Service Evolution in Tourism and Hospitality Industry),3,3,700,วันจันทร์  13:00-16:00,LH2-303,H05-1,165,,,,,,,ศุศราภรณ์ แต่งตั้งลำ* ,,,,,,,,,,,,,
,3,3,882,"วันอังคาร  16:00-17:30,วันพุธ  17:30-19:00","LH4-104 , SILLH105","H05-1 , H05-2",156,,,,,,,ศุศราภรณ์ แต่งตั้งลำ* ,,,,,,,,,,,,,
02745112-65 จิตวิทยาอุตสาหกรรมการท่องเที่ยวและบริการ (Psychology in Tourism and Hospitality Industry),3,3,700,วันศุกร์  13:00-16:00,P315,H05-1,165,,,,,,,ศุศราภรณ์ แต่งตั้งลำ* ,,,,,,,,,,,,,
,3,3,882,"วันจันทร์  17:30-19:00,วันศุกร์  17:30-19:00","SILLH105 , SILLH105","H05-1 , H05-2",156,,,,,,,ศุศราภรณ์ แต่งตั้งลำ* ,,,,,,,,,,,,,
02745213-65 การขนส่งอุตสาหกรรมการท่องเที่ยวและบริการ (Transportation in Tourism and Hospitality Industry),3,3,700,วันพฤหัสบดี  13:00-16:00,SILLH103,H05-2,98,,,,,,,ศุศราภรณ์ แต่งตั้งลำ* ,,,,,,,,,,,,,
02745214-65 พฤติกรรมนักท่องเที่ยวข้ามวัฒนธรรม (Cross-cultural Tourist Behavior),3,3,700,"วันพุธ  16:00-17:30,วันพฤหัสบดี  10:30-12:00","SILLH102 , SILLH104",H05-2,98,,,,,,,ปิยพงศ์ เขตปิยรัตน์* ,,,,,,,,,,,,,
02745217-65 เทคโนโลยีสารสนเทศในงานออกแบบนวัตกรรมการบริการ (Information Technology in Service Innovation),3,3,700,"วันจันทร์  14:30-16:00,วันจันทร์  16:00-17:30","SIL303 , SILLH106",H05-2,49,,,,,,,ปิยพงศ์ เขตปิยรัตน์* ,,,,,,,,,,,,,
,3,3,701,"วันอังคาร  14:30-16:00,วันพุธ  14:30-16:00","SIL303 , SIL303",H05-2,49,,,,,,,ปิยพงศ์ เขตปิยรัตน์* ,,,,,,,,,,,,,
02745222-65 หลักการมัคคุเทศก์อาชีพ (Principle of Professional Tour Guide),3,2,700,วันศุกร์  12:30-14:30,SIL206,H05-2,98,,,,,,,นุชประวีณ์ ลิขิตศรัณย์* ,,,,,,,,,,,,,
,,,,,,,,1,711,วันศุกร์  14:30-16:30,SIL206,H05-2,98,นุชประวีณ์ ลิขิตศรัณย์* ,,,,,,,,,,,,,
02745237-65 การพัฒนาการท่องเที่ยวชุมชนเชิงสร้างสรรค์ (Creative Community-Based Tourism Development),3,3,700,วันศุกร์  13:00-16:00,SIL303,H05-3,89,,,,,,,ปิยพงศ์ เขตปิยรัตน์* ,,,,,,,,,,,,,
02745241-65 นวัตกรรมศิลปะการประกอบอาหารและการกินอยู่ (Food Styling Innovation and Gastronomy),3,2,700,วันพุธ  8:00-10:00,SIL 301,-,86,,,,,,,ปิยพงศ์ เขตปิยรัตน์* ,,,,,,,,,,,,,
,,,,,,,,1,711,วันพุธ  10:00-12:00,SIL 301,-,86,ปิยพงศ์ เขตปิยรัตน์* ,,,,,,,,,,,,,
02745324-65 การจัดนำเที่ยวในประเทศและต่างประเทศ (Organization of Domestic and Inbound Tours),3,2,700,วันพฤหัสบดี  8:00-10:00,SILLH103,H05-3,89,,,,,,,ศุศราภรณ์ แต่งตั้งลำ* ,,,,,,,,,,,,,
,,,,,,,,1,711,วันพฤหัสบดี  10:00-12:00,SILLH103,H05-3,89,ศุศราภรณ์ แต่งตั้งลำ* ,,,,,,,,,,,,,
02745327-65 วิธีเชิงปริมาณและวิเคราะห์ข้อมูลเพื่ออุตสาหกรรมการท่องเที่ยวและบริการ (Quantitative Methods in Tourism and Hospitality Industry),3,1,700,วันพฤหัสบดี  8:00-9:00,SIL204,H05-4,10,,,,,,,ชนม์ชนก ชิตประเสริฐ* ,,,,,,,,,,,,,
,,,,,,,,2,711,วันพฤหัสบดี  9:00-13:00,SIL204,H05-4,10,ชนม์ชนก ชิตประเสริฐ* ,,,,,,,,,,,,,
02745333-65 ศิลปะการถ่ายภาพและการเขียนบทวิจารณ์ทางการท่องเที่ยว (Art of Photography and Tourism Review Writing),3,3,700,วันศุกร์  13:00-16:00,SILLH102,H05-4,86,,,,,,,วุฒิ อำพันธ์* ,,,,,,,,,,,,,
02745335-65 การตลาดดิจิทัลสำหรับจุดหมายปลายทางการท่องเที่ยว (Digital Marketing for Tourism Destination),3,3,700,วันอังคาร  9:00-12:00,P417,H05-4,86,,,,,,,ชนม์ชนก ชิตประเสริฐ* ,,,,,,,,,,,,,
02745344-65 การออกแบบประสบการณ์สร้างสรรค์สำหรับงานนิทรรศการและการประชุม (Creative Experience Design for Event Exhibitions and Conferences),3,2,700,วันศุกร์  8:00-10:00,SIL206,H05-3,89,,,,,,,ชนม์ชนก ชิตประเสริฐ* ,,,,,,,,,,,,,
,,,,,,,,1,711,วันศุกร์  10:00-12:00,SIL206,H05-3,89,ชนม์ชนก ชิตประเสริฐ* ,,,,,,,,,,,,,
02745356-65 การออกแบบของที่ระลึกเพื่อการท่องเที่ยว (Souvenir Design for Tourism),3,3,700,วันพฤหัสบดี  13:00-16:00,SIL206,H05-4,86,,,,,,,ชนม์ชนก ชิตประเสริฐ* ,,,,,,,,,,,,,
02745445-65 การดำเนินงานและการจัดการงานบริการส่วนหน้า (Front Office Operations and Management),3,2,700,วันจันทร์  14:30-16:30,SIL206,H05-3,89,,,,,,,นุชประวีณ์ ลิขิตศรัณย์* ,,,,,,,,,,,,,
,,,,,,,,1,711,วันพุธ  14:30-16:30,SIL206,H05-3,89,นุชประวีณ์ ลิขิตศรัณย์* ,,,,,,,,,,,,,
02745467-65 การท่องเที่ยวเพื่อความสนใจพิเศษ (Special Interest Tourism),3,3,700,วันอังคาร  13:00-16:00,SILLH104,H05-3,89,,,,,,,ชนม์ชนก ชิตประเสริฐ* ,,,,,,,,,,,,,
02745491-65 ระเบียบวิธีวิจัยพื้นฐานเพื่ออุตสาหกรรมการท่องเที่ยวและบริการ (Basic Research Methodology in Tourism and Hospitality),3,2,700,วันจันทร์  8:00-10:00,SILLH104,H05-4,86,,,,,,,นุชประวีณ์ ลิขิตศรัณย์* ,,,,,,,,,,,,,
,,,,,,,,1,711,วันจันทร์  10:00-12:00,SILLH104,H05-4,86,นุชประวีณ์ ลิขิตศรัณย์* ,,,,,,,,,,,,,
02746113-64 ทักษะการฟัง-พูดภาษาอังกฤษ I (English Listening-Speaking Skills I),3,3,870,ติดต่อผู้สอน,ติดต่อผู้สอน,"H01-3 , H01-4",2,,,,,,,อมรรัตน์ รัตนวงค์* ,,,,,,,,,,,,,
02746115-64 ทักษะการอ่าน-เขียนภาษาอังกฤษ I (English Reading-Writing Skills I),3,3,700,ติดต่อผู้สอน,ติดต่อผู้สอน,H01-5,2,,,,,,,นิติกร ฤทธิโคตร* ,,,,,,,,,,,,,
,3,3,870,ติดต่อผู้สอน,ติดต่อผู้สอน,H01-3,2,,,,,,,นิติกร ฤทธิโคตร* ,,,,,,,,,,,,,
02746117-64 ทักษะคำศัพท์ภาษาอังกฤษเพื่ออุตสาหกรรมบริการ (English Vocabulary Skills for Service Industry),3,3,870,ติดต่อผู้สอน,ติดต่อผู้สอน,"H01-3 , H01-4 , H01-5",20,,,,,,,ปิยะพงษ์ เลาศรีรัตนชัย* ,,,,,,,,,,,,,
02746152-64 จิตวิทยาแรงจูงใจในอุตสาหกรรมบริการ (Psychology of Motivation in Service Industry),3,3,870,"วันพุธ  18:00-19:30,วันพฤหัสบดี  13:00-14:30","P301 , SIL204","H01-3 , H01-4 , H01-5",15,,,,,,,อุมาพร บุญเพชรแก้ว* ,,,,,,,,,,,,,
02746221-64 ภาษาอังกฤษวิชาชีพสำหรับอุตสาหกรรมบริการ (Professional English for Service Industry),3,3,700,ติดต่อผู้สอน,ติดต่อผู้สอน,"H01-3 , H01-4 , H01-5",15,,,,,,,ปิยะพงษ์ เลาศรีรัตนชัย* ,,,,,,,,,,,,,
,3,3,870,ติดต่อผู้สอน,ติดต่อผู้สอน,"H01-3 , H01-4 , H01-5",20,,,,,,,ปิยะพงษ์ เลาศรีรัตนชัย* ,,,,,,,,,,,,,
02746251-64 ความรู้เบื้องต้นเกี่ยวกับอุตสาหกรรมท่องเที่ยว (Introduction to Tourism Industry),3,3,700,ติดต่อผู้สอน,ติดต่อผู้สอน,"H01-3 , H01-4 , H01-5",5,,,,,,,อิสระพงษ์ พลธานี* ,,,,,,,,,,,,,
,3,3,870,ติดต่อผู้สอน,ติดต่อผู้สอน,"H01-3 , H01-4 , H01-5",5,,,,,,,อิสระพงษ์ พลธานี* ,,,,,,,,,,,,,
02746252-64 ความรู้เบื้องต้นเกี่ยวกับอุตสาหกรรมโรงแรม (Introduction to Hotel Industry),3,3,700,ติดต่อผู้สอน,ติดต่อผู้สอน,"H01-3 , H01-4 , H01-5",5,,,,,,,ปิยะพงษ์ เลาศรีรัตนชัย* ,,,,,,,,,,,,,
,3,3,870,ยังไม่มีการกำหนดวัน-เวลาเรียน,ยังไม่มีการกำหนดห้องเรียน,"H01-3 , H01-4 , H01-5",2,,,,,,,ปิยะพงษ์ เลาศรีรัตนชัย* ,,,,,,,,,,,,,
02746253-64 ความรู้เบื้องต้นเกี่ยวกับอุตสาหกรรมการบิน (Introduction to Aviation Industry),3,3,700,ติดต่อผู้สอน,ติดต่อผู้สอน,"H01-3 , H01-4 , H01-5",5,,,,,,,ปิยะพงษ์ เลาศรีรัตนชัย* ,,,,,,,,,,,,,
02746312-64 การแปลเพื่ออุตสาหกรรมบริการ (Translation for Service Industry),3,3,700,วันศุกร์  8:30-11:30,P509,H01-3,51,,,,,,,นิติกร ฤทธิโคตร* ,,,,,,,,,,,,,
,3,3,701,วันศุกร์  8:30-11:30,P407,H01-3,52,,,,,,,ธีระพงศ์ คงด้วง* ,,,,,,,,,,,,,
,3,3,870,วันอังคาร  16:30-19:30,P505,"H01-3 , H01-4 , H01-5",50,,,,,,,นิติกร ฤทธิโคตร* ,,,,,,,,,,,,,
,3,3,871,วันพฤหัสบดี  16:00-19:00,P505,"H01-3 , H01-4 , H01-5",52,,,,,,,นิติกร ฤทธิโคตร* ,,,,,,,,,,,,,
02746313-64 ภาษาอังกฤษเพื่อความฉลาดทางวัฒนธรรมในอุตสาหกรรมบริการ (English for Cultural Intelligence in Service Industry),3,3,700,"วันจันทร์  10:00-11:30,วันอังคาร  13:00-14:30","SIL302 , SIL302",H01-3,52,,,,,,,อมรรัตน์ รัตนวงค์* ,,,,,,,,,,,,,
,3,3,701,วันอังคาร  13:00-16:00,SIL103,H01-3,51,,,,,,,พัฒน์พินันท์ อยู่สำราญ* ,,,,,,,,,,,,,
,3,3,870,"วันอังคาร  14:30-16:00,วันพฤหัสบดี  14:30-16:00","SIL302 , SIL302","H01-3 , H01-4 , H01-5",52,,,,,,,อมรรัตน์ รัตนวงค์* ,,,,,,,,,,,,,
,3,3,871,วันอังคาร  16:00-19:00,P509,"H01-3 , H01-4 , H01-5",50,,,,,,,อมรรัตน์ รัตนวงค์* ,,,,,,,,,,,,,
02746322-64 ภาษาอังกฤษเพื่องานกีฬาสากล (English for Worldwide Sports Events),3,3,700,"วันจันทร์  16:00-17:30,วันพฤหัสบดี  13:00-14:30","P505 , P505","H01-4 , H01-5",54,,,,,,,นิติกร ฤทธิโคตร* ,,,,,,,,,,,,,
,3,3,701,วันศุกร์  8:30-11:30,SIL102,"H01-4 , H01-5",54,,,,,,,พัฒน์พินันท์ อยู่สำราญ* ,,,,,,,,,,,,,
,3,3,870,"วันจันทร์  18:00-19:30,วันพฤหัสบดี  14:30-16:00","P505 , P505","H01-4 , H01-5",68,,,,,,,นิติกร ฤทธิโคตร* ,,,,,,,,,,,,,
02746323-64 ภาษาอังกฤษสำหรับงานมัคคุเทศก์และผู้นำกลุ่มท่องเที่ยว (English for Tour Guide and Tour Leader),3,3,700,"วันจันทร์  14:30-16:00,วันพฤหัสบดี  13:00-14:30","P517 , P415",H04-2,61,,,,,,,ปิยะพงษ์ เลาศรีรัตนชัย* ,,,,,,,,,,,,,
,3,3,701,วันจันทร์  9:00-12:00,P307,H04-2,61,,,,,,,ปิยะนุช เลาศรีรัตนชัย* ,,,,,,,,,,,,,
,3,3,870,วันศุกร์  13:00-16:00,P415,H01-4,5,,,,,,,ปิยะพงษ์ เลาศรีรัตนชัย* ,,,,,,,,,,,,,
02746325-64 ภาษาอังกฤษสำหรับศิลปะในประเทศไทย (English for Arts in Thailand),3,3,870,วันศุกร์  8:30-11:30,SIL204,"H01-5 , H01-4",5,,,,,,,ปิยะพงษ์ เลาศรีรัตนชัย* ,,,,,,,,,,,,,
02746326-64 ภาษาอังกฤษสำหรับประเพณีและวัฒนธรรมไทย (English for Tradition and Culture of Thailand),3,3,700,วันพฤหัสบดี  14:30-17:30,P504,H01-3,52,,,,,,,ปิยะพงษ์ เลาศรีรัตนชัย* ,,,,,,,,,,,,,
,3,3,701,"วันจันทร์  16:00-17:30,วันพุธ  16:00-17:30","P301 , P301",H01-3,51,,,,,,,ธีระพงศ์ คงด้วง* ,,,,,,,,,,,,,
,3,3,870,วันศุกร์  8:30-11:30,SIL204,"H01-3 , H01-4",50,,,,,,,ปิยะพงษ์ เลาศรีรัตนชัย* ,,,,,,,,,,,,,
,3,3,871,วันศุกร์  14:30-17:30,P512,"H01-3 , H01-4",50,,,,,,,นิติกร ฤทธิโคตร* ,,,,,,,,,,,,,
02746335-64 ภาษาอังกฤษสำหรับบาร์และการบริการเครื่องดื่ม (English for Bar and Beverage Service),3,3,700,"วันจันทร์  16:00-17:30,วันพฤหัสบดี  10:00-11:30","P401 , SIL302",H01-3,52,,,,,,,อมรรัตน์ รัตนวงค์* ,,,,,,,,,,,,,
,3,3,701,"วันพฤหัสบดี  13:00-14:30,วันศุกร์  13:00-14:30","SIL302 , SIL302",H01-3,51,,,,,,,อมรรัตน์ รัตนวงค์* ,,,,,,,,,,,,,
,3,3,702,"วันอังคาร  14:30-16:00,วันพุธ  16:00-17:30","P417 , P509",H05-4,62,,,,,,,สุนทรัตร์ แสงงาม* ,,,,,,,,,,,,,
,3,3,703,วันพฤหัสบดี  9:00-12:00,P417,"H07-3 , H07-4 , H05-4",62,,,,,,,กาญจนาภา อินทรจักร์* ,,,,,,,,,,,,,
,3,3,704,วันศุกร์  13:00-16:00,P517,H07-3,65,,,,,,,กาญจนาภา อินทรจักร์* ,,,,,,,,,,,,,
,3,3,705,"วันจันทร์  14:30-16:00,วันพุธ  14:30-16:00","P509 , P513","H10-4 , H05-4",80,,,,,,,กาญจนาภา อินทรจักร์* ,,,,,,,,,,,,,
,3,3,870,"วันพฤหัสบดี  16:00-17:30,วันศุกร์  14:30-16:00","P401 , SIL302","H01-3 , H01-4",50,,,,,,,อมรรัตน์ รัตนวงค์* ,,,,,,,,,,,,,
,3,3,871,"วันพฤหัสบดี  14:30-16:00,วันศุกร์  10:00-11:30","SIL102 , SIL103","H01-3 , H01-4",50,,,,,,,สุนทรัตร์ แสงงาม* ,,,,,,,,,,,,,
,3,3,874,วันศุกร์  9:00-12:00,SIL205,"H07-3 , H07-4",40,,,,,,,อมรรัตน์ รัตนวงค์* ,,,,,,,,,,,,,
"02746336-64 ภาษาอังกฤษสำหรับการจัดประชุม แสดงสินค้า และนิทรรศการ (English for Conference, Trade Fair, and Exhibition Business)",3,3,700,วันศุกร์  13:00-16:00,P401,"H01-4 , H01-5",54,,,,,,,ธีระพงศ์ คงด้วง* ,,,,,,,,,,,,,
,3,3,701,"วันจันทร์  13:00-14:30,วันพฤหัสบดี  13:00-14:30","P410 , P410","H01-4 , H01-5",54,,,,,,,กาญจนาภา อินทรจักร์* ,,,,,,,,,,,,,
,3,3,702,วันจันทร์  13:00-16:00,P415,H10-3,71,,,,,,,ธีระพงศ์ คงด้วง* ,,,,,,,,,,,,,
,3,3,703,"วันอังคาร  16:00-17:30,วันพฤหัสบดี  16:00-17:30","P410 , P410","H05-3 , H10-3",95,,,,,,,ธีระพงศ์ คงด้วง* ,,,,,,,,,,,,,
,3,3,704,วันจันทร์  8:30-11:30,P513,"H04-3 , H05-3",74,,,,,,,ธีระพงศ์ คงด้วง* ,,,,,,,,,,,,,
,3,3,705,วันพุธ  13:00-16:00,P310,H04-3,74,,,,,,,ธีระพงศ์ คงด้วง* ,,,,,,,,,,,,,
,3,3,870,"วันจันทร์  16:30-18:00,วันพุธ  16:30-18:00","P407 , P407","H01-4 , H01-5",68,,,,,,,กาญจนาภา อินทรจักร์* ,,,,,,,,,,,,,
02746343-64 ภาษาอังกฤษสำหรับการบริการบนเครื่องบิน (English for In-flight Services),3,3,700,"วันอังคาร  14:30-16:00,วันพฤหัสบดี  8:30-10:00","P505 , P505",H01-3,53,,,,,,,ปิยะนุช เลาศรีรัตนชัย* ,,,,,,,,,,,,,
,3,3,701,"วันจันทร์  10:00-11:30,วันพฤหัสบดี  14:30-16:00","P401 , P410",H01-3,51,,,,,,,กาญจนาภา อินทรจักร์* ,,,,,,,,,,,,,
,3,3,870,"วันจันทร์  13:00-14:30,วันศุกร์  13:00-14:30","P401 , P410","H01-3 , H01-4",50,,,,,,,ปิยะนุช เลาศรีรัตนชัย* ,,,,,,,,,,,,,
,3,3,871,"วันพุธ  13:00-14:30,วันศุกร์  8:30-10:00","P407 , SILLH102","H01-3 , H01-4",50,,,,,,,ปิยะนุช เลาศรีรัตนชัย* ,,,,,,,,,,,,,
02746344-64 ภาษาอังกฤษสำหรับการสรรหาบุคลากรด้านการบิน (English for Airline Personnel Recruitment),3,3,700,วันศุกร์  8:30-11:30,P307,"H01-4 , H01-5",54,,,,,,,กาญจนาภา อินทรจักร์* ,,,,,,,,,,,,,
,3,3,701,วันพฤหัสบดี  14:30-17:30,P417,"H01-4 , H01-5",54,,,,,,,ปิยะนุช เลาศรีรัตนชัย* ,,,,,,,,,,,,,
,3,3,870,วันอังคาร  16:00-19:00,P513,"H01-4 , H01-5",68,,,,,,,ปิยะนุช เลาศรีรัตนชัย* ,,,,,,,,,,,,,
02746492-64 ฝึกงานอุตสาหกรรมบริการ (Internship for Service Industry),,,,,,,,6,700,ติดต่อผู้สอน,ติดต่อผู้สอน,H01-5,1,ปิยะนุช เลาศรีรัตนชัย* ,,,,,,,,,,,,,
02746498-64 ปัญหาพิเศษ (Special problems),3,3,700,ติดต่อผู้สอน,ติดต่อผู้สอน,"H01-4 , H01-5",108,,,,,,,ปิยะพงษ์ เลาศรีรัตนชัย* ,,,,,,,,,,,,,
,3,3,870,ติดต่อผู้สอน,ติดต่อผู้สอน,"H01-4 , H01-5",68,,,,,,,ปิยะพงษ์ เลาศรีรัตนชัย* ,,,,,,,,,,,,,
02747111-65 อุตสาหกรรมการบิน (Aviation Industry),3,3,872,วันจันทร์  9:00-12:00,P315,H03-3,3,,,,,,,จันทร์เมธา ศรีรักษา* ,,,,,,,,,,,,,
02747212-65 นิรภัยและความปลอดภัยทางการบิน (Aviation Safety and Security),3,3,872,วันอังคาร  13:00-16:00,P310,H03-3,2,,,,,,,จันทร์เมธา ศรีรักษา* ,,,,,,,,,,,,,
02747214-65 พฤติกรรมผู้บริโภคในธุรกิจการบิน (Consumer Behavior in Aviation Business),3,3,700,วันพฤหัสบดี  9:00-12:00,P513,H03-3,76,,,,,,,ปภาพัศร์ วงษ์ประคอง* ,,,,,,,,,,,,,
,3,3,872,วันศุกร์  13:00-16:00,P504,H03-3,64,,,,,,,ปภาพัศร์ วงษ์ประคอง* ,,,,,,,,,,,,,
02747321-65 การดำเนินงานบริการภาคพื้น (Ground Service Operation),3,2,700,วันจันทร์  13:00-15:00,P512,H03-3,40,,,,,,,อังคณา ถนอมเกียรติ* ,,,,,,,,,,,,,
,3,2,701,วันพฤหัสบดี  13:00-15:00,P512,H03-3,38,,,,,,,อังคณา ถนอมเกียรติ* ,,,,,,,,,,,,,
,,,,,,,,1,711,วันจันทร์  15:00-17:00,P512,H03-3,40,อังคณา ถนอมเกียรติ* ,,,,,,,,,,,,,
,,,,,,,,1,712,วันพฤหัสบดี  15:00-17:00,P512,H03-3,38,อังคณา ถนอมเกียรติ* ,,,,,,,,,,,,,
,3,2,872,วันอังคาร  13:00-15:00,P512,H03-3,32,,,,,,,อังคณา ถนอมเกียรติ* ,,,,,,,,,,,,,
,,,,,,,,1,872,วันอังคาร  15:00-17:00,P512,H03-3,32,อังคณา ถนอมเกียรติ* ,,,,,,,,,,,,,
,3,2,873,วันพุธ  13:00-15:00,P512,H03-3,32,,,,,,,อังคณา ถนอมเกียรติ* ,,,,,,,,,,,,,
,,,,,,,,1,873,วันพุธ  15:00-17:00,P512,H03-3,32,อังคณา ถนอมเกียรติ* ,,,,,,,,,,,,,
02747341-65 การจัดการครัวการบิน (Flight Catering Management),3,3,700,วันศุกร์  13:00-16:00,P513,H03-3,76,,,,,,,เมทินี วงศ์ธราวัฒน์* ,,,,,,,,,,,,,
,3,3,872,"วันพฤหัสบดี  8:30-10:00,วันศุกร์  8:30-10:00","P504 , P504",H03-3,64,,,,,,,เมทินี วงศ์ธราวัฒน์* ,,,,,,,,,,,,,
02747351-65 ภาษาอังกฤษเพื่อการสื่อสารสำหรับการบริการภาคพื้น (Communicative English for Ground Services),3,3,700,วันอังคาร  13:00-16:00,P513,H03-3,76,,,,,,,กฤษณพงศ์ ภู่กลาง* ,,,,,,,,,,,,,
,3,3,872,"วันอังคาร  9:00-10:30,วันพฤหัสบดี  13:00-14:30","P504 , P504",H03-3,64,,,,,,,กฤษณพงศ์ ภู่กลาง* ,,,,,,,,,,,,,
02747356-65 ภาษาอังกฤษเพื่อการเตรียมความพร้อมด้านอาชีพในธุรกิจการบิน (Communicative English for Career Preparation in Airline Business),3,3,700,วันจันทร์  13:00-16:00,P504,H03-4,64,,,,,,,ปภาพัศร์ วงษ์ประคอง* ,,,,,,,,,,,,,
,3,3,872,วันพฤหัสบดี  13:00-16:00,P518,H03-4,38,,,,,,,ปภาพัศร์ วงษ์ประคอง* ,,,,,,,,,,,,,
02747441-65 การจัดการเชิงกลยุทธ์ในธุรกิจการบิน (Strategic Management in Aviation Business),3,3,700,วันศุกร์  9:00-12:00,P505,H03-4,64,,,,,,,จันทร์เมธา ศรีรักษา* ,,,,,,,,,,,,,
,3,3,872,วันศุกร์  13:00-16:00,P518,H03-4,38,,,,,,,จันทร์เมธา ศรีรักษา* ,,,,,,,,,,,,,
02747442-65 การจัดการคุณภาพบริการในธุรกิจการบิน (Service Quality Management in Aviation Business),3,3,700,วันพุธ  13:00-16:00,P504,H03-4,64,,,,,,,เมทินี วงศ์ธราวัฒน์* ,,,,,,,,,,,,,
,3,3,872,วันจันทร์  9:00-12:00,P518,H03-4,38,,,,,,,เมทินี วงศ์ธราวัฒน์* ,,,,,,,,,,,,,
02747443-65 นวัตกรรมและการออกแบบบริการในธุรกิจการบิน (Innovation and Services Design in Aviation Business),3,3,700,วันศุกร์  9:00-12:00,P513,H03-3,76,,,,,,,ปภาพัศร์ วงษ์ประคอง* ,,,,,,,,,,,,,
,3,3,872,วันจันทร์  9:00-12:00,P504,H03-3,64,,,,,,,ปภาพัศร์ วงษ์ประคอง* ,,,,,,,,,,,,,
02747497-65 สัมมนา (Seminar),1,1,700,วันพุธ  16:00-17:00,P504,H03-4,64,,,,,,,เมทินี วงศ์ธราวัฒน์* ,,,,,,,,,,,,,
,1,1,872,วันศุกร์  16:00-17:00,P518,H03-4,38,,,,,,,เมทินี วงศ์ธราวัฒน์* ,,,,,,,,,,,,,
02747498-65 ปัญหาพิเศษ (Special Problems),,,,,,,,3,700,ติดต่อผู้สอน,ติดต่อผู้สอน,H03-4,64,จันทร์เมธา ศรีรักษา* ,,,,,,,,,,,,,
,,,,,,,,3,872,ติดต่อผู้สอน,ติดต่อผู้สอน,H03-4,38,จันทร์เมธา ศรีรักษา* ,,,,,,,,,,,,,
02801111-67 โครงสร้างไวยากรณ์ภาษาอังกฤษ I (English Grammar Structure I),3,3,700,วันจันทร์  8:30-11:30,P410,H01-1,70,,,,,,,นิติกร ฤทธิโคตร* ,,,,,,,,,,,,,
,3,3,701,วันอังคาร  8:30-11:30,SIL301,H01-1,70,,,,,,,พัฒน์พินันท์ อยู่สำราญ* ,,,,,,,,,,,,,
,3,3,870,วันอังคาร  16:00-19:00,P417,"H01-1 , H01-2",70,,,,,,,สุนทรัตร์ แสงงาม* ,,,,,,,,,,,,,
,3,3,871,"วันจันทร์  14:30-16:00,วันอังคาร  10:00-11:30","SIL201 , SIL201","H01-1 , H01-2",70,,,,,,,สุนทรัตร์ แสงงาม* ,,,,,,,,,,,,,
,3,3,872,วันพุธ  13:00-16:00,SIL301,"H01-1 , H01-2",70,,,,,,,พัฒน์พินันท์ อยู่สำราญ* ,,,,,,,,,,,,,
02801113-67 ทักษะการฟัง-พูดภาษาอังกฤษ I (English Listening-Speaking Skills I),3,3,700,วันอังคาร  8:30-11:30,SIL206,H01-1,70,,,,,,,อมรรัตน์ รัตนวงค์* ,,,,,,,,,,,,,
,3,3,701,วันจันทร์  8:30-11:30,SIL301,H01-1,70,,,,,,,พัฒน์พินันท์ อยู่สำราญ* ,,,,,,,,,,,,,
,3,3,870,"วันจันทร์  14:30-16:00,วันพุธ  14:30-16:00","SIL302 , SIL302","H01-1 , H01-2",70,,,,,,,อมรรัตน์ รัตนวงค์* ,,,,,,,,,,,,,
,3,3,871,"วันจันทร์  13:00-14:30,วันพุธ  13:00-14:30","SIL302 , SIL302","H01-1 , H01-2",70,,,,,,,อมรรัตน์ รัตนวงค์* ,,,,,,,,,,,,,
,3,3,872,"วันจันทร์  8:30-10:00,วันพุธ  16:00-17:30","SIL302 , P417","H01-1 , H01-2",70,,,,,,,อมรรัตน์ รัตนวงค์* ,,,,,,,,,,,,,
02801115-67 ทักษะคำศัพท์ภาษาอังกฤษเพื่ออุตสาหกรรมบริการ (English Vocabulary Skills for Service Industry),3,3,700,วันอังคาร  13:00-16:00,SIL206,H01-1,70,,,,,,,ปิยะพงษ์ เลาศรีรัตนชัย* ,,,,,,,,,,,,,
,3,3,701,วันจันทร์  13:00-16:00,SIL301,H01-1,70,,,,,,,พัฒน์พินันท์ อยู่สำราญ* ,,,,,,,,,,,,,
,3,3,870,"วันจันทร์  13:00-14:30,วันพุธ  13:00-14:30","SIL206 , SIL206","H01-1 , H01-2",70,,,,,,,ปิยะพงษ์ เลาศรีรัตนชัย* ,,,,,,,,,,,,,
,3,3,871,วันพุธ  14:30-17:30,P307,"H01-1 , H01-2",70,,,,,,,ปิยะพงษ์ เลาศรีรัตนชัย* ,,,,,,,,,,,,,
,3,3,872,"วันอังคาร  16:00-17:30,วันพุธ  17:30-19:00","P407 , P410","H01-1 , H01-2",70,,,,,,,ปิยะพงษ์ เลาศรีรัตนชัย* ,,,,,,,,,,,,,
02801211-67 ทักษะการอ่านภาษาอังกฤษ (English Reading Skills),3,3,700,"วันจันทร์  13:00-14:30,วันพุธ  13:00-14:30","SIL204 , SIL204",H01-2,60,,,,,,,สุนทรัตร์ แสงงาม* ,,,,,,,,,,,,,
,3,3,701,"วันจันทร์  8:30-10:00,วันพุธ  13:00-14:30","P401 , P401",H01-2,60,,,,,,,กาญจนาภา อินทรจักร์* ,,,,,,,,,,,,,
,3,3,870,"วันอังคาร  13:00-14:30,วันพฤหัสบดี  13:00-14:30","SIL102 , SIL102",H01-2,56,,,,,,,สุนทรัตร์ แสงงาม* ,,,,,,,,,,,,,
,3,3,871,วันพฤหัสบดี  8:30-11:30,SIL103,H01-2,57,,,,,,,สุนทรัตร์ แสงงาม* ,,,,,,,,,,,,,
,3,3,872,"วันอังคาร  8:30-10:00,วันพุธ  14:30-16:00","SIL201 , SIL103",H01-2,57,,,,,,,สุนทรัตร์ แสงงาม* ,,,,,,,,,,,,,
02801212-67 ทักษะการเขียนภาษาอังกฤษ (English Writing Skills),3,3,700,วันพฤหัสบดี  8:30-11:30,P415,H01-2,60,,,,,,,นิติกร ฤทธิโคตร* ,,,,,,,,,,,,,
,3,3,701,วันพฤหัสบดี  13:00-16:00,SIL103,H01-2,60,,,,,,,พัฒน์พินันท์ อยู่สำราญ* ,,,,,,,,,,,,,
,3,3,870,"วันจันทร์  14:30-16:00,วันพุธ  14:30-16:00","P505 , P505",H01-2,56,,,,,,,นิติกร ฤทธิโคตร* ,,,,,,,,,,,,,
,3,3,871,วันจันทร์  8:30-11:30,SIL103,H01-2,57,,,,,,,สุนทรัตร์ แสงงาม* ,,,,,,,,,,,,,
,3,3,872,"วันจันทร์  13:00-14:30,วันพุธ  13:00-14:30","P505 , P505",H01-2,57,,,,,,,นิติกร ฤทธิโคตร* ,,,,,,,,,,,,,
02801221-67 ความรู้เบื้องต้นเกี่ยวกับอุตสาหกรรมท่องเที่ยว (Introduction to Tourism Industry),3,3,700,วันศุกร์  9:00-12:00,SILLH106,H01-2,120,,,,,,,อิสระพงษ์ พลธานี* ,,,,,,,,,,,,,
,3,3,870,วันศุกร์  13:00-16:00,SILLH105,H01-2,170,,,,,,,อิสระพงษ์ พลธานี* ,,,,,,,,,,,,,
02801222-67 ความรู้เบื้องต้นเกี่ยวกับอุตสาหกรรมโรงแรม (Introduction to Hotel Industry),3,3,700,วันศุกร์  13:00-16:00,SILLH106,H01-2,120,,,,,,,"ปิยะพงษ์ เลาศรีรัตนชัย*  , จิรชัย หมื่นฤทธิ์",,,,,,,,,,,,,
,3,3,870,วันศุกร์  9:00-12:00,SILLH105,H01-2,170,,,,,,,"ปิยะพงษ์ เลาศรีรัตนชัย*  , จิรชัย หมื่นฤทธิ์",,,,,,,,,,,,,
02801223-67 ความรู้เบื้องต้นเกี่ยวกับอุตสาหกรรมการบิน (Introduction to Aviation Industry),3,3,700,วันอาทิตย์  9:00-12:00,ติดต่อผู้สอน,H01-2,120,,,,,,,"ปิยะพงษ์ เลาศรีรัตนชัย*  , วรท พานิชวิทย์ พิณแพทย์",,,,,,,,,,,,,
,3,3,870,วันอาทิตย์  13:00-16:00,ติดต่อผู้สอน,H01-2,170,,,,,,,"ปิยะพงษ์ เลาศรีรัตนชัย*  , วรท พานิชวิทย์ พิณแพทย์",,,,,,,,,,,,,
02801231-67 ภาษาอังกฤษวิชาชีพสำหรับอุตสาหกรรมบริการ (Professional English for Hospitality Industry),3,3,700,"วันจันทร์  16:00-17:30,วันพุธ  16:00-17:30","P410 , P410",H01-2,60,,,,,,,พัฒน์พินันท์ อยู่สำราญ* ,,,,,,,,,,,,,
,3,3,701,วันพฤหัสบดี  8:30-11:30,SIL201,H01-2,60,,,,,,,พัฒน์พินันท์ อยู่สำราญ* ,,,,,,,,,,,,,
,3,3,870,วันจันทร์  8:30-11:30,SIL204,H01-2,56,,,,,,,ปิยะพงษ์ เลาศรีรัตนชัย* ,,,,,,,,,,,,,
,3,3,871,วันอังคาร  8:30-11:30,SIL204,H01-2,57,,,,,,,ปิยะพงษ์ เลาศรีรัตนชัย* ,,,,,,,,,,,,,
,3,3,872,วันจันทร์  16:00-19:00,P504,H01-2,57,,,,,,,ปิยะพงษ์ เลาศรีรัตนชัย* ,,,,,,,,,,,,,
02801341-67 ภาษาอังกฤษสำหรับงานมัคคุเทศก์และผู้นำกลุ่มท่องเที่ยว (English for Tour Guide and Tour Leader),3,3,700,"วันจันทร์  9:00-10:30,วันอังคาร  13:00-14:30","SIL201 , SIL201","H05-2 , H11-2",65,,,,,,,Clement Robles Bana* ,,,,,,,,,,,,,
,3,3,701,"วันจันทร์  10:30-12:00,วันพฤหัสบดี  14:30-16:00","SIL201 , SIL201",H11-2,65,,,,,,,Clement Robles Bana* ,,,,,,,,,,,,,
,3,3,702,"วันอังคาร  10:30-12:00,วันศุกร์  10:30-12:00","P415 , SIL201",H05-2,65,,,,,,,Clement Robles Bana* ,,,,,,,,,,,,,
,3,3,703,วันพุธ  13:00-16:00,P301,H10-2,65,,,,,,,Clement Robles Bana* ,,,,,,,,,,,,,
,3,3,704,"วันอังคาร  9:00-10:30,วันพฤหัสบดี  9:00-10:30","P415 , P310","H05-2 , H10-2",65,,,,,,,Clement Robles Bana* ,,,,,,,,,,,,,
,3,3,855,วันศุกร์  13:00-16:00,P415,H11-2,71,,,,,,,ปิยะพงษ์ เลาศรีรัตนชัย* ,,,,,,,,,,,,,
,3,3,856,"วันอังคาร  17:30-19:00,วันพฤหัสบดี  17:30-19:00","P407 , P417",H11-2,71,,,,,,,ปิยะพงษ์ เลาศรีรัตนชัย* ,,,,,,,,,,,,,
,3,3,857,วันศุกร์  14:30-17:30,P410,H11-2,71,,,,,,,ปิยะนุช เลาศรีรัตนชัย* ,,,,,,,,,,,,,
,3,3,858,"วันพุธ  14:30-16:00,วันศุกร์  17:30-19:00","P407 , P410",H11-2,71,,,,,,,ปิยะนุช เลาศรีรัตนชัย* ,,,,,,,,,,,,,
,3,3,859,"วันอังคาร  13:00-14:30,วันพฤหัสบดี  13:00-14:30","P505 , P417",H11-2,71,,,,,,,ปิยะนุช เลาศรีรัตนชัย* ,,,,,,,,,,,,,
,3,3,860,วันศุกร์  16:00-19:00,P415,H11-2,71,,,,,,,ปิยะพงษ์ เลาศรีรัตนชัย* ,,,,,,,,,,,,,
02802111-67 ธุรกิจการบริการเบื้องต้น (Principle of Service Business),3,3,700,วันจันทร์  9:00-12:00,LH2-303,H11-1,200,,,,,,,อรธีรา มนูจันทรัถ* ,,,,,,,,,,,,,
,3,3,855,วันอังคาร  16:00-19:00,LH4-103,H11-1,250,,,,,,,อิสระพงษ์ พลธานี* ,,,,,,,,,,,,,
,3,3,856,"วันอังคาร  14:30-16:00,วันพฤหัสบดี  10:30-12:00","LH2-301 , LH2-302",H11-1,250,,,,,,,อรธีรา มนูจันทรัถ* ,,,,,,,,,,,,,
02802112-67 องค์การและการจัดการธุรกิจบริการ (Service Organization and Management),3,3,700,วันพฤหัสบดี  13:00-16:00,LH2-302,H11-1,200,,,,,,,อรธีรา มนูจันทรัถ* ,,,,,,,,,,,,,
,3,3,855,วันพฤหัสบดี  15:00-18:00,LH2-303,H11-1,250,,,,,,,นุจนาถ นรินทร์* ,,,,,,,,,,,,,
,3,3,856,วันพุธ  13:00-16:00,LH2-302,"H11-1 , H08-3",250,,,,,,,นุจนาถ นรินทร์* ,,,,,,,,,,,,,
02802113-67 การบัญชีเฉพาะงานบริการ (Accounting Specific to Service),3,3,700,"วันจันทร์  14:30-16:00,วันพฤหัสบดี  13:00-14:30","LH2-202 , SILLH104",H11-2,114,,,,,,,กฤษณ์ เลี้ยงพันธุ์* ,,,,,,,,,,,,,
,3,3,701,วันศุกร์  13:00-16:00,P310,H10-2,105,,,,,,,อัญชิษฐา ภูอุดม* ,,,,,,,,,,,,,
,3,3,855,"วันจันทร์  16:00-17:30,วันพฤหัสบดี  10:30-12:00","LH2-301 , LH3-211",H11-2,141,,,,,,,กฤษณ์ เลี้ยงพันธุ์* ,,,,,,,,,,,,,
,3,3,856,"วันจันทร์  16:00-17:30,วันพฤหัสบดี  16:00-17:30","LH4-103 , LH4-103",H11-2,141,,,,,,,ชนัญญู ตินตะบุระ* ,,,,,,,,,,,,,
,3,3,857,"วันพุธ  16:00-17:30,วันพฤหัสบดี  10:30-12:00","LH4-201 , SIL-LH105","H11-2 , H08-3 , H09-3",141,,,,,,,ชนัญญู ตินตะบุระ* ,,,,,,,,,,,,,
02802114-67 หลักเศรษฐศาสตร์เฉพาะงานบริการ (Principles of Economic Specific to Service),3,3,700,"วันจันทร์  13:00-14:30,วันพฤหัสบดี  9:00-10:30","LH2-201 , LH3-305",H10-1,147,,,,,,,ธนปกรณ์ ตันติวรานุรักษ์* ,,,,,,,,,,,,,
,3,3,880,วันพฤหัสบดี  16:00-19:00,P315,H10-1,118,,,,,,,ธนปกรณ์ ตันติวรานุรักษ์* ,,,,,,,,,,,,,
02802115-67 การวิเคราะห์เชิงปริมาณในธุรกิจบริการ (Quantitative Analysis in Hospitality Business),3,3,700,"วันจันทร์  9:00-10:30,วันจันทร์  10:30-12:00","P417 , P417","H03-3 , H03-4",92,,,,,,,ชนม์ชนก ชิตประเสริฐ* ,,,,,,,,,,,,,
,3,3,701,"วันพฤหัสบดี  13:00-14:30,วันศุกร์  14:30-16:00","LH2-202 , LH2-202","H08-3 , H09-3 , H08-4X , H09-4X",180,,,,,,,เชิญขวัญ ขำเปรม* ,,,,,,,,,,,,,
,3,3,702,"วันพฤหัสบดี  9:00-10:30,วันศุกร์  13:00-14:30","ติดต่อผู้สอน , ติดต่อผู้สอน",H09-4X,20,,,,,,,เชิญขวัญ ขำเปรม* ,,,,,,,,,,,,,
,3,3,855,"วันพฤหัสบดี  9:00-10:30,วันศุกร์  13:00-14:30","SIL-LH106 , LH2-202","H08-3 , H08-4X , H09-4X",120,,,,,,,เชิญขวัญ ขำเปรม* ,,,,,,,,,,,,,
,3,3,856,"วันจันทร์  13:00-14:30,วันศุกร์  13:00-14:30","SIL-LH106 , P307","H09-3 , H08-4X , H09-4X",110,,,,,,,ชนม์ชนก ชิตประเสริฐ* ,,,,,,,,,,,,,
,3,3,872,"วันจันทร์  13:00-14:30,วันจันทร์  14:30-16:00","P513 , P513","H03-3 , H03-4",80,,,,,,,เชิญขวัญ ขำเปรม* ,,,,,,,,,,,,,
02802117-67 การตลาดเฉพาะงานบริการ (Marketing Specific to Service),3,3,700,"วันจันทร์  13:00-14:30,วันพฤหัสบดี  9:00-10:30","LH3-301 , LH2-302",H11-1,200,,,,,,,กฤษณ์ เลี้ยงพันธุ์* ,,,,,,,,,,,,,
,3,3,701,"วันจันทร์  9:00-10:30,วันศุกร์  10:30-12:00","LH3-304 , LH3-303",H10-1,147,,,,,,,ธนปกรณ์ ตันติวรานุรักษ์* ,,,,,,,,,,,,,
,3,3,855,วันพฤหัสบดี  9:00-12:00,LH2-303,H11-1,250,,,,,,,พงศ์ศักดิ์ ตฤณธวัช,,,,,,,,,,,,,
,3,3,856,วันอังคาร  16:00-19:00,LH2-301,H11-1,250,,,,,,,อรธีรา มนูจันทรัถ* ,,,,,,,,,,,,,
,3,3,880,"วันจันทร์  16:00-17:30,วันพฤหัสบดี  10:30-12:00","P315 , SILLH106",H10-1,118,,,,,,,ธนปกรณ์ ตันติวรานุรักษ์* ,,,,,,,,,,,,,
02802241-67 หลักการวางแผนการจัดงานอีเวนต์ (Principle to Organizing Event Planning),3,3,700,วันพฤหัสบดี  9:00-12:00,P307,H11-2,114,,,,,,,บริสุทธิ์ แสนคำ* ,,,,,,,,,,,,,
,3,3,855,"วันพุธ  13:00-14:30,วันพฤหัสบดี  9:00-10:30","LH3-301 , LH3-302",H11-2,220,,,,,,,อรธีรา มนูจันทรัถ* ,,,,,,,,,,,,,
,3,3,856,วันจันทร์  9:00-12:00,SIL-LH105,H11-2,220,,,,,,,บริสุทธิ์ แสนคำ* ,,,,,,,,,,,,,
02802332-67 งานแม่บ้าน (Housekeeping),3,3,700,วันอังคาร  9:00-12:00,SILLH102,H11-2,114,,,,,,,บริสุทธิ์ แสนคำ* ,,,,,,,,,,,,,
,3,3,855,วันจันทร์  9:00-12:00,KH80-201,H11-2,220,,,,,,,พรรษพล คำไล้,,,,,,,,,,,,,
,3,3,856,"วันพุธ  13:00-14:30,วันพฤหัสบดี  8:30-10:00","SIL-LH105 , SIL-LH105",H11-2,220,,,,,,,อริยา พงษ์พานิช* ,,,,,,,,,,,,,
02802336-67 การดำเนินงานและการจัดการสำหรับงานโรงแรม (Operations and Management for Hotel),3,3,700,วันศุกร์  9:00-12:00,LH2-304,H11-2,114,,,,,,,เชิญขวัญ ขำเปรม* ,,,,,,,,,,,,,
,3,3,855,วันจันทร์  13:00-16:00,KH80-201,H11-2,220,,,,,,,อริยา พงษ์พานิช* ,,,,,,,,,,,,,
,3,3,856,วันจันทร์  13:00-16:00,LH2-301,H11-2,220,,,,,,,อรธีรา มนูจันทรัถ* ,,,,,,,,,,,,,
02803111-67 ธุรกิจบริการและไมซ์เบื้องต้น (Introduction to Hospitality Business and MICE),3,3,700,วันพุธ  13:00-16:00,P410,H10-1,74,,,,,,,นิรมล ขวาของ* ,,,,,,,,,,,,,
,3,3,701,วันพุธ  13:00-16:00,P509,H10-1,73,,,,,,,วุฒิ อำพันธ์* ,,,,,,,,,,,,,
,3,3,880,วันอังคาร  16:00-19:00,SILLH103,H10-1,59,,,,,,,นิรมล ขวาของ* ,,,,,,,,,,,,,
,3,3,881,วันจันทร์  13:00-16:00,P407,H10-1,59,,,,,,,ปัญจมาพร ตำนานวัน* ,,,,,,,,,,,,,
02803212-67 พฤติกรรมนักท่องเที่ยวในธุรกิจบริการและไมซ์ (Tourist Behavior in Hospitality Business and MICE),3,3,700,วันพฤหัสบดี  13:00-16:00,P301,H10-2,53,,,,,,,นิรมล ขวาของ* ,,,,,,,,,,,,,
,3,3,701,วันพฤหัสบดี  13:00-16:00,P401,H10-2,52,,,,,,,อริยา พงษ์พานิช* ,,,,,,,,,,,,,
02803213-67 การจัดการประชุมองค์กร (Meeting Management),3,3,700,วันจันทร์  13:00-16:00,P307,H10-2,105,,,,,,,นิรมล ขวาของ* ,,,,,,,,,,,,,
02804111-67 อุตสาหกรรมการบิน (Aviation Industry),3,3,700,วันพฤหัสบดี  13:00-16:00,P315,H03-1,140,,,,,,,จันทร์เมธา ศรีรักษา* ,,,,,,,,,,,,,
,3,3,872,วันจันทร์  9:00-12:00,P315,"H03-1 , H03-2",152,,,,,,,จันทร์เมธา ศรีรักษา* ,,,,,,,,,,,,,
02804112-67 องค์การและการจัดการในธุรกิจการบิน (Organization and Management in Aviation Industry),3,3,700,วันจันทร์  13:00-16:00,P315,H03-1,140,,,,,,,เมทินี วงศ์ธราวัฒน์* ,,,,,,,,,,,,,
,3,3,872,วันอังคาร  16:00-19:00,P315,H03-1,152,,,,,,,เมทินี วงศ์ธราวัฒน์* ,,,,,,,,,,,,,
02804113-67 เศรษฐศาสตร์เพื่อธุรกิจการบิน (Economics for Aviation Business),3,3,700,วันพฤหัสบดี  9:00-12:00,P315,H03-1,140,,,,,,,จันทร์เมธา ศรีรักษา* ,,,,,,,,,,,,,
,3,3,872,วันพุธ  13:00-16:00,P315,H03-1,152,,,,,,,จันทร์เมธา ศรีรักษา* ,,,,,,,,,,,,,
02804211-67 กฎหมายและจรรยาบรรณวิชาชีพในธุรกิจการบิน (Law and Professional Ethics in Aviation Business),3,3,700,วันจันทร์  9:00-12:00,P509,H03-2,92,,,,,,,อังคณา ถนอมเกียรติ* ,,,,,,,,,,,,,
,3,3,872,วันพฤหัสบดี  9:00-12:00,P410,H03-2,105,,,,,,,อังคณา ถนอมเกียรติ* ,,,,,,,,,,,,,
02804212-67 นิรภัยและความปลอดภัยทางการบิน (Aviation Safety and Security),3,3,700,วันอังคาร  9:00-12:00,P310,H03-2,92,,,,,,,ปภาพัศร์ วงษ์ประคอง* ,,,,,,,,,,,,,
,3,3,872,วันอังคาร  13:00-16:00,P310,"H03-2 , H03-3",107,,,,,,,ปภาพัศร์ วงษ์ประคอง* ,,,,,,,,,,,,,
02804215-67 การเงินเบื้องต้นสำหรับธุรกิจสายการบิน (Fundamental Finance of Airline Business),3,3,700,วันพุธ  9:00-12:00,P509,"H03-2 , H03-4",95,,,,,,,จันทร์เมธา ศรีรักษา* ,,,,,,,,,,,,,
,3,3,872,วันพุธ  13:00-16:00,P417,"H03-2 , H03-4",107,,,,,,,จันทร์เมธา ศรีรักษา* ,,,,,,,,,,,,,
02804251-67 ภาษาอังกฤษเพื่อการสื่อสารสำหรับธุรกิจสายการบิน (Communicative English for Airline Business),3,3,700,วันศุกร์  13:00-16:00,P509,H03-2,92,,,,,,,กฤษณพงศ์ ภู่กลาง* ,,,,,,,,,,,,,
,3,3,872,วันศุกร์  9:00-12:00,P310,H03-2,105,,,,,,,กฤษณพงศ์ ภู่กลาง* ,,,,,,,,,,,,,
02804447-67 การขนส่งทางอากาศและการท่องเที่ยว (Air Transport and Tourism  ),3,3,700,วันพฤหัสบดี  9:00-12:00,P509,H03-2,95,,,,,,,กฤษณพงศ์ ภู่กลาง* ,,,,,,,,,,,,,
,3,3,872,วันจันทร์  13:00-16:00,P417,H03-2,105,,,,,,,กฤษณพงศ์ ภู่กลาง* ,,,,,,,,,,,,,
02805111-68 อุตสาหกรรมการท่องเที่ยวและนันทนาการ (Tourism Industry and Recreation),3,3,700,วันอังคาร  13:00-16:00,P315,H12-1,152,,,,,,,นุจนาถ นรินทร์* ,,,,,,,,,,,,,
,3,3,876,วันจันทร์  9:00-12:00,P517,H12-1,89,,,,,,,นุจนาถ นรินทร์* ,,,,,,,,,,,,,
02805112-68 จิตวิทยาบริการและการสื่อสารข้ามวัฒนธรรม (Service Psychology and Cross-Cultural Communication),3,3,700,วันจันทร์  8:00-11:00,LH2-304,H12-1,152,,,,,,,อุมาพร บุญเพชรแก้ว* ,,,,,,,,,,,,,
,3,3,876,วันพฤหัสบดี  9:00-12:00,SILLH102,H12-1,89,,,,,,,อุมาพร บุญเพชรแก้ว* ,,,,,,,,,,,,,
02807111 ความรู้เบื้องต้นเกี่ยวกับธุรกิจโรงแรมและภัตตาคาร (Introduction to Hotel and Restaurant Business),3,3,700,วันจันทร์  14:30-17:30,SIL LH105,H13-1,150,,,,,,,ณภัทร สำราญราษฎร์* ,,,,,,,,,,,,,
,3,3,878,วันพฤหัสบดี  16:00-19:00,SIL LH105,H13-1,150,,,,,,,ณภัทร สำราญราษฎร์* ,,,,,,,,,,,,,
02807111-68 ความรู้เบื้องต้นเกี่ยวกับธุรกิจโรงแรมและภัตตาคาร (Introduction to Hotel and Restaurant Business),3,3,700,วันจันทร์  14:30-17:30,SIL LH105,H13-1,150,,,,,,,ณภัทร สำราญราษฎร์* ,,,,,,,,,,,,,
,3,3,878,วันพฤหัสบดี  16:00-19:00,SIL LH105,H13-1,150,,,,,,,ณภัทร สำราญราษฎร์* ,,,,,,,,,,,,,
02807112-68 ความรู้เบื้องต้นเกี่ยวกับธุรกิจเรือสำราญ (Introduction to Cruise Business),3,3,700,วันพุธ  14:30-17:30,SIL LH105,H13-1,150,,,,,,,,,,,,,,,,,,,,
,3,3,878,วันพุธ  9:00-12:00,P315,H13-1,150,,,,,,,,,,,,,,,,,,,,
เกษตร กำแพงแสน,,,,,,,,,,,,,,,,,,,,,,,,,,,
02026311-66 การวิเคราะห์และจำแนกแมลง (Insect Identification and Classification),3,2,700,วันอังคาร  7:30-9:30,3104,A26-3,6,,,,,,,นันทศักดิ์ ปิ่นแก้ว* ,,,,,,,,,,,,,
,,,,,,,,1,711,วันอังคาร  9:30-12:30,3112,A26-3,6,นันทศักดิ์ ปิ่นแก้ว* ,,,,,,,,,,,,,
02026312-61 แมลงสำคัญทางเศรษฐกิจ (Economic Entomology),3,2,700,วันศุกร์  10:00-12:00,3112,"A31-4 , A32-4",50,,,,,,,"สุนิตรา อุปนันท์ , อัญชนา สุมาลย์โรจน์*  , นันทศักดิ์ ปิ่นแก้ว , ณิชานันท์ เกินอาษา , สุนิศา สงวนทรัพย์ , รุ่งทิพย์ มาศเมธาทิพย์ , มณฑาทิพย์ คงมี , สุรเดช บุตทชน , สรญา ใจกล้า",,,,,,,,,,,,,
,,,,,,,,1,711,วันศุกร์  13:00-16:00,3112,"A31-4 , A32-4",50,"อัญชนา สุมาลย์โรจน์*  , นันทศักดิ์ ปิ่นแก้ว , ณิชานันท์ เกินอาษา , สุนิศา สงวนทรัพย์ , รุ่งทิพย์ มาศเมธาทิพย์ , มณฑาทิพย์ คงมี , สุรเดช บุตทชน , สรญา ใจกล้า , สุนิตรา อุปนันท์",,,,,,,,,,,,,
02026321-61 การเลี้ยงไหม (Sericulture),3,2,700,ติดต่อผู้สอน,ติดต่อผู้สอน,"A-2 , A-3 , A-4x",10,,,,,,,ณิชานันท์ เกินอาษา* ,,,,,,,,,,,,,
,,,,,,,,1,711,ติดต่อผู้สอน,ติดต่อผู้สอน,"A-2 , A-3 , A-4x",10,ณิชานันท์ เกินอาษา* ,,,,,,,,,,,,,
02026321-66 การเลี้ยงไหม (Sericulture),3,2,700,ติดต่อผู้สอน,ติดต่อผู้สอน,"A-2 , A-3 , A-4x",10,,,,,,,ณิชานันท์ เกินอาษา* ,,,,,,,,,,,,,
,,,,,,,,1,711,ติดต่อผู้สอน,ติดต่อผู้สอน,"A-2 , A-3 , A-4x",10,ณิชานันท์ เกินอาษา* ,,,,,,,,,,,,,
02026323-61 การเลี้ยงผึ้ง (Apiculture),3,2,700,ติดต่อผู้สอน,ติดต่อผู้สอน,"A-2 , A-3 , A-4x",10,,,,,,,อัญชนา สุมาลย์โรจน์* ,,,,,,,,,,,,,
,,,,,,,,1,711,ติดต่อผู้สอน,ติดต่อผู้สอน,"A-2 , A-3 , A-4x",10,อัญชนา สุมาลย์โรจน์* ,,,,,,,,,,,,,
02026323-66 การเลี้ยงผึ้ง (Apiculture),3,2,700,ติดต่อผู้สอน,ติดต่อผู้สอน,"A-2 , A-3 , A-4x",10,,,,,,,อัญชนา สุมาลย์โรจน์* ,,,,,,,,,,,,,
,,,,,,,,1,711,ติดต่อผู้สอน,ติดต่อผู้สอน,"A-2 , A-3 , A-4x",10,อัญชนา สุมาลย์โรจน์* ,,,,,,,,,,,,,
02026331-61 แมลงศัตรูธัญพืช และพืชไร่ (Insect Pest of Cereal and Field Crops),3,2,700,ติดต่อผู้สอน,ติดต่อผู้สอน,"A-2 , A-3 , A-4x , A34-4",12,,,,,,,ณิชานันท์ เกินอาษา* ,,,,,,,,,,,,,
,,,,,,,,1,711,ติดต่อผู้สอน,ติดต่อผู้สอน,"A26-2 , A26-3 , A26-4X , A34-4",12,ณิชานันท์ เกินอาษา* ,,,,,,,,,,,,,
02026331-66 แมลงศัตรูธัญพืชและพืชไร่ (Insect Pest of Cereal and Field Crops),3,2,700,ติดต่อผู้สอน,ติดต่อผู้สอน,"A-2 , A-3 , A-4x",12,,,,,,,ณิชานันท์ เกินอาษา* ,,,,,,,,,,,,,
,,,,,,,,1,711,ติดต่อผู้สอน,ติดต่อผู้สอน,"A-2 , A-3 , A-4x",10,ณิชานันท์ เกินอาษา* ,,,,,,,,,,,,,
02026339-61 ไรทางการเกษตร (Agricultural Mites),3,2,700,ติดต่อผู้สอน,ติดต่อผู้สอน,"A26-4 , A34-4",8,,,,,,,สุรเดช บุตทชน* ,,,,,,,,,,,,,
,,,,,,,,1,711,ติดต่อผู้สอน,ติดต่อผู้สอน,"A26-4 , A34-4",8,สุรเดช บุตทชน* ,,,,,,,,,,,,,
02026441-61 สัณฐานวิทยาของแมลง (Insect Morphology),3,2,700,วันพุธ  10:00-12:00,3104,A26-4,6,,,,,,,"รุ่งทิพย์ มาศเมธาทิพย์*  , นันทศักดิ์ ปิ่นแก้ว , สรญา ใจกล้า",,,,,,,,,,,,,
,,,,,,,,1,711,วันพุธ  13:00-16:00,3112,A26-4,6,"รุ่งทิพย์ มาศเมธาทิพย์*  , นันทศักดิ์ ปิ่นแก้ว , สรญา ใจกล้า",,,,,,,,,,,,,
02026471-61 หลักการบริหารแมลงศัตรูพืช (Principles of Insect Pest Management),3,2,700,วันจันทร์  10:00-12:00,3104,"A26-4 , A32-4",51,,,,,,,"สุนิตรา อุปนันท์*  , โสภณ อุไรชื่น",,,,,,,,,,,,,
,,,,,,,,1,711,วันจันทร์  13:00-16:00,3104,"A26-4 , A32-4",51,"สุนิตรา อุปนันท์*  , โสภณ อุไรชื่น",,,,,,,,,,,,,
02026492-61 สถิติสำหรับงานวิจัยทางกีฏวิทยา (Statistics for Entomological Research),3,2,700,วันพฤหัสบดี  13:00-15:00,3106,A26-4,6,,,,,,,สุนิศา สงวนทรัพย์* ,,,,,,,,,,,,,
,,,,,,,,1,711,วันพฤหัสบดี  15:00-18:00,3106,A26-4,6,สุนิศา สงวนทรัพย์* ,,,,,,,,,,,,,
02027112-65 ปฏิบัติการงานเขียนแบบเบื้องต้น (Laboratory of Basic Drawing),,,,,,,,1,711,วันศุกร์  11:00-14:00,ติดต่อผู้สอน,A27-1,50,พงศ์ศักดิ์ ชลธนสวัสดิ์* ,,,,,,,,,,,,,
02027211-65 การสำรวจรังวัดทางการเกษตร (Agricultural Surveying),2,1,700,วันพุธ  9:00-10:00,ติดต่อผู้สอน,A27-2,45,,,,,,,นนทวัชร์ ชัยณรงค์* ,,,,,,,,,,,,,
,,,,,,,,1,711,วันพุธ  10:00-13:00,ติดต่อผู้สอน,A27-2,45,นนทวัชร์ ชัยณรงค์* ,,,,,,,,,,,,,
02027221-65 เครื่องยนต์ทางการเกษตร (Farm Engines),3,2,700,วันจันทร์  10:00-12:00,ติดต่อผู้สอน,A27-2,45,,,,,,,"พงศ์ศักดิ์ ชลธนสวัสดิ์*  , สมบัติ ขาวประทีป , นนทวัชร์ ชัยณรงค์ , ธวัชชัย เกิดสุข",,,,,,,,,,,,,
,,,,,,,,1,711,วันจันทร์  13:00-16:00,ติดต่อผู้สอน,A27-2,45,"พงศ์ศักดิ์ ชลธนสวัสดิ์*  , สมบัติ ขาวประทีป , นนทวัชร์ ชัยณรงค์ , ธวัชชัย เกิดสุข",,,,,,,,,,,,,
02027231-65 หลักการให้น้ำพืชในระดับไร่นา (Principle of farmstead irrigation),3,2,700,วันอังคาร  15:00-17:00,ติดต่อผู้สอน,A27-3,31,,,,,,,"สุณัฏฐา อัฐฐิศิลป์เวท , พงศ์ศักดิ์ ชลธนสวัสดิ์* ",,,,,,,,,,,,,
,,,,,,,,1,711,วันพุธ  14:30-17:30,ติดต่อผู้สอน,A27-3,31,"พงศ์ศักดิ์ ชลธนสวัสดิ์*  , สุณัฏฐา อัฐฐิศิลป์เวท",,,,,,,,,,,,,
02027261-65 ไฟฟ้าและอิเล็กทรอนิกส์เพื่อการเกษตร (Electric and Electronics for Agriculture),3,2,700,วันศุกร์  10:00-12:00,ติดต่อผู้สอน,A27-2,45,,,,,,,ภาวิต ตั้งวงศ์กิจ* ,,,,,,,,,,,,,
,,,,,,,,1,711,วันศุกร์  13:00-16:00,ติดต่อผู้สอน,A27-2,45,ภาวิต ตั้งวงศ์กิจ* ,,,,,,,,,,,,,
02027322-65 หลักเครื่องทุ่นแรง II (Principles of Farm Machinery II),3,2,700,วันศุกร์  10:00-12:00,ติดต่อผู้สอน,A27-3,31,,,,,,,"พงศ์ศักดิ์ ชลธนสวัสดิ์*  , นนทวัชร์ ชัยณรงค์ , สมบัติ ขาวประทีป , ธวัชชัย เกิดสุข",,,,,,,,,,,,,
,,,,,,,,1,711,วันศุกร์  13:00-16:00,ติดต่อผู้สอน,A27-3,31,"พงศ์ศักดิ์ ชลธนสวัสดิ์*  , นนทวัชร์ ชัยณรงค์ , สมบัติ ขาวประทีป , ธวัชชัย เกิดสุข",,,,,,,,,,,,,
02027361-65 การโปรแกรมคอมพิวเตอร์เพื่อการเกษตร I (Computer Programming for agriculture I),3,2,700,วันพฤหัสบดี  10:30-12:30,ติดต่อผู้สอน,A27-3,35,,,,,,,ชวลิต คณากรสุขสันต์* ,,,,,,,,,,,,,
,,,,,,,,1,711,วันพฤหัสบดี  13:00-16:00,ติดต่อผู้สอน,A27-3,35,ชวลิต คณากรสุขสันต์* ,,,,,,,,,,,,,
02027399-65 การฝึกงานเฉพาะด้านเครื่องจักรกลและเมคคาทรอนิกส์เกษตรเบื้องต้น (Basic Specific Practicum in Agricultural Machinery and Mechatronics),,,,,,,,1,711,ยังไม่มีการกำหนดวัน-เวลาเรียน,ยังไม่มีการกำหนดห้องเรียน,-,5,พงศ์ศักดิ์ ชลธนสวัสดิ์* ,,,,,,,,,,,,,
02027441-65 เทคโนโลยีการผลิตเกษตรในระบบควบคุมสภาพแวดล้อม (Agricultural Production Technology in Environmental Control System),3,2,700,วันพฤหัสบดี  10:00-12:00,กว.2-7,A27-4,33,,,,,,,"พงศ์ศักดิ์ ชลธนสวัสดิ์*  , ชวลิต คณากรสุขสันต์ , สุณัฏฐา อัฐฐิศิลป์เวท , ภาวิต ตั้งวงศ์กิจ",,,,,,,,,,,,,
,,,,,,,,1,711,วันพฤหัสบดี  14:30-17:30,กว.2-7,A27-4,33,"พงศ์ศักดิ์ ชลธนสวัสดิ์*  , ชวลิต คณากรสุขสันต์ , สุณัฏฐา อัฐฐิศิลป์เวท , ภาวิต ตั้งวงศ์กิจ",,,,,,,,,,,,,
02027451-65 เกษตรกลหลังการเก็บเกี่ยวและการเก็บรักษาผลิตผลเกษตร (Post-harvest Mechanization and Agricultural Production Storage),3,2,700,วันอังคาร  10:00-12:00,กว.2-7,A27-4,35,,,,,,,สุณัฏฐา อัฐฐิศิลป์เวท* ,,,,,,,,,,,,,
,,,,,,,,1,711,วันอังคาร  14:30-17:30,กว.2-7,A27-4,35,สุณัฏฐา อัฐฐิศิลป์เวท* ,,,,,,,,,,,,,
02027461-65 เมคคาทรอนิกส์เกษตร I (Agricultural Mechatronics I),3,2,700,วันศุกร์  10:00-12:00,ติดต่อผู้สอน,A27-4,33,,,,,,,"ภาวิต ตั้งวงศ์กิจ*  , ชวลิต คณากรสุขสันต์ , สุรศักดิ์ เพิ่มทรัพย์ทวี",,,,,,,,,,,,,
,,,,,,,,1,711,วันศุกร์  13:00-16:00,ติดต่อผู้สอน,A27-4,33,"ภาวิต ตั้งวงศ์กิจ*  , ชวลิต คณากรสุขสันต์ , สุรศักดิ์ เพิ่มทรัพย์ทวี",,,,,,,,,,,,,
02027491-65 เทคนิควิจัยทางเครื่องจักรกลและเมคคาทรอนิกส์เกษตร (Research Techniques  in Agricultural Machinery and Mechatronics),,,,,,,,1,711,ยังไม่มีการกำหนดวัน-เวลาเรียน,ยังไม่มีการกำหนดห้องเรียน,A27-4,38,"พงศ์ศักดิ์ ชลธนสวัสดิ์*  , สมบัติ ขาวประทีป , ชวลิต คณากรสุขสันต์ , สุณัฏฐา อัฐฐิศิลป์เวท",,,,,,,,,,,,,
02027498-60 ปัญหาพิเศษ (Special Problems),,,,,,,,3,711,ยังไม่มีการกำหนดวัน-เวลาเรียน,ยังไม่มีการกำหนดห้องเรียน,-,10,"พงศ์ศักดิ์ ชลธนสวัสดิ์*  , สมบัติ ขาวประทีป , นนทวัชร์ ชัยณรงค์ , ชวลิต คณากรสุขสันต์ , สุณัฏฐา อัฐฐิศิลป์เวท , ภาวิต ตั้งวงศ์กิจ , ธวัชชัย เกิดสุข",,,,,,,,,,,,,
02027499-65 การฝึกงานเฉพาะด้านเครื่องจักรกลและเมคคาทรอนิกส์เกษตร (Specific Practicum in Agricultural Machinery and Mechatronics),,,,,,,,1,711,ยังไม่มีการกำหนดวัน-เวลาเรียน,ยังไม่มีการกำหนดห้องเรียน,A27-4,33,"พงศ์ศักดิ์ ชลธนสวัสดิ์*  , ชวลิต คณากรสุขสันต์ , สุณัฏฐา อัฐฐิศิลป์เวท",,,,,,,,,,,,,
02028321-66 ปุ๋ย (Fertilizer and Manures),3,3,700,"วันอังคาร  8:30-10:00,วันพฤหัสบดี  8:30-10:00","LH3-303 , LH3-303","3 , 4",100,,,,,,,"ศุภชัย อำคา*  , อัญธิชา พรมเมืองคุก",,,,,,,,,,,,,
02028391-66 ระเบียบวิธีวิจัยพื้นฐานทางปฐพีวิทยา (Basic Research Methods in Soil Science),1,1,700,วันจันทร์  13:00-14:00,DEPT(บรรยาย3),A28-3,25,,,,,,,"กนกกร สินมา*  , นภาพร พันธุ์กมลศิลป์ , ปุญญิศา ตระกูลยิ่งเจริญ , อัญธิชา พรมเมืองคุก , ศุภชัย อำคา , สิรินภา ช่วงโอภาส , นงภัทร ไชยชนะ , สุชาดา กรุณา",,,,,,,,,,,,,
02028411-66 ระบบสารสนเทศภูมิศาสตร์ทางการเกษตร (Geographic Information System in Agriculture),3,2,700,ติดต่อผู้สอน,ติดต่อผู้สอน,ALL,50,,,,,,,"นงภัทร ไชยชนะ*  , ธวัชชัย อินทร์บุญช่วย",,,,,,,,,,,,,
,,,,,,,,1,711,ติดต่อผู้สอน,ติดต่อผู้สอน,ALL,50,"นงภัทร ไชยชนะ*  , ธวัชชัย อินทร์บุญช่วย",,,,,,,,,,,,,
02028421-66 ความอุดมสมบูรณ์ของดิน (Soil Fertility),3,3,700,"วันอังคาร  10:30-12:00,วันพฤหัสบดี  10:30-12:00","DEPT(บรรยาย3) , DEPT(บรรยาย3)",ALL,50,,,,,,,"อัญธิชา พรมเมืองคุก*  , วิภาวรรณ ท้ายเมือง , ศุภชัย อำคา , ชัยสิทธิ์ ทองจู , ณัชชา ศรหิรัญ",,,,,,,,,,,,,
02028422-66 ความสัมพันธ์ระหว่างดินและพืช (Soil and Plant Relationships),3,3,700,ติดต่อผู้สอน,ติดต่อผู้สอน,ALL,50,,,,,,,"อัญธิชา พรมเมืองคุก*  , ณัชชา ศรหิรัญ , ปุญญิศา ตระกูลยิ่งเจริญ , ศุภชัย อำคา , กนกกร สินมา , เกวลิน ศรีจันทร์",,,,,,,,,,,,,
02028431-66 เคมีของดิน (Soil Chemistry),3,3,700,ติดต่อผู้สอน,ติดต่อผู้สอน,ALL,10,,,,,,,วิภาวรรณ ท้ายเมือง* ,,,,,,,,,,,,,
02028433-66 การวิเคราะห์ดินและพืชทางเคมี (Chemical Analysis of Soil and Plant Materials),3,2,700,วันอังคาร  14:00-16:00,DEPT(บรรยาย3),A28-3,37,,,,,,,"วิภาวรรณ ท้ายเมือง*  , อัญธิชา พรมเมืองคุก , ชัยสิทธิ์ ทองจู",,,,,,,,,,,,,
,,,,,,,,1,711,วันพฤหัสบดี  13:00-16:00,ติดต่อผู้สอน,A28-3,25,"วิภาวรรณ ท้ายเมือง*  , อัญธิชา พรมเมืองคุก , ชัยสิทธิ์ ทองจู",,,,,,,,,,,,,
,,,,,,,,1,712,วันศุกร์  13:00-16:00,ติดต่อผู้สอน,A28-3,18,"วิภาวรรณ ท้ายเมือง*  , อัญธิชา พรมเมืองคุก , ชัยสิทธิ์ ทองจู",,,,,,,,,,,,,
02028434-66 การผลิตและการควบคุมคุณภาพปุ๋ย (Production and Quality Control of Fertilizer),3,2,700,วันศุกร์  14:00-16:00,DEPT(บรรยาย2),A28-4,20,,,,,,,"วิภาวรรณ ท้ายเมือง*  , ศุภชัย อำคา , อัญธิชา พรมเมืองคุก , กนกกร สินมา , สิรินภา ช่วงโอภาส",,,,,,,,,,,,,
,,,,,,,,1,711,วันศุกร์  9:00-12:00,ติดต่อผู้สอน,A28-4,20,"วิภาวรรณ ท้ายเมือง*  , ศุภชัย อำคา , อัญธิชา พรมเมืองคุก , กนกกร สินมา , สิรินภา ช่วงโอภาส",,,,,,,,,,,,,
02028443-66 ดินของประเทศไทย (Soils of Thailand),3,3,700,ติดต่อผู้สอน,ติดต่อผู้สอน,ALL,25,,,,,,,"ปุญญิศา ตระกูลยิ่งเจริญ*  , นภาพร พันธุ์กมลศิลป์ , เกียรติศักดิ์ สนศรี",,,,,,,,,,,,,
02028444-66 ดินที่สูง (Highland Soils),3,3,700,ติดต่อผู้สอน,ติดต่อผู้สอน,ALL,30,,,,,,,"เกียรติศักดิ์ สนศรี*  , ปุญญิศา ตระกูลยิ่งเจริญ , นภาพร พันธุ์กมลศิลป์",,,,,,,,,,,,,
02028451-66 จุลชีววิทยาของดิน (Soil Microbiology),3,2,700,วันจันทร์  13:00-15:00,DEPT(บรรยาย2),A28-4,17,,,,,,,"สิรินภา ช่วงโอภาส*  , กนกกร สินมา",,,,,,,,,,,,,
,,,,,,,,1,711,วันอังคาร  13:00-16:00,LAB(ชั้น4),A28-4,17,"สิรินภา ช่วงโอภาส*  , กนกกร สินมา",,,,,,,,,,,,,
02028452-66 ปุ๋ยชีวภาพ (Biofertilizer),3,3,700,ติดต่อผู้สอน,ติดต่อผู้สอน,ALL,50,,,,,,,"สิรินภา ช่วงโอภาส*  , กนกกร สินมา",,,,,,,,,,,,,
02028461-61 ฟิสิกส์ของดิน (Soil Physics),3,3,700,"วันจันทร์  15:00-16:30,วันพุธ  15:00-16:30","DEPT(บรรยาย1) , DEPT(บรรยาย1)",A28-4,10,,,,,,,"เกวลิน ศรีจันทร์*  , สุชาดา กรุณา , สัญชัย ภู่เงิน",,,,,,,,,,,,,
02028471-66 การจัดการดิน (Soil Management),3,3,700,"วันจันทร์  9:00-10:30,วันพุธ  9:00-10:30","DEPT(บรรยาย3) , DEPT(บรรยาย3)",ALL,50,,,,,,,"นงภัทร ไชยชนะ*  , ธวัชชัย อินทร์บุญช่วย , พงษ์เพชร พงษ์ศิวาภัย , ณัชชา ศรหิรัญ",,,,,,,,,,,,,
02028472-66 การอนุรักษ์ดินและน้ำ (Soil and Water Conservation),3,3,700,ติดต่อผู้สอน,ติดต่อผู้สอน,ALL,50,,,,,,,"ธวัชชัย อินทร์บุญช่วย*  , สุชาดา กรุณา , พงษ์เพชร พงษ์ศิวาภัย",,,,,,,,,,,,,
02028474-66 การจัดการดินและธาตุอาหารในระบบเกษตรอินทรีย์ (Soil and Nutrient Management on Organic Farming System),3,3,700,"วันจันทร์  16:00-17:30,วันพุธ  16:00-17:30","LH3-210 , LH2-203",ALL,100,,,,,,,"พงษ์เพชร พงษ์ศิวาภัย*  , ธวัชชัย อินทร์บุญช่วย , สุชาดา กรุณา , ชัยสิทธิ์ ทองจู , สิรินภา ช่วงโอภาส , กนกกร สินมา , นงภัทร ไชยชนะ",,,,,,,,,,,,,
02028481-61 มลพิษของดินและการจัดการ (Soils Pollution and Its Management),3,3,700,"วันพฤหัสบดี  16:00-17:30,วันพฤหัสบดี  18:00-19:30","LH3-207 , LH3-207",-,30,,,,,,,ศุภชัย อำคา* ,,,,,,,,,,,,,
02028481-66 มลพิษของดินและการจัดการ (Soils Pollution and Its Management),3,3,700,"วันพฤหัสบดี  16:00-17:30,วันพฤหัสบดี  18:00-19:30","LH3-207 , LH3-207",-,50,,,,,,,"ศุภชัย อำคา*  , ชัยสิทธิ์ ทองจู , ณัชชา ศรหิรัญ",,,,,,,,,,,,,
02028482-66 สารเคมีทางปฐพีวิทยาและผลกระทบต่อสิ่งแวดล้อม (Soils Chemicals and Environmental Impacts),3,3,700,"วันอังคาร  16:00-17:30,วันอังคาร  18:00-19:30","LH3-207 , LH3-207",ALL,50,,,,,,,"ณัชชา ศรหิรัญ*  , ศุภชัย อำคา , ชัยสิทธิ์ ทองจู , เกวลิน ศรีจันทร์ , กนกกร สินมา , เกียรติศักดิ์ สนศรี",,,,,,,,,,,,,
02028496-66 เรื่องเฉพาะทางปฐพีวิทยา (Selected Topics in Soil Science),3,3,700,ติดต่อผู้สอน,ติดต่อผู้สอน,ALL,10,,,,,,,"เกียรติศักดิ์ สนศรี*  , สิรินภา ช่วงโอภาส , ศุภชัย อำคา , สัญชัย ภู่เงิน , นงภัทร ไชยชนะ",,,,,,,,,,,,,
02028497-66 สัมมนา (Seminar),1,1,700,ติดต่อผู้สอน,ติดต่อผู้สอน,A28-4,40,,,,,,,ณัชชา ศรหิรัญ* ,,,,,,,,,,,,,
02028498-66 ปัญหาพิเศษ (Special Problems),,,,,,,,3,711,ติดต่อผู้สอน,ติดต่อผู้สอน,ALL,40,สัญชัย ภู่เงิน* ,,,,,,,,,,,,,
02028499-66 การฝึกงานเฉพาะด้านปฐพีวิทยา (Specific Practicum in Soil Science),,,,,,,,3,711,ติดต่อผู้สอน,ติดต่อผู้สอน,A28-4,35,วิภาวรรณ ท้ายเมือง* ,,,,,,,,,,,,,
02029211-61 พืชไร่เศรษฐกิจ (Economic Field Crops),2,2,700,วันพุธ  10:00-12:00,LH3-303,"A29-4 , A32-4",10,,,,,,,"อรอุมา ตนะดุลย์*  , นงลักษณ์ เทียนเสรี , ประเสริฐ ฉัตรวชิระวงษ์ , จิราพร เชื้อกูล , กนกวรรณ เที่ยงธรรม , จำเนียร ชมภู , พัชรินทร์ ตัญญะ , ประกิจ สมท่า , อนุรักษ์ อรัญญนาค , ศิวเรศ อารีกิจ , กุหลาบ เหล่าสาธิต",,,,,,,,,,,,,
02029211-66 พืชไร่เศรษฐกิจ (Economic Field Crops),2,2,700,วันพุธ  10:00-12:00,LH3-303,"A29-2 , A32-2 , A29-3 , A32-3",100,,,,,,,"อรอุมา ตนะดุลย์*  , นงลักษณ์ เทียนเสรี , ประเสริฐ ฉัตรวชิระวงษ์ , จิราพร เชื้อกูล , กนกวรรณ เที่ยงธรรม , จำเนียร ชมภู , พัชรินทร์ ตัญญะ , ประกิจ สมท่า , อนุรักษ์ อรัญญนาค , ศิวเรศ อารีกิจ , กุหลาบ เหล่าสาธิต",,,,,,,,,,,,,
02029212-61 ปฏิบัติการการผลิตและการจัดการพืช (Laboratory in Crop Production and Management Practice),,,,,,,,1,711,วันอังคาร  13:00-16:00,ตึกภาควิชาพืชไร่นา,"A29-4 , A32-4",10,"วีระพันธุ์ สรีดอกจันทร์*  , ชเนษฎ์ ม้าลำพอง , จุฑามาศ ร่มแก้ว , กุหลาบ เหล่าสาธิต , ทิวา พาโคกทม , ประเสริฐ ฉัตรวชิระวงษ์ , จิราพร เชื้อกูล , คัทลียา ฉัตร์เที่ยง , จำเนียร ชมภู , อนุรักษ์ อรัญญนาค , กนกวรรณ เที่ยงธรรม",,,,,,,,,,,,,
,,,,,,,,1,713,วันศุกร์  9:00-12:00,ตึกภาควิชาพืชไร่นา,"A29-4 , A32-4",10,"วีระพันธุ์ สรีดอกจันทร์*  , ชเนษฎ์ ม้าลำพอง , จุฑามาศ ร่มแก้ว , กุหลาบ เหล่าสาธิต , ทิวา พาโคกทม , ประเสริฐ ฉัตรวชิระวงษ์ , จิราพร เชื้อกูล , คัทลียา ฉัตร์เที่ยง , จำเนียร ชมภู , อนุรักษ์ อรัญญนาค , กนกวรรณ เที่ยงธรรม",,,,,,,,,,,,,
02029212-66 ปฏิบัติการการผลิตและการจัดการพืช (Laboratory in Crop Production and Management Practice),,,,,,,,1,711,วันอังคาร  13:00-16:00,ตึกภาควิชาพืชไร่นา,"A32-2 , A32-3",100,"กนกวรรณ เที่ยงธรรม , วีระพันธุ์ สรีดอกจันทร์*  , ชเนษฎ์ ม้าลำพอง , จุฑามาศ ร่มแก้ว , กุหลาบ เหล่าสาธิต , ทิวา พาโคกทม , ประเสริฐ ฉัตรวชิระวงษ์ , จิราพร เชื้อกูล , คัทลียา ฉัตร์เที่ยง , จำเนียร ชมภู , อนุรักษ์ อรัญญนาค",,,,,,,,,,,,,
,,,,,,,,1,712,วันอังคาร  13:00-16:00,ตึกภาควิชาพืชไร่นา,"A32-3 , A32-2",100,"กนกวรรณ เที่ยงธรรม , วีระพันธุ์ สรีดอกจันทร์*  , ชเนษฎ์ ม้าลำพอง , จุฑามาศ ร่มแก้ว , กุหลาบ เหล่าสาธิต , ทิวา พาโคกทม , ประเสริฐ ฉัตรวชิระวงษ์ , จิราพร เชื้อกูล , คัทลียา ฉัตร์เที่ยง , จำเนียร ชมภู , อนุรักษ์ อรัญญนาค",,,,,,,,,,,,,
,,,,,,,,1,713,วันศุกร์  9:00-12:00,ตึกภาควิชาพืชไร่นา,"A29-2 , A29-3",100,"กนกวรรณ เที่ยงธรรม , วีระพันธุ์ สรีดอกจันทร์*  , ชเนษฎ์ ม้าลำพอง , จุฑามาศ ร่มแก้ว , กุหลาบ เหล่าสาธิต , ทิวา พาโคกทม , ประเสริฐ ฉัตรวชิระวงษ์ , จิราพร เชื้อกูล , คัทลียา ฉัตร์เที่ยง , จำเนียร ชมภู , อนุรักษ์ อรัญญนาค",,,,,,,,,,,,,
,,,,,,,,1,714,วันศุกร์  9:00-12:00,ตึกภาควิชาพืชไร่นา,"A29-2 , A29-3",100,"กนกวรรณ เที่ยงธรรม , วีระพันธุ์ สรีดอกจันทร์*  , ชเนษฎ์ ม้าลำพอง , จุฑามาศ ร่มแก้ว , กุหลาบ เหล่าสาธิต , ทิวา พาโคกทม , ประเสริฐ ฉัตรวชิระวงษ์ , จิราพร เชื้อกูล , คัทลียา ฉัตร์เที่ยง , จำเนียร ชมภู , อนุรักษ์ อรัญญนาค",,,,,,,,,,,,,
02029417-61 หลักการควบคุมวัชพืช (Principles of Weed Control),3,2,700,วันจันทร์  10:00-12:00,ตึกภาควิชาพืชไร่นา,"A29-4 , A29-4X , A29-5",40,,,,,,,"จำเนียร ชมภู*  , ทศพล พรพรหม",,,,,,,,,,,,,
,,,,,,,,1,711,วันพฤหัสบดี  13:00-16:00,ตึกภาควิชาพืชไร่นา,"A29-4 , A29-4X , A29-5",40,"จำเนียร ชมภู*  , ทศพล พรพรหม",,,,,,,,,,,,,
02029421-61 ภูมิอากาศของพืช (Plant Climate),3,3,700,"วันศุกร์  9:00-10:30,วันศุกร์  13:00-14:30","KH80-202 , KH80-202","A29-4 , A28-4",60,,,,,,,"ทิวา พาโคกทม*  , คัทลียา ฉัตร์เที่ยง",,,,,,,,,,,,,
02029421-66 ภูมิอากาศของพืช (Plant Climate),3,3,700,"วันศุกร์  9:00-10:30,วันศุกร์  13:00-14:30","KH80-202 , KH80-202",A28-3,10,,,,,,,"ทิวา พาโคกทม*  , คัทลียา ฉัตร์เที่ยง",,,,,,,,,,,,,
02029431-61 การผลิตพืชไร่ที่ใช้เมล็ด (Grain Crop Production),3,3,700,"วันอังคาร  9:00-10:30,วันพุธ  14:30-16:00","LH3-203 , LH3-205",A29-3,10,,,,,,,"กุหลาบ เหล่าสาธิต*  , ชเนษฎ์ ม้าลำพอง , ประกิจ สมท่า",,,,,,,,,,,,,
02029431-66 การผลิตพืชไร่ที่ใช้เมล็ด (Grain Crop Production),3,3,700,"วันอังคาร  9:00-10:30,วันพุธ  14:30-16:00","LH3-203 , LH3-205",A29-3,15,,,,,,,"กุหลาบ เหล่าสาธิต*  , ชเนษฎ์ ม้าลำพอง , ประกิจ สมท่า",,,,,,,,,,,,,
02029433-61 การผลิตพืชไร่อุตสาหกรรม (Industrial Crop Production),3,3,700,"วันจันทร์  13:00-14:30,วันศุกร์  14:30-16:00","LH3-209 , LH4-307",A29-4,15,,,,,,,"ทิวา พาโคกทม*  , บุบผา คงสมัย , ประเสริฐ ฉัตรวชิระวงษ์",,,,,,,,,,,,,
02029433-66 การผลิตพืชไร่อุตสาหกรรม (Industrial Crop Production),3,3,700,"วันจันทร์  13:00-14:30,วันศุกร์  14:30-16:00","LH3-209 , LH4-307",A29-3,10,,,,,,,"ทิวา พาโคกทม*  , บุบผา คงสมัย , ประเสริฐ ฉัตรวชิระวงษ์",,,,,,,,,,,,,
02029434-61 การจัดการพืชอาหารสัตว์ (Forage Crop Management),3,3,700,"วันจันทร์  10:30-12:00,วันพุธ  9:00-10:30","LH3-205 , LH3-205",A05-4,10,,,,,,,"จิราพร เชื้อกูล*  , นรุณ วรามิตร , บุบผา คงสมัย , จุฑามาศ ร่มแก้ว",,,,,,,,,,,,,
02029434-66 การจัดการพืชอาหารสัตว์ (Forage Crop Management),3,3,700,"วันจันทร์  10:30-12:00,วันพุธ  9:00-10:30","LH3-205 , LH3-205",A29-3,15,,,,,,,"จิราพร เชื้อกูล*  , นรุณ วรามิตร , บุบผา คงสมัย , จุฑามาศ ร่มแก้ว",,,,,,,,,,,,,
02029441-61 การผลิตพืชเพื่อพลังงานทดแทน (Crop Production for Renewable Energy),3,3,700,"CLOSED,CLOSED","LH3-204 , LH3-307",A29-4,10,,,,,,,"อรอุมา ตนะดุลย์*  , จิราพร เชื้อกูล , นรุณ วรามิตร , พรศิริ เลี้ยงสกุล , อนุรักษ์ อรัญญนาค",,,,,,,,,,,,,
02029441-66 การผลิตพืชเพื่อพลังงานทดแทน (Crop Production for Renewable Energy),3,3,700,"CLOSED,CLOSED","LH3-204 , LH3-307",A29-3,15,,,,,,,"อรอุมา ตนะดุลย์*  , จิราพร เชื้อกูล , นรุณ วรามิตร , พรศิริ เลี้ยงสกุล , อนุรักษ์ อรัญญนาค",,,,,,,,,,,,,
02029442-61 พืชสมุนไพรและการใช้ประโยชน์ (Medicinal Plants and Their Utilization),3,3,700,"วันจันทร์  13:00-14:30,วันพุธ  13:00-14:30","LH3-206 , LH3-209",A29-4,10,,,,,,,"พรศิริ เลี้ยงสกุล*  , จำเนียร ชมภู , อนุรักษ์ อรัญญนาค , ขุนพล พงษ์มณี",,,,,,,,,,,,,
02029442-66 พืชสมุนไพรและการใช้ประโยชน์ (Medicinal Plants and Their Utilization),3,3,700,"วันจันทร์  13:00-14:30,วันพุธ  13:00-14:30","LH3-206 , LH3-209",A29-3,15,,,,,,,"พรศิริ เลี้ยงสกุล*  , จำเนียร ชมภู , อนุรักษ์ อรัญญนาค , ขุนพล พงษ์มณี",,,,,,,,,,,,,
02029451-61 สรีรวิทยาการผลิตพืชไร่ (Physiology of  Field Crop Production),3,3,700,"วันอังคาร  10:30-12:00,วันพุธ  10:30-12:00","LH3-207 , LH3-207","A29-4 , A32-4",10,,,,,,,"คัทลียา ฉัตร์เที่ยง*  , ทิวา พาโคกทม , วีระพันธุ์ สรีดอกจันทร์",,,,,,,,,,,,,
02029451-66 สรีรวิทยาการผลิตพืชไร่ (Physiology of  Field Crop Production),3,3,700,"วันอังคาร  10:30-12:00,วันพุธ  10:30-12:00","LH3-207 , LH3-207","A29-3 , A34-3 , A16-4",30,,,,,,,"คัทลียา ฉัตร์เที่ยง*  , ทิวา พาโคกทม , วีระพันธุ์ สรีดอกจันทร์",,,,,,,,,,,,,
02029461-61 ระบบการปลูกพืช (Cropping System),3,3,700,"CLOSED,CLOSED","LH2-206 , LH4-611",A29-4,10,,,,,,,"อนุรักษ์ อรัญญนาค*  , จำเนียร ชมภู , นรุณ วรามิตร , จิราพร เชื้อกูล",,,,,,,,,,,,,
02029461-66 ระบบการปลูกพืช (Cropping System),3,3,700,"CLOSED,CLOSED","LH2-206 , LH4-611",A29-3,15,,,,,,,"อนุรักษ์ อรัญญนาค*  , จำเนียร ชมภู , นรุณ วรามิตร , จิราพร เชื้อกูล",,,,,,,,,,,,,
02029471-61 หลักการปรับปรุงพันธุ์พืช (Principles of Plant Breeding),3,3,700,"วันอังคาร  13:00-14:30,วันศุกร์  13:00-14:30","LH3-201 , LH3-201",A29-4,10,,,,,,,"อนุรักษ์ อรัญญนาค*  , บุบผา คงสมัย , นงลักษณ์ เทียนเสรี",,,,,,,,,,,,,
02029471-66 หลักการปรับปรุงพันธุ์พืช (Principles of Plant Breeding),3,3,700,"วันอังคาร  13:00-14:30,วันศุกร์  13:00-14:30","LH3-201 , LH3-201",A29-3,30,,,,,,,"อนุรักษ์ อรัญญนาค*  , นงลักษณ์ เทียนเสรี , บุบผา คงสมัย",,,,,,,,,,,,,
02029474-61 หลักการและการประยุกต์เทคโนโลยีชีวภาพพืช (Principle and Application of Plant Biotechnology),3,3,700,"CLOSED,CLOSED","LH4-611 , LH4-611",A29-4,10,,,,,,,"อรอุมา ตนะดุลย์*  , กุหลาบ เหล่าสาธิต , ศิวเรศ อารีกิจ",,,,,,,,,,,,,
02029474-66 หลักการและการประยุกต์เทคโนโลยีชีวภาพพืช (Principle and Application of Plant Biotechnology),3,3,700,"CLOSED,CLOSED","LH4-611 , LH4-611",A29-3,15,,,,,,,"กุหลาบ เหล่าสาธิต , ศิวเรศ อารีกิจ , อรอุมา ตนะดุลย์* ",,,,,,,,,,,,,
02029481-61 เทคโนโลยีของเมล็ดพันธุ์พืชไร่ (Seed Technology of Field Crop),3,2,700,วันอังคาร  10:00-12:00,ตึกภาควิชาพืชไร่นา,A-4,25,,,,,,,"กนกวรรณ เที่ยงธรรม*  , จุฑามาศ ร่มแก้ว",,,,,,,,,,,,,
,,,,,,,,1,711,วันอังคาร  13:00-16:00,ตึกภาควิชาพืชไร่นา,A-4,25,"กนกวรรณ เที่ยงธรรม*  , จุฑามาศ ร่มแก้ว",,,,,,,,,,,,,
02029493-61 วิธีการทดลองด้านพืชไร่ (Field Plot Methods in Agronomy),3,2,700,วันพุธ  10:30-12:30,ติดต่อผู้สอน,"A29-4 , A37-4 , A37-5",20,,,,,,,"พัชรินทร์ ตัญญะ*  , ชูศักดิ์ จอมพุก , อนุรักษ์ อรัญญนาค",,,,,,,,,,,,,
,,,,,,,,1,711,ยังไม่มีการกำหนดวัน-เวลาเรียน,ยังไม่มีการกำหนดห้องเรียน,"A29-4 , A37-4 , A37-5",20,"ชูศักดิ์ จอมพุก , อนุรักษ์ อรัญญนาค , พัชรินทร์ ตัญญะ* ",,,,,,,,,,,,,
02029493-66 วิธีการทดลองด้านพืชไร่ (Field Plot Methods in Agronomy),3,2,700,วันพุธ  10:30-12:30,ตึกภาควิชาพืชไร่นา,A29-3,20,,,,,,,"พัชรินทร์ ตัญญะ*  , ชูศักดิ์ จอมพุก , อนุรักษ์ อรัญญนาค",,,,,,,,,,,,,
,,,,,,,,1,711,วันพุธ  13:00-15:00,ตึกภาควิชาพืชไร่นา,A29-3,20,"พัชรินทร์ ตัญญะ*  , ชูศักดิ์ จอมพุก , อนุรักษ์ อรัญญนาค",,,,,,,,,,,,,
02029497-61 สัมมนา (Seminar),1,1,700,วันจันทร์  9:00-10:00,ตึกภาควิชาพืชไร่นา,A29-4,40,,,,,,,"คัทลียา ฉัตร์เที่ยง*  , ประเสริฐ ฉัตรวชิระวงษ์ , บุบผา คงสมัย , นงลักษณ์ เทียนเสรี , พรศิริ เลี้ยงสกุล , ชูศักดิ์ จอมพุก , จุฑามาศ ร่มแก้ว , จำเนียร ชมภู , นรุณ วรามิตร , ศิวเรศ อารีกิจ , พัชรินทร์ ตัญญะ",,,,,,,,,,,,,
02029498-61 ปัญหาพิเศษ (Special Problems),,,,,,,,3,711,ติดต่อผู้สอน,ติดต่อผู้สอน,"A29-4 , A29-5",30,จำเนียร ชมภู* ,,,,,,,,,,,,,
02029499-61 การฝึกงานเฉพาะด้าน (Specific Practicum),,,,,,,,3,711,ติดต่อผู้สอน,ติดต่อผู้สอน,A29-4,40,"พรศิริ เลี้ยงสกุล*  , นงลักษณ์ เทียนเสรี , คัทลียา ฉัตร์เที่ยง , จิราพร เชื้อกูล , วีระพันธุ์ สรีดอกจันทร์ , อนุรักษ์ อรัญญนาค , กนกวรรณ เที่ยงธรรม , ศิวเรศ อารีกิจ",,,,,,,,,,,,,
02031271-66 ทัศนมิติด้านโรคพืช (Perspective in Plant Pathology),1,1,700,วันศุกร์  9:00-10:00,LH4-609,-,55,,,,,,,"ศิริพร ดอนเหนือ*  , ชัยณรงค์ รัตนกรีฑากุล , สุจินต์ ภัทรภูวดล , จินตนา อันอาตม์งาม , ษมาภร สิงหพันธุ์ , อมรศรี ขุนอินทร์ , พรทิพย์ เรือนปานันท์",,,,,,,,,,,,,
02031371-66 หลักการควบคุมโรคพืช (Principles of Plant Disease Control),3,2,700,วันพฤหัสบดี  8:30-10:30,ติดต่อผู้สอน,A31-3,15,,,,,,,"พิสุทธิ์ เขียวมณี*  , ชัยณรงค์ รัตนกรีฑากุล , สุจินต์ ภัทรภูวดล , อมรศรี ขุนอินทร์",,,,,,,,,,,,,
,,,,,,,,1,711,วันพฤหัสบดี  13:00-16:00,ติดต่อผู้สอน,A31-3,15,"พิสุทธิ์ เขียวมณี*  , ชัยณรงค์ รัตนกรีฑากุล , สุจินต์ ภัทรภูวดล , อมรศรี ขุนอินทร์",,,,,,,,,,,,,
02031411-66 โรคพืชที่เกิดจากแบคทีเรีย (Bacterial Diseases of Plants),3,2,700,วันพุธ  10:00-12:00,ติดต่อผู้สอน,-,30,,,,,,,สุจินต์ ภัทรภูวดล* ,,,,,,,,,,,,,
,,,,,,,,1,711,วันอังคาร  13:00-16:00,ติดต่อผู้สอน,-,15,สุจินต์ ภัทรภูวดล* ,,,,,,,,,,,,,
,,,,,,,,1,712,วันพุธ  13:00-16:00,ติดต่อผู้สอน,-,15,สุจินต์ ภัทรภูวดล* ,,,,,,,,,,,,,
02031421-66 ราวิทยาเบื้องต้น (Introduction to Mycology),4,3,700,วันพุธ  9:00-12:00,ติดต่อผู้สอน,-,15,,,,,,,"ชัชชัย โกษาวัง*  , จินตนา อันอาตม์งาม",,,,,,,,,,,,,
,,,,,,,,1,711,วันพุธ  13:00-16:00,ติดต่อผู้สอน,-,15,"ชัชชัย โกษาวัง*  , จินตนา อันอาตม์งาม",,,,,,,,,,,,,
02031431-66 ไส้เดือนฝอยศัตรูพืช (Plant Parasitic Nematodes),3,2,700,วันอังคาร  10:00-12:00,ติดต่อผู้สอน,-,15,,,,,,,อมรศรี ขุนอินทร์* ,,,,,,,,,,,,,
,,,,,,,,1,711,วันอังคาร  13:00-16:00,ติดต่อผู้สอน,-,15,อมรศรี ขุนอินทร์* ,,,,,,,,,,,,,
02031441-66 ไวรัสวิทยาเบื้องต้นของพืช (Introduction to Plant Virology),3,2,700,วันอังคาร  10:00-12:00,ติดต่อผู้สอน,-,17,,,,,,,"ษมาภร สิงหพันธุ์*  , ศลิษฎ์ ศุภกิจธนากร , สุนิตรา อุปนันท์",,,,,,,,,,,,,
,,,,,,,,1,711,วันอังคาร  13:00-16:00,ติดต่อผู้สอน,-,17,"ษมาภร สิงหพันธุ์*  , ศลิษฎ์ ศุภกิจธนากร , สุนิตรา อุปนันท์",,,,,,,,,,,,,
02031443-66 ไวรอยด์พืช (Plant Viroids),3,3,700,"วันจันทร์  10:30-12:00,วันพุธ  10:30-12:00","ติดต่อผู้สอน , ติดต่อผู้สอน",-,20,,,,,,,"ศลิษฎ์ ศุภกิจธนากร*  , ษมาภร สิงหพันธุ์",,,,,,,,,,,,,
02031461-66 โรคของพืชไร่ (Diseases of Field Crops),3,2,700,วันจันทร์  10:00-12:00,ติดต่อผู้สอน,-,20,,,,,,,"พิสุทธิ์ เขียวมณี , ชัยณรงค์ รัตนกรีฑากุล , อมรศรี ขุนอินทร์*  , ศิริพร ดอนเหนือ , ษมาภร สิงหพันธุ์ , ฉัตรสุดา จีระพันธุ",,,,,,,,,,,,,
,,,,,,,,1,711,วันจันทร์  13:00-16:00,ติดต่อผู้สอน,-,20,"อมรศรี ขุนอินทร์*  , ศิริพร ดอนเหนือ , ษมาภร สิงหพันธุ์ , ฉัตรสุดา จีระพันธุ , พิสุทธิ์ เขียวมณี , ชัยณรงค์ รัตนกรีฑากุล",,,,,,,,,,,,,
02031463-66 โรคของไม้ผล (Diseases of Fruit Crops),3,2,700,วันพุธ  16:00-18:00,LH4-610,-,20,,,,,,,"พิสุทธิ์ เขียวมณี*  , ชัยณรงค์ รัตนกรีฑากุล",,,,,,,,,,,,,
,,,,,,,,1,711,วันพุธ  18:00-21:00,LH4-610,-,20,"พิสุทธิ์ เขียวมณี*  , ชัยณรงค์ รัตนกรีฑากุล",,,,,,,,,,,,,
02031466-66 โรคพืชที่เกิดจากสิ่งไม่มีชีวิต (Non-Parasitic Diseases of Plants),3,2,700,ยังไม่มีการกำหนดวัน-เวลาเรียน,ยังไม่มีการกำหนดห้องเรียน,-,25,,,,,,,"อมรศรี ขุนอินทร์*  , พิสุทธิ์ เขียวมณี , ชัยณรงค์ รัตนกรีฑากุล",,,,,,,,,,,,,
,,,,,,,,1,711,ยังไม่มีการกำหนดวัน-เวลาเรียน,ยังไม่มีการกำหนดห้องเรียน,-,25,"อมรศรี ขุนอินทร์*  , พิสุทธิ์ เขียวมณี , ชัยณรงค์ รัตนกรีฑากุล",,,,,,,,,,,,,
02031473-66 จุลินทรีย์ปฏิปักษ์เพื่อการจัดการโรคพืช (Antagonistic Microorganisms for Plant Disease Management),3,2,700,ยังไม่มีการกำหนดวัน-เวลาเรียน,ยังไม่มีการกำหนดห้องเรียน,-,10,,,,,,,ฉัตรสุดา จีระพันธุ* ,,,,,,,,,,,,,
,,,,,,,,1,711,ยังไม่มีการกำหนดวัน-เวลาเรียน,ยังไม่มีการกำหนดห้องเรียน,-,10,ฉัตรสุดา จีระพันธุ* ,,,,,,,,,,,,,
02031474-66 ระบบคุณภาพผลิตผลเกษตรที่เกี่ยวข้องกับโรคพืช (Quality System of Agricultural Produce Related to Plant Disease),3,3,700,วันพฤหัสบดี  16:00-19:00,LH4-604,-,180,,,,,,,"พิสุทธิ์ เขียวมณี*  , ชัยณรงค์ รัตนกรีฑากุล , สนธยา สำเภาทอง",,,,,,,,,,,,,
02031481-66 การวินิจฉัยโรคพืช (Diagnosis of Plant Diseases),3,1,700,วันจันทร์  8:00-9:00,ติดต่อผู้สอน,-,25,,,,,,,"จินตนา อันอาตม์งาม*  , พรทิพย์ เรือนปานันท์ , ชัยณรงค์ รัตนกรีฑากุล , สุจินต์ ภัทรภูวดล , อมรศรี ขุนอินทร์ , ศิริพร ดอนเหนือ , ศลิษฎ์ ศุภกิจธนากร , ชัชชัย โกษาวัง , พิสุทธิ์ เขียวมณี",,,,,,,,,,,,,
,,,,,,,,2,711,"วันจันทร์  9:00-12:00,วันจันทร์  13:00-16:00","ติดต่อผู้สอน , ติดต่อผู้สอน",-,24,"จินตนา อันอาตม์งาม*  , พรทิพย์ เรือนปานันท์ , ชัยณรงค์ รัตนกรีฑากุล , สุจินต์ ภัทรภูวดล , อมรศรี ขุนอินทร์ , ศิริพร ดอนเหนือ , ศลิษฎ์ ศุภกิจธนากร , ชัชชัย โกษาวัง , พิสุทธิ์ เขียวมณี",,,,,,,,,,,,,
,,,,,,,,2,712,"วันศุกร์  9:00-12:00,วันศุกร์  13:00-16:00","ติดต่อผู้สอน , ติดต่อผู้สอน",-,1,"จินตนา อันอาตม์งาม*  , พรทิพย์ เรือนปานันท์ , ชัยณรงค์ รัตนกรีฑากุล , สุจินต์ ภัทรภูวดล , อมรศรี ขุนอินทร์ , ศิริพร ดอนเหนือ , ศลิษฎ์ ศุภกิจธนากร , ชัชชัย โกษาวัง , พิสุทธิ์ เขียวมณี",,,,,,,,,,,,,
02031483-66 โรคของผลิตผลพืชภายหลังการเก็บเกี่ยว (Post-Harvest Diseases),3,2,700,วันศุกร์  16:00-18:00,LH4-602,-,20,,,,,,,"ชัยณรงค์ รัตนกรีฑากุล*  , พิสุทธิ์ เขียวมณี",,,,,,,,,,,,,
,,,,,,,,1,711,วันศุกร์  18:00-21:00,LH4-602,-,20,"ชัยณรงค์ รัตนกรีฑากุล*  , พิสุทธิ์ เขียวมณี",,,,,,,,,,,,,
02031492-66 การผลิตพืชปลอดโรคด้วยเทคนิคเพาะเลี้ยงเนื้อเยื่อ (Production of Disease-free Plant from Tissue Culture Techniques),3,2,700,วันอังคาร  10:00-12:00,ติดต่อผู้สอน,-,11,,,,,,,"ศิริพร ดอนเหนือ*  , ศลิษฎ์ ศุภกิจธนากร",,,,,,,,,,,,,
,,,,,,,,1,711,วันอังคาร  13:00-16:00,ติดต่อผู้สอน,-,11,"ศิริพร ดอนเหนือ*  , ศลิษฎ์ ศุภกิจธนากร",,,,,,,,,,,,,
02031497-66 สัมมนา (Seminar),1,1,700,วันพฤหัสบดี  16:00-18:00,LH3-203,A31-4,46,,,,,,,"พรทิพย์ เรือนปานันท์*  , ชัชชัย โกษาวัง , ศลิษฎ์ ศุภกิจธนากร",,,,,,,,,,,,,
02031498-66 ปัญหาพิเศษ (Special Problems),,,,,,,,3,711,ยังไม่มีการกำหนดวัน-เวลาเรียน,ยังไม่มีการกำหนดห้องเรียน,A31-4,46,ศิริพร ดอนเหนือ* ,,,,,,,,,,,,,
02031499-66 การฝึกงานเฉพาะด้านโรคพืช (Specific Practicum in Plant Pathology),,,,,,,,3,711,ยังไม่มีการกำหนดวัน-เวลาเรียน,ยังไม่มีการกำหนดห้องเรียน,-,47,"ฉัตรสุดา จีระพันธุ*  , ศิริพร ดอนเหนือ , พิสุทธิ์ เขียวมณี , พรทิพย์ เรือนปานันท์ , ศลิษฎ์ ศุภกิจธนากร , อมรศรี ขุนอินทร์ , ษมาภร สิงหพันธุ์",,,,,,,,,,,,,
02032261-66 คอมพิวเตอร์และเทคโนโลยีสารสนเทศเพื่องานส่งเสริมการเกษตร (Computer and Information Technology for Agricultural Extension Work),3,2,700,วันพฤหัสบดี  8:30-10:30,คอม2 อาคารศูนย์,A32-2,35,,,,,,,"เกษมสันต์ สกุลรัตน์*  , จิรัฐินาฏ ถังเงิน",,,,,,,,,,,,,
,,,,,,,,1,711,วันพฤหัสบดี  10:30-12:30,คอม 2 อาคารศูนย์,A32-2,35,"เกษมสันต์ สกุลรัตน์*  , จิรัฐินาฏ ถังเงิน",,,,,,,,,,,,,
02032303-67 การเกษตรกับคุณภาพชีวิตที่ดี (Agriculture and Quality of Life),3,3,700,วันจันทร์  9:00-12:00,LH2-202,H10-2,150,,,,,,,"พันธ์จิตต์ สีเหนี่ยง*  , คนึงรัตน์ คำมณี , จิรัฐินาฏ ถังเงิน , รพี ดอกไม้เทศ , เชิดพงษ์ ขีระจิตต์",,,,,,,,,,,,,
,3,3,701,"วันจันทร์  15:30-17:00,วันพุธ  15:30-17:00","LH4-306 , KH80-202",ALL,100,,,,,,,"พันธ์จิตต์ สีเหนี่ยง*  , คนึงรัตน์ คำมณี , จิรัฐินาฏ ถังเงิน , รพี ดอกไม้เทศ , เชิดพงษ์ ขีระจิตต์",,,,,,,,,,,,,
,3,3,702,"วันอังคาร  15:30-17:00,วันพฤหัสบดี  15:30-17:00","LH4-301 , LH4-301",ALL,150,,,,,,,"พันธ์จิตต์ สีเหนี่ยง*  , คนึงรัตน์ คำมณี , จิรัฐินาฏ ถังเงิน , รพี ดอกไม้เทศ , เชิดพงษ์ ขีระจิตต์",,,,,,,,,,,,,
,3,3,809,วันศุกร์  9:00-12:00,LH2-302,Q02-1,120,,,,,,,"พันธ์จิตต์ สีเหนี่ยง*  , คนึงรัตน์ คำมณี , จิรัฐินาฏ ถังเงิน , รพี ดอกไม้เทศ , เชิดพงษ์ ขีระจิตต์",,,,,,,,,,,,,
02032304-67 เกษตรเพื่อโลกสีเขียว (Agriculture for Green Earth),2,2,700,วันศุกร์  13:00-15:00,LH4-301,ALL,150,,,,,,,"พันธ์จิตต์ สีเหนี่ยง*  , คนึงรัตน์ คำมณี , จิรัฐินาฏ ถังเงิน",,,,,,,,,,,,,
,2,2,701,วันศุกร์  15:00-17:00,LH4-301,ALL,150,,,,,,,"พันธ์จิตต์ สีเหนี่ยง*  , คนึงรัตน์ คำมณี , จิรัฐินาฏ ถังเงิน",,,,,,,,,,,,,
02032312-66 การพัฒนาการเกษตรเชิงสหวิทยาการ (Interdisciplinary Aspects for Agricultural Development),3,3,700,วันพฤหัสบดี  9:00-12:00,B608,"A32-3 , A32-4",12,,,,,,,"พันธ์จิตต์ สีเหนี่ยง*  , จิรัฐินาฏ ถังเงิน , คนึงรัตน์ คำมณี , ดนชิดา วาทินพุฒิพร",,,,,,,,,,,,,
02032351-66 หลักการถ่ายรูป (Principles of Photography),3,2,700,วันพฤหัสบดี  12:30-14:30,B608,-,20,,,,,,,"เกษมสันต์ สกุลรัตน์*  , เชิดพงษ์ ขีระจิตต์",,,,,,,,,,,,,
,,,,,,,,1,711,วันพฤหัสบดี  14:30-16:30,COM 2 อาคารศูนย์,-,20,"เกษมสันต์ สกุลรัตน์*  , เชิดพงษ์ ขีระจิตต์",,,,,,,,,,,,,
02032353-66 การผลิตสื่อทางการเกษตร (Media Productions in Agriculture),3,2,700,วันศุกร์  12:30-14:30,B608,A32-3,12,,,,,,,"เกษมสันต์ สกุลรัตน์*  , เชิดพงษ์ ขีระจิตต์ , สุเมธ ชัยไธสง",,,,,,,,,,,,,
,,,,,,,,1,711,วันศุกร์  14:30-16:30,B 610,A32-3,12,"เกษมสันต์ สกุลรัตน์*  , เชิดพงษ์ ขีระจิตต์ , สุเมธ ชัยไธสง",,,,,,,,,,,,,
02032371-66 การวางแผนด้านสิ่งแวดล้อมเพื่อพัฒนาการเกษตร (Environmental Planning for Agricultural Development),3,3,700,วันจันทร์  13:00-16:00,B608,-,30,,,,,,,"จิรัฐินาฏ ถังเงิน*  , คนึงรัตน์ คำมณี",,,,,,,,,,,,,
02032381-66 การส่งเสริมธุรกิจเกษตรในชุมชนชนบท (Agri-business Promotion in Rural Community),3,3,700,วันพฤหัสบดี  13:00-16:00,B515,A32-4,50,,,,,,,"รพี ดอกไม้เทศ*  , พิมลวรรณ เกตพันธ์ , สนธยา สำเภาทอง , ศวิตา ตั้งวงศ์กิจ",,,,,,,,,,,,,
02032383-61 การจัดการฟาร์มเพื่อพัฒนาการเกษตรในยุคดิจิทัล (Farm Management for Agricultural Development in Digital Era),3,3,700,วันพฤหัสบดี  16:30-19:30,LH4-503,-,50,,,,,,,"พิมลวรรณ เกตพันธ์*  , พจนา สีมันตร , วัชรชาญ สุขเจริญวิภารัตน์",,,,,,,,,,,,,
02032383-66 การจัดการฟาร์มเพื่อพัฒนาการเกษตรในยุคดิจิทัล (Farm Management for Agricultural Development in Digital Era),3,3,700,วันพฤหัสบดี  16:30-19:30,LH4-503,-,50,,,,,,,"พิมลวรรณ เกตพันธ์*  , พจนา สีมันตร , วัชรชาญ สุขเจริญวิภารัตน์",,,,,,,,,,,,,
02032421-66 การส่งเสริมและพัฒนาเศรษฐกิจชุมชน (Community Economics Extension and Development),2,2,700,วันพุธ  10:00-12:00,B608,A32-3,20,,,,,,,"คนึงรัตน์ คำมณี*  , จิรัฐินาฏ ถังเงิน",,,,,,,,,,,,,
02032454-66 การพูดในที่สาธารณะ (Public Speaking),2,2,700,วันพฤหัสบดี  16:30-19:30,LH3-205,-,15,,,,,,,สุเมธ ชัยไธสง* ,,,,,,,,,,,,,
02032457-66 หลักการประชาสัมพันธ์ (Principles of Public Relations),3,3,700,วันอังคาร  16:30-19:30,LH3-208,-,50,,,,,,,สุเมธ ชัยไธสง* ,,,,,,,,,,,,,
02032466-66 การถ่ายทอดสารสนเทศทางการเกษตร (Agricultural Information Transfer),3,2,700,วันศุกร์  8:30-10:30,B608,A32-4,50,,,,,,,"สุเมธ ชัยไธสง*  , เชิดพงษ์ ขีระจิตต์ , เกษมสันต์ สกุลรัตน์",,,,,,,,,,,,,
,,,,,,,,1,711,ยังไม่มีการกำหนดวัน-เวลาเรียน,ยังไม่มีการกำหนดห้องเรียน,A32-4,50,"สุเมธ ชัยไธสง*  , เชิดพงษ์ ขีระจิตต์ , เกษมสันต์ สกุลรัตน์",,,,,,,,,,,,,
02032486-61 การวิเคราะห์เชิงปริมาณทางธุรกิจเกษตร (Quantitative Analysis  for Agricultural Business),3,3,700,วันอังคาร  16:30-19:30,LH3-306,-,20,,,,,,,สนธยา สำเภาทอง* ,,,,,,,,,,,,,
02032491-61 ระเบียบวิธีวิจัยพื้นฐานทางส่งเสริมและนิเทศศาสตร์เกษตร (Basic Research Methods in Agricultural Extension and Communication),3,3,700,วันพฤหัสบดี  9:00-12:00,B608,A32-4,50,,,,,,,"คนึงรัตน์ คำมณี*  , เกษมสันต์ สกุลรัตน์ , จิรัฐินาฏ ถังเงิน , รพี ดอกไม้เทศ , สนธยา สำเภาทอง",,,,,,,,,,,,,
02032492-66 การจัดการเชิงระบบเพื่อพัฒนาการเกษตร (System Management for Agricultural Development),3,3,700,วันพุธ  13:00-16:00,B608,A32-4,50,,,,,,,"จิรัฐินาฏ ถังเงิน*  , พันธ์จิตต์ สีเหนี่ยง , คนึงรัตน์ คำมณี , ดนชิดา วาทินพุฒิพร",,,,,,,,,,,,,
02032499-66 การฝึกงานเฉพาะด้านส่งเสริมและนิเทศศาสตร์เกษตร (Specific Practicum in  Agricultural Extension and Communication),,,,,,,,3,711,วันศุกร์  16:00-19:00,B608,A32-4,50,"จิรัฐินาฏ ถังเงิน*  , พันธ์จิตต์ สีเหนี่ยง , คนึงรัตน์ คำมณี , เกษมสันต์ สกุลรัตน์ , รพี ดอกไม้เทศ , เชิดพงษ์ ขีระจิตต์ , สุเมธ ชัยไธสง , สุชีรา มาตยภูธร , ดนชิดา วาทินพุฒิพร , พิมลวรรณ เกตพันธ์ , สนธยา สำเภาทอง , ศวิตา ตั้งวงศ์กิจ",,,,,,,,,,,,,
02033211-64 ชีวเคมีในการผลิตปศุสัตว์และสัตว์ปีก (Biochemistry in Livestock and Poultry Production),3,3,700,"วันอังคาร  9:00-10:30,วันพฤหัสบดี  9:00-10:30","LH4-301 , LH4-301","A33-2 , A33-3",142,,,,,,,"ขุนพล พงษ์มณี*  , ยุวเรศ เรืองพานิช",,,,,,,,,,,,,
02033241-64 กายวิภาคและสรีรวิทยาของสัตว์เลี้ยง I (Anatomy and Physiology of Domestic Animals I),3,2,700,วันจันทร์  14:30-16:30,LH4-301,"A33-2 , A33-3",135,,,,,,,"นิติพงศ์ หอมวงษ์*  , สุเจตน์ ชื่นชม , คงปฐม กาญจนเสริม , ประหยัด ทิราวงศ์ , สุกัญญา รัตนทับทิมทอง , ภูมพงศ์ บุญแสน , วันวิสา ชุ่มเงิน , ณัฐพงษ์ นิลเพ็ชร์ , ภูเบศวร์ เศรษฐสุข",,,,,,,,,,,,,
,,,,,,,,1,711,วันอังคาร  13:00-16:00,ติดต่อผู้สอน,"A33-2 , A33-3",68,"นิติพงศ์ หอมวงษ์*  , สุเจตน์ ชื่นชม , คงปฐม กาญจนเสริม , ประหยัด ทิราวงศ์ , สุกัญญา รัตนทับทิมทอง , ภูมพงศ์ บุญแสน , วันวิสา ชุ่มเงิน , ณัฐพงษ์ นิลเพ็ชร์ , ภูเบศวร์ เศรษฐสุข",,,,,,,,,,,,,
,,,,,,,,1,712,วันพฤหัสบดี  13:00-16:00,ติดต่อผู้สอน,A33-2,67,"นิติพงศ์ หอมวงษ์*  , สุเจตน์ ชื่นชม , คงปฐม กาญจนเสริม , ประหยัด ทิราวงศ์ , สุกัญญา รัตนทับทิมทอง , ภูมพงศ์ บุญแสน , วันวิสา ชุ่มเงิน , ณัฐพงษ์ นิลเพ็ชร์ , ภูเบศวร์ เศรษฐสุข",,,,,,,,,,,,,
02033299-64 การฝึกงาน I (Practicum I),,,,,,,,2,711,ยังไม่มีการกำหนดวัน-เวลาเรียน,ยังไม่มีการกำหนดห้องเรียน,A33-3,85,"คงปฐม กาญจนเสริม*  , สุริยะ สะวานนท์ , ประหยัด ทิราวงศ์ , วิราวรรณ นุชนารถ , ภูมพงศ์ บุญแสน , สุรพันธ์ จิตวิริยนนท์ , อัญชลี คงประดิษฐ์ , ณัฐพงษ์ นิลเพ็ชร์ , ภูเบศวร์ เศรษฐสุข",,,,,,,,,,,,,
02033302-64 ปศุสัตว์กับวิถีชีวิตไทย (Livestock and Thai Way of Life),3,3,700,"วันจันทร์  16:00-17:30,วันพุธ  16:00-17:30","LH3-303 , LH3-303",-,70,,,,,,,"ขุนพล พงษ์มณี*  , ศศิธร นาคทอง , ประหยัด ทิราวงศ์ , วนิดา สืบสายพรหม , สุกัญญา รัตนทับทิมทอง , วิราวรรณ นุชนารถ , ศิริรัตน์ บัวผัน , วันวิสา ชุ่มเงิน , สุรพันธ์ จิตวิริยนนท์ , อัญชลี คงประดิษฐ์ , ณัฐพงษ์ นิลเพ็ชร์ , ภูเบศวร์ เศรษฐสุข",,,,,,,,,,,,,
02033311-64 การจัดการและการผลิตสัตว์ปีก (Poultry Production and Management),3,3,700,"วันอังคาร  13:00-14:30,วันพฤหัสบดี  13:00-14:30","LH3-208 , LH3-208","A33-3 , A33-4 , A33-5",49,,,,,,,"ขุนพล พงษ์มณี*  , อรประพันธ์ ส่งเสริม , ยุวเรศ เรืองพานิช , วนิดา สืบสายพรหม , ทวี เหล่าดิ้ม , ทวีศักดิ์ ส่งเสริม",,,,,,,,,,,,,
02033312-64 การจัดการและการผลิตสุกร (Swine Production and Management),3,3,700,"วันอังคาร  9:00-10:30,วันอังคาร  13:00-14:30","LH3-207 , LH3-207",A33-3,43,,,,,,,"วันวิสา ชุ่มเงิน*  , สุเจตน์ ชื่นชม , วนิดา สืบสายพรหม , นิติพงศ์ หอมวงษ์ , สุรพันธ์ จิตวิริยนนท์ , ภูเบศวร์ เศรษฐสุข",,,,,,,,,,,,,
02033313-64 การจัดการและการผลิตโคเนื้อและกระบือ (Beef Cattle and Buffalo Production and Management),3,3,700,"วันพฤหัสบดี  9:00-10:30,วันพฤหัสบดี  13:00-14:30","LH3-307 , LH3-307","A33-3 , A33-4",46,,,,,,,"ภูมพงศ์ บุญแสน*  , สุริยะ สะวานนท์ , คงปฐม กาญจนเสริม , ณัฐพงษ์ นิลเพ็ชร์ , ทรงยศ โชติชุติมา",,,,,,,,,,,,,
02033314-64 การจัดการและการผลิตโคนม (Dairy Cattle Production and Management),3,3,700,"วันอังคาร  9:00-10:30,วันพฤหัสบดี  9:00-10:30","LH4-601 , LH4-601","A33-3 , A33-4 , A33-5",56,,,,,,,"ศิริรัตน์ บัวผัน*  , คงปฐม กาญจนเสริม , วนิดา สืบสายพรหม , ทวี เหล่าดิ้ม , ณัฐพงษ์ นิลเพ็ชร์",,,,,,,,,,,,,
02033321-64 โภชนศาสตร์สัตว์เชิงคุณภาพ (Qualitative Animal Nutrition),3,3,700,"วันอังคาร  10:30-12:00,วันพฤหัสบดี  10:30-12:00","LH3-211 , KH80-206","A33-3 , A33-4 , A33-5",104,,,,,,,"ยุวเรศ เรืองพานิช*  , ขุนพล พงษ์มณี , ศิริรัตน์ บัวผัน , สุรพันธ์ จิตวิริยนนท์",,,,,,,,,,,,,
02033323-64 การประเมินคุณค่าทางโภชนาการของวัตถุดิบและอาหารสัตว์ (Nutritional Evaluation for Feed and Feedstuff),3,2,700,วันจันทร์  8:30-10:30,LH3-203,"A33-3 , A33-5",56,,,,,,,"สุรพันธ์ จิตวิริยนนท์*  , อรประพันธ์ ส่งเสริม , ขุนพล พงษ์มณี , อัญชลี คงประดิษฐ์",,,,,,,,,,,,,
,,,,,,,,1,711,วันจันทร์  10:30-13:30,ติดต่อผู้สอน,"A33-3 , A33-5",28,"สุรพันธ์ จิตวิริยนนท์*  , อรประพันธ์ ส่งเสริม , ขุนพล พงษ์มณี , อัญชลี คงประดิษฐ์",,,,,,,,,,,,,
,,,,,,,,1,712,วันจันทร์  13:30-16:30,ติดต่อผู้สอน,"A33-3 , A33-5",28,"สุรพันธ์ จิตวิริยนนท์*  , อรประพันธ์ ส่งเสริม , ขุนพล พงษ์มณี , อัญชลี คงประดิษฐ์",,,,,,,,,,,,,
02033351-64 หลักสุขศาสตร์สัตว์และสุขาภิบาล (Principles of Animal Hygiene and Sanitation),3,2,700,วันพุธ  13:00-15:00,LH4-103,"A33-3 , A33-4",86,,,,,,,"นิติพงศ์ หอมวงษ์*  , สุเจตน์ ชื่นชม , ณัฐพงษ์ นิลเพ็ชร์ , ภูเบศวร์ เศรษฐสุข",,,,,,,,,,,,,
,,,,,,,,1,711,วันศุกร์  13:00-16:00,LH4-305,"A33-3 , A33-4",86,"นิติพงศ์ หอมวงษ์*  , สุเจตน์ ชื่นชม , ณัฐพงษ์ นิลเพ็ชร์ , ภูเบศวร์ เศรษฐสุข",,,,,,,,,,,,,
02033381-64 เทคโนโลยีชีวภาพทางสัตว์ (Animal Biotechnology),3,3,700,ติดต่อผู้สอน,ติดต่อผู้สอน,"A33-3 , A33-4",40,,,,,,,"วิราวรรณ นุชนารถ*  , สุธิษา มาเจริญ , ทวี เหล่าดิ้ม , สุรพันธ์ จิตวิริยนนท์ , อัญชลี คงประดิษฐ์ , ณัฐพงษ์ นิลเพ็ชร์",,,,,,,,,,,,,
02033391-64 การวิจัยทางสัตว์ (Animal Research),3,3,700,วันพุธ  9:00-12:00,LH3-305,"A33-3 , A33-4 , A33-5",99,,,,,,,"ทวี เหล่าดิ้ม*  , วันวิสา ชุ่มเงิน",,,,,,,,,,,,,
02033399-64 การฝึกงาน II (Practicum II),,,,,,,,3,711,ติดต่อผู้สอน,ติดต่อผู้สอน,A33-4,96,"วิราวรรณ นุชนารถ*  , อรประพันธ์ ส่งเสริม , ยุวเรศ เรืองพานิช , นิติพงศ์ หอมวงษ์ , ขุนพล พงษ์มณี , ภูมพงศ์ บุญแสน , สุธิษา มาเจริญ , ศิริรัตน์ บัวผัน , วันวิสา ชุ่มเงิน , สุรพันธ์ จิตวิริยนนท์ , ทวี เหล่าดิ้ม",,,,,,,,,,,,,
02033411-64 การแก้ปัญหาการด้อยประสิทธิภาพการผลิตของฝูงสุกร (Problem-Solving in Suboptimal Swine Herd Productivity),3,3,700,วันพุธ  16:00-19:00,LH3-306,A33-4,10,,,,,,,"นิติพงศ์ หอมวงษ์*  , ภูเบศวร์ เศรษฐสุข",,,,,,,,,,,,,
02033412-64 การผลิตสัตว์เลี้ยงและสัตว์อื่น (Companion and Non-conventional Animals Production),3,3,700,วันพุธ  15:00-18:00,KH80-201,A33-2,133,,,,,,,"สุกัญญา รัตนทับทิมทอง*  , วนิดา สืบสายพรหม , วิราวรรณ นุชนารถ , สุธิษา มาเจริญ , วันวิสา ชุ่มเงิน , ภูเบศวร์ เศรษฐสุข",,,,,,,,,,,,,
02033413-64 การจัดการฟาร์มสุกรขุน (Finishing Pig Management),3,3,700,วันพฤหัสบดี  13:00-16:00,KH80-205,"A33-3 , A33-4",20,,,,,,,"นิติพงศ์ หอมวงษ์*  , สุรพันธ์ จิตวิริยนนท์ , ภูเบศวร์ เศรษฐสุข , ประหยัด ทิราวงศ์",,,,,,,,,,,,,
02033415-64 การจัดการและการผลิตเนื้อโคคุณภาพ (Quality Meat Production and Management),3,3,700,วันจันทร์  13:00-16:00,LH3-307,"A33-3 , A33-4",30,,,,,,,"สุธิษา มาเจริญ*  , สุริยะ สะวานนท์ , ประหยัด ทิราวงศ์ , อัญชลี คงประดิษฐ์",,,,,,,,,,,,,
02033416-64 การจัดการไก่พ่อแม่พันธุ์และโรงฟัก (Poultry Breeder and Hatchery Management),3,2,700,วันอังคาร  10:00-12:00,ติดต่อผู้สอน,"A33-3 , A33-4",20,,,,,,,"อรประพันธ์ ส่งเสริม*  , ยุวเรศ เรืองพานิช , ขุนพล พงษ์มณี , ทวีศักดิ์ ส่งเสริม , อนันต์ชัย พิลาทา",,,,,,,,,,,,,
,,,,,,,,1,711,วันอังคาร  13:00-16:00,ติดต่อผู้สอน,"A33-3 , A33-4",20,"อรประพันธ์ ส่งเสริม*  , ยุวเรศ เรืองพานิช , ขุนพล พงษ์มณี , ทวีศักดิ์ ส่งเสริม , อนันต์ชัย พิลาทา",,,,,,,,,,,,,
02033418-64 การผลิตแกะและแพะ (Sheep and Goat Production),3,3,700,วันพฤหัสบดี  16:00-19:00,KH80-202,"A33-3 , A33-4",80,,,,,,,"สุกัญญา รัตนทับทิมทอง*  , ทวี เหล่าดิ้ม , ภูเบศวร์ เศรษฐสุข",,,,,,,,,,,,,
02033425-64 การจัดการและการใช้ประโยชน์พืชอาหารสัตว์ (Pasture Management and Utilization),3,2,700,วันอังคาร  14:30-16:30,LH3-208,"A33-3 , A33-4",20,,,,,,,"ภูมพงศ์ บุญแสน*  , สุริยะ สะวานนท์ , จิราพร เชื้อกูล , ทรงยศ โชติชุติมา , ธวัชชัย เกิดสุข",,,,,,,,,,,,,
,,,,,,,,1,711,วันศุกร์  9:00-12:00,LH3-307,"A33-3 , A33-4",20,"ภูมพงศ์ บุญแสน*  , สุริยะ สะวานนท์ , จิราพร เชื้อกูล , ทรงยศ โชติชุติมา , ธวัชชัย เกิดสุข",,,,,,,,,,,,,
02033443-64 การจัดการการสืบพันธุ์ของสัตว์เคี้ยวเอื้อง (Reproductive Management in Ruminants),3,2,700,วันพุธ  10:00-12:00,LH3-206,A33-4,20,,,,,,,"คงปฐม กาญจนเสริม*  , สุธิษา มาเจริญ , ณัฐพงษ์ นิลเพ็ชร์ , ภูเบศวร์ เศรษฐสุข",,,,,,,,,,,,,
,,,,,,,,1,711,วันพุธ  13:00-16:00,LH3-307,A33-4,20,"คงปฐม กาญจนเสริม*  , สุธิษา มาเจริญ , ณัฐพงษ์ นิลเพ็ชร์ , ภูเบศวร์ เศรษฐสุข",,,,,,,,,,,,,
02033452-64 โรคสัตว์และการดูแลสุขภาพ (Animal Diseases and Health Care),3,2,700,วันพุธ  10:00-12:00,LH3-306,A33-4,12,,,,,,,"นิติพงศ์ หอมวงษ์*  , สุเจตน์ ชื่นชม , ณัฐพงษ์ นิลเพ็ชร์ , ภูเบศวร์ เศรษฐสุข",,,,,,,,,,,,,
,,,,,,,,1,711,วันพุธ  13:00-16:00,LH3-208,A33-4,12,"นิติพงศ์ หอมวงษ์*  , สุเจตน์ ชื่นชม , ณัฐพงษ์ นิลเพ็ชร์ , ภูเบศวร์ เศรษฐสุข",,,,,,,,,,,,,
02033463-64 การจัดการผลิตผลจากสัตว์ปีก (Poultry Product Management),3,3,700,วันจันทร์  9:00-12:00,LH3-306,"A33-3 , A33-4",40,,,,,,,"วันวิสา ชุ่มเงิน*  , สุกัญญา รัตนทับทิมทอง , วิราวรรณ นุชนารถ",,,,,,,,,,,,,
02033467-64 การผลิตปศุสัตว์อินทรีย์ (Organic Livestock Production),3,3,700,วันพฤหัสบดี  13:00-16:00,KH80-202,"A33-3 , A33-4",30,,,,,,,"อัญชลี คงประดิษฐ์*  , สุริยะ สะวานนท์ , สุธิษา มาเจริญ",,,,,,,,,,,,,
02033481-64 ของเสียจากสัตว์และการจัดการ (Animal Waste and Management),3,2,700,วันพฤหัสบดี  10:00-12:00,LH3-202,"A33-3 , A33-4",25,,,,,,,"วนิดา สืบสายพรหม*  , สุกัญญา รัตนทับทิมทอง , ชัยสิทธิ์ ทองจู , ธนิศร์ ปัทมพิฑูร",,,,,,,,,,,,,
,,,,,,,,1,711,วันพฤหัสบดี  13:00-16:00,ติดต่อผู้สอน,"A33-3 , A33-4",25,"วนิดา สืบสายพรหม*  , สุกัญญา รัตนทับทิมทอง , ชัยสิทธิ์ ทองจู , ธนิศร์ ปัทมพิฑูร",,,,,,,,,,,,,
02033496-64 เรื่องเฉพาะทางสัตวศาสตร์ (Selected Topics in Animal Science),3,2,700,ติดต่อผู้สอน,ติดต่อผู้สอน,A33-4,25,,,,,,,"วนิดา สืบสายพรหม*  , ณัฐพงษ์ นิลเพ็ชร์ , พิเชษฐ์ สืบสายพรหม , ภูมพงศ์ บุญแสน , ภูเบศวร์ เศรษฐสุข",,,,,,,,,,,,,
,,,,,,,,1,711,ติดต่อผู้สอน,ติดต่อผู้สอน,A33-4,25,"วนิดา สืบสายพรหม*  , ณัฐพงษ์ นิลเพ็ชร์ , พิเชษฐ์ สืบสายพรหม , ภูมพงศ์ บุญแสน , ภูเบศวร์ เศรษฐสุข",,,,,,,,,,,,,
02033497-64 สัมมนา (Seminar),1,1,700,วันศุกร์  9:00-10:00,LH3-205,A33-4,52,,,,,,,"สุรพันธ์ จิตวิริยนนท์*  , อรประพันธ์ ส่งเสริม , วิราวรรณ นุชนารถ , วันวิสา ชุ่มเงิน , อัญชลี คงประดิษฐ์ , ภูเบศวร์ เศรษฐสุข",,,,,,,,,,,,,
02033498-64 ปัญหาพิเศษ (Special Problems),,,,,,,,3,711,ติดต่อผู้สอน,ติดต่อผู้สอน,A33-4,48,"วิราวรรณ นุชนารถ*  , วนิดา สืบสายพรหม , ขุนพล พงษ์มณี , สุรพันธ์ จิตวิริยนนท์ , อัญชลี คงประดิษฐ์",,,,,,,,,,,,,
02034322-66 หลักการเทคโนโลยีชีวภาพทางการเกษตร (Principles of Agricultural Biotechnology),3,3,700,"วันอังคาร  9:00-10:30,วันพฤหัสบดี  9:00-10:30","LH3-206 , LH3-206",A34-3,40,,,,,,,"นงลักษณ์ เทียนเสรี*  , วิราวรรณ นุชนารถ , ฉัตรสุดา จีระพันธุ , ราตรี บุญเรืองรอด , ชัชมาศ กาญจนอุดมการ , ภูมิพัฒน์ ทองอยู่ , จุฑาเทพ วัชระไชยคุปต์ , จักรพงศ์ ภิญโญ",,,,,,,,,,,,,
02034323-66 เทคโนโลยีชีวภาพด้านจุลินทรีย์เพื่อการเกษตร (Microbial Biotechnology for Agriculture),3,3,700,"วันพุธ  13:00-14:30,วันพฤหัสบดี  10:30-12:00","B208 , B208","A34-3 , A34-4",40,,,,,,,"นงภัทร ไชยชนะ*  , อมรศรี ขุนอินทร์ , สุรเดช บุตทชน , ณิชานันท์ เกินอาษา , สิรินภา ช่วงโอภาส , ฐาปกรณ์ ชุมพล , สุริยะ สะวานนท์",,,,,,,,,,,,,
02034332-66 เทคโนโลยีดีเอ็นเอ (DNA Technology),3,2,700,วันจันทร์  13:00-15:00,B208,A34-3,40,,,,,,,"ปวีณา ชื่นวาริน*  , ราตรี บุญเรืองรอด , วิราวรรณ นุชนารถ , ษมาภร สิงหพันธุ์ , กุหลาบ เหล่าสาธิต",,,,,,,,,,,,,
,,,,,,,,1,711,วันจันทร์  15:00-18:00,B215,A34-3,40,"ปวีณา ชื่นวาริน*  , ราตรี บุญเรืองรอด , วิราวรรณ นุชนารถ , ษมาภร สิงหพันธุ์ , กุหลาบ เหล่าสาธิต",,,,,,,,,,,,,
02034341-66 เทคโนโลยีชีวภาพทางการเพาะเลี้ยงเซลล์และเนื้อเยื่อ (Biotechnology in Cell and Tissue Culture),3,3,700,"วันอังคาร  10:30-12:00,วันศุกร์  10:30-12:00","LH3-204 , LH3-204",A34-3,40,,,,,,,"นงลักษณ์ เทียนเสรี*  , ศุภธิดา อับดุลลากาซิม , ชัชมาศ กาญจนอุดมการ , วิราวรรณ นุชนารถ , สุรพันธ์ จิตวิริยนนท์",,,,,,,,,,,,,
02034412-66 การใช้ประโยชน์จากทรัพยากรชีวภาพเพื่อธุรกิจเทคโนโลยีชีวภาพ (Biological Resources for Biotechnology Business),3,3,700,วันศุกร์  13:00-16:00,KH80-206,"A34-3 , A34-4",40,,,,,,,"นงลักษณ์ เทียนเสรี*  , พัชราภรณ์ ถิ่นจันทร์ , ศศิธร นาคทอง , รพี ดอกไม้เทศ , สนธยา สำเภาทอง",,,,,,,,,,,,,
02034436-61 เทคโนโลยีพีซีอาร์ (PCR Technology),,,,,,,,1,711,ติดต่อผู้สอน,ติดต่อผู้สอน,A34-4,25,"ปวีณา ชื่นวาริน*  , ษมาภร สิงหพันธุ์ , ฉัตรสุดา จีระพันธุ , วิราวรรณ นุชนารถ",,,,,,,,,,,,,
02034447-61 เทคโนโลยีไตรโคเดอร์มา (Trichoderma Technology),,,,,,,,1,711,วันพุธ  9:00-12:00,B214-B215,A34-4,10,"อมรศรี ขุนอินทร์*  , ฉัตรสุดา จีระพันธุ",,,,,,,,,,,,,
02034451-61 การประยุกต์ใช้คอมพิวเตอร์ในเทคโนโลยีชีวภาพทางการเกษตร (Computer Application in Agricultural Biotechnology),3,2,700,วันจันทร์  10:00-12:00,LH3-208,A34-4,30,,,,,,,"สุรพงษ์ ดำรงกิตติกุล*  , ราตรี บุญเรืองรอด , ปวีณา ชื่นวาริน , ภูมิพัฒน์ ทองอยู่",,,,,,,,,,,,,
,,,,,,,,1,711,วันพุธ  13:00-16:00,ห้องปฎิบัติการคอมพิวเตอร์ 1 อาคารศูนย์ฯ,A34-4,30,"สุรพงษ์ ดำรงกิตติกุล*  , ราตรี บุญเรืองรอด , ปวีณา ชื่นวาริน , ภูมิพัฒน์ ทองอยู่",,,,,,,,,,,,,
02034452-66 การประยุกต์เทคโนโลยีชีวภาพทางการเกษตร (Applications of Agricultural Biotechnology),3,3,700,"วันอังคาร  8:30-10:00,วันพฤหัสบดี  9:00-10:30","LH3-204 , LH3-204",A34-4,30,,,,,,,"ชัชมาศ กาญจนอุดมการ*  , ศิวเรศ อารีกิจ , วิราวรรณ นุชนารถ , ปวีณา ชื่นวาริน , อนุชัย ภิญโญภูมิมินทร์ , ปรีดา เลิศวัชระสารกุล , ฉัตรสุดา จีระพันธุ",,,,,,,,,,,,,
02034491-61 เทคนิควิจัยด้านเทคโนโลยีชีวภาพทางการเกษตร (Research Techniques in Agricultural Biotechnology),3,2,700,วันพฤหัสบดี  10:30-12:30,B208,A34-4,30,,,,,,,"คัทลียา ฉัตร์เที่ยง*  , นงลักษณ์ เทียนเสรี , ทวี เหล่าดิ้ม , ชัชมาศ กาญจนอุดมการ , ฉัตรสุดา จีระพันธุ , จุฑาเทพ วัชระไชยคุปต์ , สุรพงษ์ ดำรงกิตติกุล",,,,,,,,,,,,,
,,,,,,,,1,711,วันพฤหัสบดี  13:30-16:30,ติดต่อผู้สอน,A34-4,30,"คัทลียา ฉัตร์เที่ยง*  , นงลักษณ์ เทียนเสรี , ทวี เหล่าดิ้ม , ชัชมาศ กาญจนอุดมการ , ฉัตรสุดา จีระพันธุ , จุฑาเทพ วัชระไชยคุปต์ , สุรพงษ์ ดำรงกิตติกุล",,,,,,,,,,,,,
02034497-61 สัมมนา (Seminar),1,1,700,วันศุกร์  11:00-12:00,ฺB208,A34-4,30,,,,,,,"ษมาภร สิงหพันธุ์*  , ปวีณา ชื่นวาริน , นงลักษณ์ เทียนเสรี , อนุรักษ์ อรัญญนาค , คัทลียา ฉัตร์เที่ยง , นงภัทร ไชยชนะ , ธีร์ หะวานนท์ , ภูมิพัฒน์ ทองอยู่ , จุฑาเทพ วัชระไชยคุปต์",,,,,,,,,,,,,
02034498-61 ปัญหาพิเศษ (Special Problems),,,,,,,,3,711,ติดต่อผู้สอน,ติดต่อผู้สอน,"A34-4 , A34-5",30,คัทลียา ฉัตร์เที่ยง* ,,,,,,,,,,,,,
02034499-66 การฝึกงานเฉพาะด้าน (Specific Practicum),,,,,,,,3,711,ติดต่อผู้สอน,ติดต่อผู้สอน,A34-4,30,"ษมาภร สิงหพันธุ์*  , อมรศรี ขุนอินทร์ , นงลักษณ์ เทียนเสรี , คัทลียา ฉัตร์เที่ยง , วิราวรรณ นุชนารถ , ทวี เหล่าดิ้ม , ปวีณา ชื่นวาริน , ฉัตรสุดา จีระพันธุ , นงภัทร ไชยชนะ",,,,,,,,,,,,,
02036111-66 เกษตรศาสตร์ทั่วไป (Overview in Agriculture),1,1,700,วันศุกร์  11:00-12:00,LH3-301,"A33-1 , A50-1",316,,,,,,,"รพี ดอกไม้เทศ*  , เชิดพงษ์ ขีระจิตต์ , สุชีรา มาตยภูธร , สนธยา สำเภาทอง",,,,,,,,,,,,,
02036211-61 การส่งเสริมและถ่ายทอดเทคโนโลยีทางการเกษตร (Agricultural Extension and Technology Transfer),3,3,701,"วันจันทร์  13:00-14:30,วันพุธ  13:00-14:30","LH3-210 , LH3-210",A27-3,50,,,,,,,"จิรัฐินาฏ ถังเงิน*  , คนึงรัตน์ คำมณี , พันธ์จิตต์ สีเหนี่ยง , เกษมสันต์ สกุลรัตน์ , ดนชิดา วาทินพุฒิพร",,,,,,,,,,,,,
02036211-66 การส่งเสริมและถ่ายทอดเทคโนโลยีทางการเกษตร (Agricultural Extension and Technology Transfer),2,2,700,วันพุธ  13:00-15:00,LH2-303,"A26-3 , A39-3 , A28-2 , A31-2 , A32-2 , A37-3",300,,,,,,,"คนึงรัตน์ คำมณี*  , พันธ์จิตต์ สีเหนี่ยง , จิรัฐินาฏ ถังเงิน , เกษมสันต์ สกุลรัตน์",,,,,,,,,,,,,
02036221-66 วิทยาศาสตร์และเทคโนโลยีด้านสัตว์ (Animal Science and Technology),3,3,700,"วันจันทร์  8:00-9:00,วันพุธ  8:00-9:00,วันศุกร์  8:00-9:00","LH4-502 , LH4-502 , LH4-502","A27-2 , A34-2 , A33-2",92,,,,,,,"วนิดา สืบสายพรหม*  , อรประพันธ์ ส่งเสริม , สุกัญญา รัตนทับทิมทอง , วิราวรรณ นุชนารถ , ภูมพงศ์ บุญแสน , ศิริรัตน์ บัวผัน , วันวิสา ชุ่มเงิน , ทวี เหล่าดิ้ม , ภูเบศวร์ เศรษฐสุข",,,,,,,,,,,,,
02036222-66 วิทยาศาสตร์ปศุสัตว์เบื้องต้น (Principle of Livestock Science ),2,2,700,วันจันทร์  13:00-15:00,LH4-306,"A28-2 , A26-2 , A31-2 , A32-3 , A38-3 , A37",140,,,,,,,"วนิดา สืบสายพรหม*  , สุกัญญา รัตนทับทิมทอง , วิราวรรณ นุชนารถ , ภูมพงศ์ บุญแสน , ศิริรัตน์ บัวผัน , วันวิสา ชุ่มเงิน , สุรพันธ์ จิตวิริยนนท์ , ภูเบศวร์ เศรษฐสุข",,,,,,,,,,,,,
02036231-66 วิทยาศาสตร์และเทคโนโลยีด้านพืชไร่ (Crop Science and Technology),2,2,700,วันพุธ  8:00-10:00,LH4-103,"A50-1 , A38-2 , A31-4",200,,,,,,,"จิราพร เชื้อกูล*  , ประกิจ สมท่า , ประเสริฐ ฉัตรวชิระวงษ์ , กนกวรรณ เที่ยงธรรม , จำเนียร ชมภู , อนุรักษ์ อรัญญนาค , คัทลียา ฉัตร์เที่ยง",,,,,,,,,,,,,
02036241-66 กีฏวิทยาเบื้องต้น (Introduction to Entomology),3,2,700,วันศุกร์  10:00-12:00,LH4-104,"A31-3 , A32-3 , F81-3 , A39-2 , A37-3",100,,,,,,,"รุ่งทิพย์ มาศเมธาทิพย์*  , โสภณ อุไรชื่น , นันทศักดิ์ ปิ่นแก้ว , สุนิศา สงวนทรัพย์ , ณิชานันท์ เกินอาษา , มณฑาทิพย์ คงมี , อัญชนา สุมาลย์โรจน์ , สุรเดช บุตทชน , สรญา ใจกล้า , สุนิตรา อุปนันท์",,,,,,,,,,,,,
,,,,,,,,1,711,วันจันทร์  13:00-16:00,3118,A39-2,70,"รุ่งทิพย์ มาศเมธาทิพย์*  , โสภณ อุไรชื่น , นันทศักดิ์ ปิ่นแก้ว , ณิชานันท์ เกินอาษา , สุนิศา สงวนทรัพย์ , มณฑาทิพย์ คงมี , อัญชนา สุมาลย์โรจน์ , สุรเดช บุตทชน",,,,,,,,,,,,,
,,,,,,,,1,712,วันอังคาร  13:00-16:00,3118,A32-3,70,"รุ่งทิพย์ มาศเมธาทิพย์*  , โสภณ อุไรชื่น , นันทศักดิ์ ปิ่นแก้ว , ณิชานันท์ เกินอาษา , สุนิศา สงวนทรัพย์ , มณฑาทิพย์ คงมี , อัญชนา สุมาลย์โรจน์ , สุรเดช บุตทชน",,,,,,,,,,,,,
,,,,,,,,1,713,วันศุกร์  13:00-16:00,3118,"A31-3 , F81-3",70,"รุ่งทิพย์ มาศเมธาทิพย์*  , โสภณ อุไรชื่น , นันทศักดิ์ ปิ่นแก้ว , ณิชานันท์ เกินอาษา , สุนิศา สงวนทรัพย์ , มณฑาทิพย์ คงมี , อัญชนา สุมาลย์โรจน์ , สุรเดช บุตทชน",,,,,,,,,,,,,
,,,,,,,,1,714,วันศุกร์  13:00-16:00,3127,A37-3,30,"รุ่งทิพย์ มาศเมธาทิพย์*  , โสภณ อุไรชื่น , นันทศักดิ์ ปิ่นแก้ว , สุนิศา สงวนทรัพย์ , มณฑาทิพย์ คงมี , อัญชนา สุมาลย์โรจน์ , สุรเดช บุตทชน , สรญา ใจกล้า , สุนิตรา อุปนันท์",,,,,,,,,,,,,
02036251-66 อุปกรณ์และเครื่องจักรกลการเกษตร (Agricultural Machinery and Equipment),3,2,700,วันจันทร์  14:30-16:30,ติดต่อผู้สอน,"A26-3 , A29-3 , A39-3 , A06",80,,,,,,,"พงศ์ศักดิ์ ชลธนสวัสดิ์*  , สมบัติ ขาวประทีป , นนทวัชร์ ชัยณรงค์ , ชวลิต คณากรสุขสันต์ , สุณัฏฐา อัฐฐิศิลป์เวท , ธวัชชัย เกิดสุข , ภาวิต ตั้งวงศ์กิจ",,,,,,,,,,,,,
,,,,,,,,1,711,วันอังคาร  13:30-16:30,ติดต่อผู้สอน,"A39-3 , A26-3",40,"นนทวัชร์ ชัยณรงค์ , ชวลิต คณากรสุขสันต์ , สุณัฏฐา อัฐฐิศิลป์เวท , ธวัชชัย เกิดสุข , ภาวิต ตั้งวงศ์กิจ , พงศ์ศักดิ์ ชลธนสวัสดิ์*  , สมบัติ ขาวประทีป",,,,,,,,,,,,,
,,,,,,,,1,712,วันพฤหัสบดี  13:30-16:30,ติดต่อผู้สอน,A29-3,40,"นนทวัชร์ ชัยณรงค์ , ชวลิต คณากรสุขสันต์ , สุณัฏฐา อัฐฐิศิลป์เวท , ธวัชชัย เกิดสุข , ภาวิต ตั้งวงศ์กิจ , พงศ์ศักดิ์ ชลธนสวัสดิ์*  , สมบัติ ขาวประทีป",,,,,,,,,,,,,
02036252-66 แพลตฟอร์มเกษตรอัจฉริยะ (Smart Farming Platform),3,2,700,วันจันทร์  10:00-12:00,ติดต่อผู้สอน,-,15,,,,,,,"อมรศรี ขุนอินทร์*  , พงศ์ศักดิ์ ชลธนสวัสดิ์ , สุจินต์ ภัทรภูวดล , ธวัชชัย อินทร์บุญช่วย",,,,,,,,,,,,,
,,,,,,,,2,711,วันจันทร์  13:00-16:00,ติดต่อผู้สอน,-,15,"อมรศรี ขุนอินทร์*  , พงศ์ศักดิ์ ชลธนสวัสดิ์ , สุจินต์ ภัทรภูวดล , ธวัชชัย อินทร์บุญช่วย",,,,,,,,,,,,,
02036261-66 วิทยาศาสตร์ทางดิน (Soil Science),3,2,700,"วันอังคาร  13:00-14:00,วันพฤหัสบดี  13:00-14:00","LH3-302 , LH3-302","A26-2 , A27-2 , A28-2 , A29-2 , A34-2 , A37-2",278,,,,,,,"พงษ์เพชร พงษ์ศิวาภัย*  , สุชาดา กรุณา , กนกกร สินมา , เกียรติศักดิ์ สนศรี , สัญชัย ภู่เงิน , เกวลิน ศรีจันทร์ , อัญธิชา พรมเมืองคุก , ปุญญิศา ตระกูลยิ่งเจริญ , ณัชชา ศรหิรัญ , วิภาวรรณ ท้ายเมือง , สิรินภา ช่วงโอภาส , นงภัทร ไชยชนะ , ศุภชัย อำคา , ธวัชชัย อินทร์บุญช่วย , นภาพร พันธุ์กมลศิลป์",,,,,,,,,,,,,
,,,,,,,,1,711,วันจันทร์  9:00-12:00,A4305,A26-2,20,"พงษ์เพชร พงษ์ศิวาภัย*  , สุชาดา กรุณา , กนกกร สินมา , เกียรติศักดิ์ สนศรี , สัญชัย ภู่เงิน , เกวลิน ศรีจันทร์ , อัญธิชา พรมเมืองคุก , ปุญญิศา ตระกูลยิ่งเจริญ , ณัชชา ศรหิรัญ , วิภาวรรณ ท้ายเมือง , สิรินภา ช่วงโอภาส , นงภัทร ไชยชนะ , ศุภชัย อำคา , ธวัชชัย อินทร์บุญช่วย , นภาพร พันธุ์กมลศิลป์",,,,,,,,,,,,,
,,,,,,,,1,712,วันจันทร์  9:00-12:00,A4309,-,0,"พงษ์เพชร พงษ์ศิวาภัย*  , สุชาดา กรุณา , กนกกร สินมา , เกียรติศักดิ์ สนศรี , สัญชัย ภู่เงิน , เกวลิน ศรีจันทร์ , อัญธิชา พรมเมืองคุก , ปุญญิศา ตระกูลยิ่งเจริญ , ณัชชา ศรหิรัญ , วิภาวรรณ ท้ายเมือง , สิรินภา ช่วงโอภาส , นงภัทร ไชยชนะ , ศุภชัย อำคา , ธวัชชัย อินทร์บุญช่วย , นภาพร พันธุ์กมลศิลป์",,,,,,,,,,,,,
,,,,,,,,1,713,วันจันทร์  13:00-16:00,A4305,A37-2,30,"พงษ์เพชร พงษ์ศิวาภัย*  , สุชาดา กรุณา , กนกกร สินมา , เกียรติศักดิ์ สนศรี , สัญชัย ภู่เงิน , เกวลิน ศรีจันทร์ , อัญธิชา พรมเมืองคุก , ปุญญิศา ตระกูลยิ่งเจริญ , ณัชชา ศรหิรัญ , วิภาวรรณ ท้ายเมือง , สิรินภา ช่วงโอภาส , นงภัทร ไชยชนะ , ศุภชัย อำคา , ธวัชชัย อินทร์บุญช่วย , นภาพร พันธุ์กมลศิลป์",,,,,,,,,,,,,
,,,,,,,,1,714,วันจันทร์  13:00-16:00,A4309,A37-2,30,"พงษ์เพชร พงษ์ศิวาภัย*  , สุชาดา กรุณา , กนกกร สินมา , เกียรติศักดิ์ สนศรี , สัญชัย ภู่เงิน , เกวลิน ศรีจันทร์ , อัญธิชา พรมเมืองคุก , ปุญญิศา ตระกูลยิ่งเจริญ , ณัชชา ศรหิรัญ , วิภาวรรณ ท้ายเมือง , สิรินภา ช่วงโอภาส , นงภัทร ไชยชนะ , ศุภชัย อำคา , ธวัชชัย อินทร์บุญช่วย , นภาพร พันธุ์กมลศิลป์",,,,,,,,,,,,,
,,,,,,,,1,715,วันพุธ  9:00-12:00,A4305,A28-2,20,"พงษ์เพชร พงษ์ศิวาภัย*  , สุชาดา กรุณา , กนกกร สินมา , เกียรติศักดิ์ สนศรี , สัญชัย ภู่เงิน , เกวลิน ศรีจันทร์ , อัญธิชา พรมเมืองคุก , ปุญญิศา ตระกูลยิ่งเจริญ , ณัชชา ศรหิรัญ , วิภาวรรณ ท้ายเมือง , สิรินภา ช่วงโอภาส , นงภัทร ไชยชนะ , ศุภชัย อำคา , ธวัชชัย อินทร์บุญช่วย , นภาพร พันธุ์กมลศิลป์",,,,,,,,,,,,,
,,,,,,,,1,716,วันพุธ  9:00-12:00,A4309,A28-2,20,"นงภัทร ไชยชนะ , ศุภชัย อำคา , ธวัชชัย อินทร์บุญช่วย , นภาพร พันธุ์กมลศิลป์ , พงษ์เพชร พงษ์ศิวาภัย*  , สุชาดา กรุณา , กนกกร สินมา , เกียรติศักดิ์ สนศรี , สัญชัย ภู่เงิน , เกวลิน ศรีจันทร์ , อัญธิชา พรมเมืองคุก , ปุญญิศา ตระกูลยิ่งเจริญ , ณัชชา ศรหิรัญ , วิภาวรรณ ท้ายเมือง , สิรินภา ช่วงโอภาส",,,,,,,,,,,,,
,,,,,,,,1,717,วันพุธ  13:00-16:00,A4305,A27-2,25,"พงษ์เพชร พงษ์ศิวาภัย*  , สุชาดา กรุณา , กนกกร สินมา , เกียรติศักดิ์ สนศรี , สัญชัย ภู่เงิน , เกวลิน ศรีจันทร์ , อัญธิชา พรมเมืองคุก , ปุญญิศา ตระกูลยิ่งเจริญ , ณัชชา ศรหิรัญ , วิภาวรรณ ท้ายเมือง , สิรินภา ช่วงโอภาส , นงภัทร ไชยชนะ , ศุภชัย อำคา , ธวัชชัย อินทร์บุญช่วย , นภาพร พันธุ์กมลศิลป์",,,,,,,,,,,,,
,,,,,,,,1,718,วันพุธ  13:00-16:00,A4309,A27-2,25,"พงษ์เพชร พงษ์ศิวาภัย*  , สุชาดา กรุณา , กนกกร สินมา , เกียรติศักดิ์ สนศรี , สัญชัย ภู่เงิน , เกวลิน ศรีจันทร์ , อัญธิชา พรมเมืองคุก , ปุญญิศา ตระกูลยิ่งเจริญ , ณัชชา ศรหิรัญ , วิภาวรรณ ท้ายเมือง , สิรินภา ช่วงโอภาส , นงภัทร ไชยชนะ , ศุภชัย อำคา , ธวัชชัย อินทร์บุญช่วย , นภาพร พันธุ์กมลศิลป์",,,,,,,,,,,,,
,,,,,,,,1,719,วันศุกร์  9:00-12:00,A4305,A34-2,25,"พงษ์เพชร พงษ์ศิวาภัย*  , สุชาดา กรุณา , กนกกร สินมา , เกียรติศักดิ์ สนศรี , สัญชัย ภู่เงิน , เกวลิน ศรีจันทร์ , อัญธิชา พรมเมืองคุก , ปุญญิศา ตระกูลยิ่งเจริญ , ณัชชา ศรหิรัญ , วิภาวรรณ ท้ายเมือง , สิรินภา ช่วงโอภาส , นงภัทร ไชยชนะ , ศุภชัย อำคา , ธวัชชัย อินทร์บุญช่วย , นภาพร พันธุ์กมลศิลป์",,,,,,,,,,,,,
,,,,,,,,1,720,วันศุกร์  9:00-12:00,A4309,A34-2,25,"พงษ์เพชร พงษ์ศิวาภัย*  , สุชาดา กรุณา , กนกกร สินมา , เกียรติศักดิ์ สนศรี , สัญชัย ภู่เงิน , เกวลิน ศรีจันทร์ , อัญธิชา พรมเมืองคุก , ปุญญิศา ตระกูลยิ่งเจริญ , ณัชชา ศรหิรัญ , วิภาวรรณ ท้ายเมือง , สิรินภา ช่วงโอภาส , นงภัทร ไชยชนะ , ศุภชัย อำคา , ธวัชชัย อินทร์บุญช่วย , นภาพร พันธุ์กมลศิลป์",,,,,,,,,,,,,
,,,,,,,,1,721,วันศุกร์  13:00-16:00,A4305,A29-2,30,"พงษ์เพชร พงษ์ศิวาภัย*  , สุชาดา กรุณา , กนกกร สินมา , เกียรติศักดิ์ สนศรี , สัญชัย ภู่เงิน , เกวลิน ศรีจันทร์ , อัญธิชา พรมเมืองคุก , ปุญญิศา ตระกูลยิ่งเจริญ , ณัชชา ศรหิรัญ , วิภาวรรณ ท้ายเมือง , สิรินภา ช่วงโอภาส , นงภัทร ไชยชนะ , ศุภชัย อำคา , ธวัชชัย อินทร์บุญช่วย , นภาพร พันธุ์กมลศิลป์",,,,,,,,,,,,,
,,,,,,,,1,722,วันศุกร์  13:00-16:00,A4309,A29-2,28,"พงษ์เพชร พงษ์ศิวาภัย*  , สุชาดา กรุณา , กนกกร สินมา , เกียรติศักดิ์ สนศรี , สัญชัย ภู่เงิน , เกวลิน ศรีจันทร์ , อัญธิชา พรมเมืองคุก , ปุญญิศา ตระกูลยิ่งเจริญ , ณัชชา ศรหิรัญ , วิภาวรรณ ท้ายเมือง , สิรินภา ช่วงโอภาส , นงภัทร ไชยชนะ , ศุภชัย อำคา , ธวัชชัย อินทร์บุญช่วย , นภาพร พันธุ์กมลศิลป์",,,,,,,,,,,,,
02036271-66 วิทยาศาสตร์และเทคโนโลยีด้านพืชสวน (Horticultural Science and Technology),2,2,700,วันพฤหัสบดี  14:30-16:30,LH4-101,"A50-1 , A27-2",240,,,,,,,"ปณวัตร สิขัณฑกสมิต*  , พูนทรัพย์ สืบมา , วชิรญา อิ่มสบาย , ภาสันต์ ศารทูลทัต , ศุภธิดา อับดุลลากาซิม , อัญมณี อาวุชานนท์ , ธีรนาฏ กาลปักษ์",,,,,,,,,,,,,
02036281-66 โรคพืชวิทยาเบื้องต้น (Introductory Plant Pathology),3,2,700,"วันพุธ  8:00-9:00,วันศุกร์  8:00-9:00","LH4-303 , LH4-303","A26-3 , A28-3 , A29-3 , A34-3 , A39-3 , F39-3 , F39-5",161,,,,,,,"อมรศรี ขุนอินทร์*  , ชัยณรงค์ รัตนกรีฑากุล , สุจินต์ ภัทรภูวดล , จินตนา อันอาตม์งาม , ศิริพร ดอนเหนือ , พรทิพย์ เรือนปานันท์ , ษมาภร สิงหพันธุ์",,,,,,,,,,,,,
,,,,,,,,1,711,วันอังคาร  13:00-16:00,ติดต่อผู้สอน,F39-3,30,พรทิพย์ เรือนปานันท์,,,,,,,,,,,,,
,,,,,,,,1,712,วันพุธ  13:00-16:00,ติดต่อผู้สอน,A28-3,25,"ชัชชัย โกษาวัง , จินตนา อันอาตม์งาม",,,,,,,,,,,,,
,,,,,,,,1,713,วันพฤหัสบดี  13:00-16:00,ติดต่อผู้สอน,"A26-3 , A34-3",25,ฉัตรสุดา จีระพันธุ,,,,,,,,,,,,,
,,,,,,,,1,714,วันพฤหัสบดี  13:00-16:00,ติดต่อผู้สอน,A34-3,25,ศลิษฎ์ ศุภกิจธนากร,,,,,,,,,,,,,
,,,,,,,,1,715,วันศุกร์  9:00-12:00,ติดต่อผู้สอน,A29-3,30,พิสุทธิ์ เขียวมณี,,,,,,,,,,,,,
,,,,,,,,1,716,วันศุกร์  13:00-16:00,ติดต่อผู้สอน,"A39-3 , F39-5",26,อมรศรี ขุนอินทร์* ,,,,,,,,,,,,,
02036299-66 การฝึกงานเบื้องต้น (General Practicum),,,,,,,,2,711,วันศุกร์  13:00-17:00,LH4-102,"A34-1 , A50-1",220,นภาพร พันธุ์กมลศิลป์* ,,,,,,,,,,,,,
02036311-66 ผู้ประกอบการเกษตรรุ่นใหม่ (New Agricultural Entrepreneur),2,2,700,วันพุธ  15:00-17:00,LH4-102,"A26-3 , A31-3 , A39-3 , A38-2",150,,,,,,,"สนธยา สำเภาทอง*  , รพี ดอกไม้เทศ , สุชีรา มาตยภูธร , สุเมธ ชัยไธสง , พิมลวรรณ เกตพันธ์ , พัชราภรณ์ ถิ่นจันทร์ , ศวิตา ตั้งวงศ์กิจ",,,,,,,,,,,,,
02036312-66 ความปลอดภัยและนวัตกรรมผลิตภัณฑ์เกษตรและอาหาร (Safety and Innovation of Agricultural and Food Products),2,2,700,วันอังคาร  8:30-10:30,LH4-302,"A31-2 , A37-2 , A38-2 , A39-2",200,,,,,,,"พจนา สีมันตร , สุเจตน์ ชื่นชม , ศศิธร นาคทอง , พัชราภรณ์ ถิ่นจันทร์*  , จักรพงศ์ ภิญโญ , นราธิป สุจินดา , ศศิกานต์ เกตุมาลา , ฐาปกรณ์ ชุมพล",,,,,,,,,,,,,
02036321-66 การส่งเสริมการตลาดสินค้าเกษตร (Marketing Promotion Agricultural Products),3,3,700,วันอังคาร  14:30-17:30,KH80-203,"A38-3 , A38-2",42,,,,,,,สุชีรา มาตยภูธร* ,,,,,,,,,,,,,
02036322-66 สินค้าเกษตรสำหรับการตลาดดิจิทัล (Agricultural Product for Digital Marketing),3,2,700,CLOSED,KH80-208,A,30,,,,,,,"พิมลวรรณ เกตพันธ์*  , รุ่งทิพย์ ไทยสม",,,,,,,,,,,,,
,,,,,,,,1,711,CLOSED,KH80-208,A,30,"พิมลวรรณ เกตพันธ์*  , รุ่งทิพย์ ไทยสม",,,,,,,,,,,,,
02036371-61 การจัดการศัตรูพืชเบื้องต้น (Fundamental Agricutural Pest Management),3,2,700,วันอังคาร  10:00-12:00,SH1-12,A27-3,35,,,,,,,"ชัยณรงค์ รัตนกรีฑากุล*  , โสภณ อุไรชื่น , ทศพล พรพรหม , พิสุทธิ์ เขียวมณี",,,,,,,,,,,,,
,,,,,,,,1,711,วันอังคาร  13:00-15:00,SH1-12,A27-3,35,"ชัยณรงค์ รัตนกรีฑากุล*  , โสภณ อุไรชื่น , ทศพล พรพรหม , พิสุทธิ์ เขียวมณี",,,,,,,,,,,,,
02036390-66 การเตรียมความพร้อมสหกิจศึกษา (Cooperative Education Preparation),1,1,700,วันจันทร์  16:30-17:30,LH3-203,-,150,,,,,,,"เกษมสันต์ สกุลรัตน์*  , จำเนียร ชมภู , อมรศรี ขุนอินทร์ , พูนทรัพย์ สืบมา , ปวีณา ชื่นวาริน , เกวลิน ศรีจันทร์ , สุนิศา สงวนทรัพย์ , พงศ์ศักดิ์ ชลธนสวัสดิ์ , สุเมธ ชัยไธสง",,,,,,,,,,,,,
02036392-66 การเกษตรและการปฏิบัติงานในต่างประเทศ (Agriculture and Practice Abroad),3,2,700,ยังไม่มีการกำหนดวัน-เวลาเรียน,ยังไม่มีการกำหนดห้องเรียน,-,15,,,,,,,ชเนษฎ์ ม้าลำพอง* ,,,,,,,,,,,,,
,,,,,,,,1,711,ยังไม่มีการกำหนดวัน-เวลาเรียน,ยังไม่มีการกำหนดห้องเรียน,-,15,ชเนษฎ์ ม้าลำพอง* ,,,,,,,,,,,,,
02036411-66 กฎหมายและพระราชบัญญัติทางการเกษตร (Law and Act for Agriculture),1,1,700,วันอังคาร  12:00-13:00,LH4-201,"A26-4 , A28-4 , A29-4 , A31-4 , A32-4 , A37-4",200,,,,,,,"เกียรติสุดา เหลืองวิลัย*  , ปณวัตร สิขัณฑกสมิต , ชัยณรงค์ รัตนกรีฑากุล , สุริยะ สะวานนท์",,,,,,,,,,,,,
02036490-66 สหกิจศึกษา (Cooperative Education),,,,,,,,6,711,ยังไม่มีการกำหนดวัน-เวลาเรียน,ยังไม่มีการกำหนดห้องเรียน,"A26-4 , A28-4 , A29-4 , A31-4 , A32-4 , A37-4",100,"นภาพร พันธุ์กมลศิลป์*  , จำเนียร ชมภู , เกวลิน ศรีจันทร์ , ศศิกานต์ เกตุมาลา , ปวีณา ชื่นวาริน , ษมาภร สิงหพันธุ์ , เกษมสันต์ สกุลรัตน์ , รุ่งทิพย์ มาศเมธาทิพย์ , สนธยา สำเภาทอง",,,,,,,,,,,,,
,,,,,,,,6,712,ยังไม่มีการกำหนดวัน-เวลาเรียน,ยังไม่มีการกำหนดห้องเรียน,A27-4,30,พงศ์ศักดิ์ ชลธนสวัสดิ์* ,,,,,,,,,,,,,
,,,,,,,,6,713,ยังไม่มีการกำหนดวัน-เวลาเรียน,ยังไม่มีการกำหนดห้องเรียน,A34-4,23,คัทลียา ฉัตร์เที่ยง* ,,,,,,,,,,,,,
,,,,,,,,6,714,ยังไม่มีการกำหนดวัน-เวลาเรียน,ยังไม่มีการกำหนดห้องเรียน,A33-4,100,วันวิสา ชุ่มเงิน* ,,,,,,,,,,,,,
02037311-66 หลักการพืชสวน (Principles of Horticulture),2,2,700,วันจันทร์  10:00-12:00,KH80-206,A37-2,58,,,,,,,"ปิยะณัฎฐ์ ผกามาศ*  , ธีร์ หะวานนท์ , สุรพงษ์ ดำรงกิตติกุล , อัญมณี อาวุชานนท์ , วชิรญา อิ่มสบาย , เกียรติสุดา เหลืองวิลัย , เกรียงศักดิ์ ไทยพงษ์ , นพพร จรูญชนม์",,,,,,,,,,,,,
02037361-66 การเขียนลายเส้นและทัศนียภาพ (Drawing and Perspective in Horticulture Design),2,1,700,วันศุกร์  9:00-10:00,LH3-208,"A37-2 , A37-3",15,,,,,,,ธีรนาฏ กาลปักษ์* ,,,,,,,,,,,,,
,,,,,,,,1,711,วันศุกร์  13:00-16:00,LH3-207,"A37-2 , A37-3",15,ธีรนาฏ กาลปักษ์* ,,,,,,,,,,,,,
02037362-66 พื้นฐานการจัดสวนในบ้าน (Basic Home Landscaping),2,2,700,วันพุธ  18:00-20:00,LH4-202,ALL,100,,,,,,,ธีรนาฏ กาลปักษ์* ,,,,,,,,,,,,,
02037425-66 การปลูกพืชสวนโดยไม่ใช้ดิน (Soilless Culture of Horticultural Crops),3,2,700,"วันพุธ  9:00-10:00,วันศุกร์  9:00-10:00","LH3-203 , LH3-203","A37-3 , A37-4",40,,,,,,,"ศุภธิดา อับดุลลากาซิม , ปวีณา ชื่นวาริน*  , ชัยณรงค์ รัตนกรีฑากุล",,,,,,,,,,,,,
,,,,,,,,1,711,วันศุกร์  13:00-15:00,แปลงทดลองพืชสวน1,"A37-3 , A37-4",40,"ปวีณา ชื่นวาริน*  , ชัยณรงค์ รัตนกรีฑากุล , ศุภธิดา อับดุลลากาซิม",,,,,,,,,,,,,
02037432-66 ไม้ประดับ (Ornamental Plants),3,2,700,ติดต่อผู้สอน,ติดต่อผู้สอน,A37-4,20,,,,,,,"พูนทรัพย์ สืบมา*  , เกรียงศักดิ์ ไทยพงษ์ , อมรศรี ขุนอินทร์ , ศิวเรศ อารีกิจ",,,,,,,,,,,,,
,,,,,,,,1,711,วันอังคาร  15:00-17:00,แปลง ,A37-4,20,"พูนทรัพย์ สืบมา*  , เกรียงศักดิ์ ไทยพงษ์ , อมรศรี ขุนอินทร์ , ศิวเรศ อารีกิจ",,,,,,,,,,,,,
02037433-66 วิทยาการกล้วยไม้ (Orchidology),3,2,700,"CLOSED,CLOSED","ศูนย์ไม้ผล , LH3-205","A37-3 , A37-4",20,,,,,,,"ศุภธิดา อับดุลลากาซิม*  , วชิรญา อิ่มสบาย , ราตรี บุญเรืองรอด , ณิชานันท์ เกินอาษา , ฉัตรสุดา จีระพันธุ",,,,,,,,,,,,,
,,,,,,,,1,711,CLOSED,ติดต่อผู้สอน,-,20,"ศุภธิดา อับดุลลากาซิม*  , วชิรญา อิ่มสบาย , ราตรี บุญเรืองรอด , ณิชานันท์ เกินอาษา , ฉัตรสุดา จีระพันธุ",,,,,,,,,,,,,
02037438-66 วัสดุพืชพันธุ์ (Plant Materials),3,2,700,"วันจันทร์  11:30-12:30,วันพุธ  11:00-12:00","LH3-203 , LH3-203","A37-4 , A37-3",15,,,,,,,"ธีรนาฏ กาลปักษ์*  , ธีร์ หะวานนท์",,,,,,,,,,,,,
,,,,,,,,1,711,วันพฤหัสบดี  7:00-9:00,ติดต่อผู้สอน,"A37-4 , A37-3",15,"ธีรนาฏ กาลปักษ์*  , ธีร์ หะวานนท์",,,,,,,,,,,,,
02037444-66 ไม้ผลและการจัดการสวนไม้ผล (Fruit Crops and Orchard Management),3,3,700,"CLOSED,CLOSED","LH3-210 , LH4-611",A,30,,,,,,,"ภาสันต์ ศารทูลทัต*  , นพพร จรูญชนม์ , ธีร์ หะวานนท์",,,,,,,,,,,,,
02037451-66 สรีรวิทยาประยุกต์สำหรับการผลิตพืชสวน (Applied Plant Physiology for Horticultural Crops Production),3,2,700,วันจันทร์  8:30-10:30,LH3-307,"A37-3 , A37-4",40,,,,,,,"ศุภธิดา อับดุลลากาซิม*  , พูนทรัพย์ สืบมา , ภาสันต์ ศารทูลทัต , นพพร จรูญชนม์",,,,,,,,,,,,,
,,,,,,,,1,711,วันพุธ  15:00-17:00,แปลงทดลอง 1,"A37-3 , A37-4",40,"ศุภธิดา อับดุลลากาซิม*  , ภาสันต์ ศารทูลทัต , นพพร จรูญชนม์",,,,,,,,,,,,,
02037462-66 พืชสวนเพื่อสภาพแวดล้อม (Environmental Horticulture),3,3,700,วันศุกร์  13:00-16:00,LH4-610,"A37-4 , A-4",20,,,,,,,"พูนทรัพย์ สืบมา*  , เกียรติสุดา เหลืองวิลัย , นงภัทร ไชยชนะ , นพพร จรูญชนม์ , สาพิศ ดิลกสัมพันธ์ , ณัชชา ศรหิรัญ , วิษณุ อรรถวานิช , อัญธิชา พรมเมืองคุก",,,,,,,,,,,,,
02037464-66 การจัดการตกแต่งสถานที่ (Landscape Management),3,2,700,วันอังคาร  13:00-15:00,LH3-203,A37-4,10,,,,,,,ธีรนาฏ กาลปักษ์* ,,,,,,,,,,,,,
,,,,,,,,1,711,วันพฤหัสบดี  9:00-12:00,LH3-203,A37-4,10,ธีรนาฏ กาลปักษ์* ,,,,,,,,,,,,,
02037471-66 หลักการปรับปรุงพันธุ์พืชสวน (Principles of Horticultural Breeding),3,2,700,"วันจันทร์  9:00-10:00,วันอังคาร  9:00-10:00","LH3-202 , LH3-205","A37-3 , A37-4 , XA30-4",40,,,,,,,"ปณวัตร สิขัณฑกสมิต*  , อัญมณี อาวุชานนท์ , เกรียงศักดิ์ ไทยพงษ์ , ราตรี บุญเรืองรอด , ธีร์ หะวานนท์ , ปวีณา ชื่นวาริน , ชัชมาศ กาญจนอุดมการ",,,,,,,,,,,,,
,,,,,,,,1,711,วันพุธ  14:00-16:00,แปลงทดลอง1,"A37-3 , A37-4 , XA30-4",40,"ปณวัตร สิขัณฑกสมิต*  , ชัชมาศ กาญจนอุดมการ , อัญมณี อาวุชานนท์ , ธีร์ หะวานนท์ , เกรียงศักดิ์ ไทยพงษ์ , ราตรี บุญเรืองรอด , ปวีณา ชื่นวาริน",,,,,,,,,,,,,
02037481-66 เทคโนโลยีของเมล็ดพันธุ์พืชสวน (Seed Technology of Horticultural Crops),3,2,700,"วันพุธ  9:00-10:00,วันศุกร์  9:00-10:00","LH3-201 , LH3-204",-,20,,,,,,,"ปิยะณัฎฐ์ ผกามาศ*  , สุรพงษ์ ดำรงกิตติกุล , ปวีณา ชื่นวาริน , จินตนา อันอาตม์งาม",,,,,,,,,,,,,
,,,,,,,,1,711,วันศุกร์  13:00-16:00,ติดต่อผู้สอน,-,20,"ปิยะณัฎฐ์ ผกามาศ*  , สุรพงษ์ ดำรงกิตติกุล , ปวีณา ชื่นวาริน , จินตนา อันอาตม์งาม",,,,,,,,,,,,,
02037482-66 เทคโนโลยีหลังการเก็บเกี่ยวผลิตผลพืชสวน (Postharvest Technology of Horticultural Commodities),3,2,700,"วันพุธ  8:00-9:00,วันศุกร์  8:00-9:00","LH3-201 , LH3-201",A37-4,22,,,,,,,"วชิรญา อิ่มสบาย*  , เกียรติสุดา เหลืองวิลัย , พิสุทธิ์ เขียวมณี",,,,,,,,,,,,,
,,,,,,,,1,711,วันจันทร์  13:00-16:00,ติดต่อผู้สอน,A37-4,22,"วชิรญา อิ่มสบาย*  , เกียรติสุดา เหลืองวิลัย , พิสุทธิ์ เขียวมณี",,,,,,,,,,,,,
02037491-66 ระเบียบวิธีวิจัยพื้นฐานทางพืชสวน (ฺBasic Research Methods in Horticulture),3,2,700,"วันจันทร์  10:30-11:30,วันอังคาร  10:30-11:30","LH3-203 , LH3-206","A37-4X , A37-4",54,,,,,,,"ปณวัตร สิขัณฑกสมิต*  , วชิรญา อิ่มสบาย , ปิยะณัฎฐ์ ผกามาศ , เกรียงศักดิ์ ไทยพงษ์ , อัญมณี อาวุชานนท์ , ปวีณา ชื่นวาริน",,,,,,,,,,,,,
,,,,,,,,1,711,วันพฤหัสบดี  13:00-15:00,ห้องคอม1 อาคารศูนย์มหาวิทยาลัยฯ,"A37-4 , A37-4X",54,"ปณวัตร สิขัณฑกสมิต*  , วชิรญา อิ่มสบาย , ปิยะณัฎฐ์ ผกามาศ , เกรียงศักดิ์ ไทยพงษ์ , ปวีณา ชื่นวาริน , อัญมณี อาวุชานนท์",,,,,,,,,,,,,
02037492-66 การใช้คอมพิวเตอร์ในงานวิจัยพืชสวน (Computer Application for Horticultural Research),3,2,700,วันอังคาร  13:00-15:00,ห้องคอม1 อาคารศูนย์มหาวิทยาลัยฯ,"A37-2 , A37-3 , A37-4",20,,,,,,,"สุรพงษ์ ดำรงกิตติกุล*  , ราตรี บุญเรืองรอด , วชิรญา อิ่มสบาย",,,,,,,,,,,,,
,,,,,,,,1,711,วันพฤหัสบดี  10:00-12:00,ห้องคอม 1 อาคารศูนย์มหาวิทยาลัย,-,20,"สุรพงษ์ ดำรงกิตติกุล*  , วชิรญา อิ่มสบาย , ปวีณา ชื่นวาริน",,,,,,,,,,,,,
02037495-66 พื้นฐานการเขียนผลงานทางวิชาการ (Basics of Scientific Writing),1,1,700,วันพุธ  10:00-11:00,LH3-203,A37-4,45,,,,,,,เกียรติสุดา เหลืองวิลัย* ,,,,,,,,,,,,,
02037497-66 สัมมนา (Seminar),1,1,700,วันศุกร์  11:00-12:00,LH3-203,A37-4,44,,,,,,,"ปวีณา ชื่นวาริน*  , ภาสันต์ ศารทูลทัต , สุรพงษ์ ดำรงกิตติกุล , ชัชมาศ กาญจนอุดมการ",,,,,,,,,,,,,
02037498-66 ปัญหาพิเศษ (Special Problems),,,,,,,,3,711,ติดต่อผู้สอน,ติดต่อผู้สอน,A37-4,44,"เกียรติสุดา เหลืองวิลัย*  , ธีร์ หะวานนท์",,,,,,,,,,,,,
02037499-66 การฝึกงานเฉพาะด้านพืชสวน (Specific Practicum in Horticulture),,,,,,,,3,711,ติดต่อผู้สอน,ติดต่อผู้สอน,A37-4,44,ราตรี บุญเรืองรอด* ,,,,,,,,,,,,,
02038211-66 เศรษฐศาสตร์เพื่อการจัดการธุรกิจเกษตร (Economics for Agribusiness Management),3,3,700,วันจันทร์  13:00-16:00,KH80-206,A38-2,35,,,,,,,"สุชีรา มาตยภูธร*  , สนธยา สำเภาทอง , ศวิตา ตั้งวงศ์กิจ",,,,,,,,,,,,,
02038281-66 ระบบสารสนเทศเพื่อการจัดการธุรกิจเกษตร (Information System for Agribusiness Management),3,2,700,วันพฤหัสบดี  13:00-15:00,LH4-611,A38-3,10,,,,,,,ศวิตา ตั้งวงศ์กิจ* ,,,,,,,,,,,,,
,,,,,,,,1,711,วันพฤหัสบดี  15:00-17:00,LH4-611,A38-3,10,ศวิตา ตั้งวงศ์กิจ* ,,,,,,,,,,,,,
02038332-66 การจัดการโลจิสติกส์สำหรับสินค้าเกษตร (Logistics Management for Agricultural Product),3,3,700,วันศุกร์  9:00-12:00,LH3-207,A38-3,10,,,,,,,"สนธยา สำเภาทอง*  , รพี ดอกไม้เทศ",,,,,,,,,,,,,
02038431-66 การค้าระหว่างประเทศสำหรับธุรกิจเกษตร (International Trade for Agribusiness),3,3,700,วันพุธ  13:00-16:00,LH3-207,ALL,30,,,,,,,ศวิตา ตั้งวงศ์กิจ* ,,,,,,,,,,,,,
02038432-66 การเจรจาต่อรองในธุรกิจเกษตร (Agribusiness Negotiation),3,3,700,วันจันทร์  16:00-19:00,LH4-609,ALL,30,,,,,,,พิมลวรรณ เกตพันธ์* ,,,,,,,,,,,,,
02038496-66 เรื่องเฉพาะทางธุรกิจเกษตร (Selected Topics in Agribusiness),3,3,700,วันพุธ  16:30-19:30,LH4-609,"A26 , A27 , A28 , A29 , A31 , A32 , A33 , A34 , A37 , A38 , A39",30,,,,,,,"พิมลวรรณ เกตพันธ์*  , นราธิป สุจินดา",,,,,,,,,,,,,
,3,3,815,วันพฤหัสบดี  9:00-12:00,LH2-204,Q08,90,,,,,,,"พิมลวรรณ เกตพันธ์*  , นราธิป สุจินดา",,,,,,,,,,,,,
02039211-66 การคิดค้นและพัฒนานวัตกรรมผลิตภัณฑ์เกษตรและอาหาร (Creation and Development of Agricultural and Food Product Innovation),3,2,700,วันพุธ  9:00-11:00,B412,-,35,,,,,,,"ฐาปกรณ์ ชุมพล*  , พจนา สีมันตร , ศศิธร นาคทอง , จักรพงศ์ ภิญโญ , นราธิป สุจินดา , ศศิกานต์ เกตุมาลา , พัชราภรณ์ ถิ่นจันทร์",,,,,,,,,,,,,
,,,,,,,,1,711,วันพุธ  13:00-16:00,B412,-,35,"ฐาปกรณ์ ชุมพล*  , พจนา สีมันตร , ศศิธร นาคทอง , นราธิป สุจินดา , ศศิกานต์ เกตุมาลา , พัชราภรณ์ ถิ่นจันทร์ , จักรพงศ์ ภิญโญ",,,,,,,,,,,,,
02039222-66 การแปรรูปผลิตภัณฑ์เกษตร (Agricultural Products Processing),3,2,700,วันพฤหัสบดี  9:00-11:00,B412,-,22,,,,,,,"ศศิกานต์ เกตุมาลา*  , จักรพงศ์ ภิญโญ , ฐาปกรณ์ ชุมพล",,,,,,,,,,,,,
,,,,,,,,1,711,วันพฤหัสบดี  13:00-16:00,ฺB404,-,22,"ศศิกานต์ เกตุมาลา*  , จักรพงศ์ ภิญโญ , ฐาปกรณ์ ชุมพล",,,,,,,,,,,,,
02039313-66 โภชนาการกับการพัฒนาอาหารสุขภาพจากผลิตผลทางการเกษตร (Nutrition and Development of Functional Food from Agricultural Products),2,2,700,วันศุกร์  10:00-12:00,B412,-,22,,,,,,,จักรพงศ์ ภิญโญ* ,,,,,,,,,,,,,
02039323-66 ระบบโซ่ความเย็นและโลจิสติกส์ของผลิตภัณฑ์เกษตรและอาหาร (Cold Chain and Logistic of Agricultural and Food Product),2,2,700,วันอังคาร  10:00-12:00,B412,-,22,,,,,,,"นราธิป สุจินดา*  , พจนา สีมันตร , พัชราภรณ์ ถิ่นจันทร์",,,,,,,,,,,,,
02039426-66 วิทยาศาสตร์และเทคโนโลยีของนม (Dairy Science and Technology),3,2,700,วันอังคาร  8:00-10:00,B412,-,22,,,,,,,"ศศิธร นาคทอง*  , นราธิป สุจินดา , ฐาปกรณ์ ชุมพล",,,,,,,,,,,,,
,,,,,,,,1,711,วันศุกร์  9:00-12:00,B-305,-,22,"ศศิธร นาคทอง*  , นราธิป สุจินดา , ฐาปกรณ์ ชุมพล",,,,,,,,,,,,,
"02039428-66 เครื่องดื่มจากผัก ผลไม้ และสมุนไพร (Beverage from Fruit, Vegetable and Herb)",3,2,700,วันจันทร์  8:30-10:30,LH4-611,A39-3,22,,,,,,,"พัชราภรณ์ ถิ่นจันทร์*  , นราธิป สุจินดา , จักรพงศ์ ภิญโญ",,,,,,,,,,,,,
,,,,,,,,1,711,วันศุกร์  9:00-12:00,"ฺB418, B419",-,22,"พัชราภรณ์ ถิ่นจันทร์*  , นราธิป สุจินดา , จักรพงศ์ ภิญโญ",,,,,,,,,,,,,
02039496-66 เรื่องเฉพาะทางนวัตกรรมผลิตภัณฑ์เกษตรและอาหาร (Selected Topics in Agricultural and Food Products Innovation),3,1,700,ยังไม่มีการกำหนดวัน-เวลาเรียน,ยังไม่มีการกำหนดห้องเรียน,-,30,,,,,,,"พจนา สีมันตร*  , นนทวัชร์ ชัยณรงค์ , นงภัทร ไชยชนะ , ฐาปกรณ์ ชุมพล",,,,,,,,,,,,,
เศรษฐศาสตร์,,,,,,,,,,,,,,,,,,,,,,,,,,,
01101101-67 เศรษฐศาสตร์ทั่วไปในกระแสโลกาภิวัตน์ (General Economics in Globalization),3,3,809,"วันอังคาร  13:00-14:30,วันพฤหัสบดี  13:00-14:30","LH4-301 , LH4-301",Q02-1,100,,,,,,,"อังคณา ธนานุภาพพันธุ์*  , วลี สงสุวงค์",,,,,,,,,,,,,
,3,3,882,"วันจันทร์  14:30-16:00,วันพุธ  15:00-16:30","LH4-102 , LH2-202","H05-1 , H05-2",156,,,,,,,"อังคณา ธนานุภาพพันธุ์*  , วลี สงสุวงค์",,,,,,,,,,,,,
01101182-65 เศรษฐศาสตร์มหภาค I (Macroeconomics I),3,3,700,"วันจันทร์  13:00-14:30,วันพุธ  13:00-14:30","LH4-202 , LH4-202","Q08-2 , Q08-3 , Q08-4X , Q10-2 , Q10-3 , Q10-4X",180,,,,,,,วลี สงสุวงค์* ,,,,,,,,,,,,,
,3,3,815,"วันอังคาร  10:30-12:00,วันพฤหัสบดี  10:30-12:00","LH4-202 , LH4-202","Q08-2 , Q08-3 , Q08-4X",190,,,,,,,วลี สงสุวงค์* ,,,,,,,,,,,,,
,3,3,825,"วันอังคาร 16:30-18:00,วันพฤหัสบดี 16:30-18:00","LH4-202 , LH4-202","Q10-2 , Q10-3 , Q10-4X",100,,,,,,,วลี สงสุวงค์* ,,,,,,,,,,,,,
,,,,,,,,,,,,,,,,,,,,,,,,,,,
,,,,,,,,,,,,,,,,,,,,,,,,,,,
ข้อมูล ณ วันที่ 17 กันยายน 2568 - 16:22:55,,,,,,,,,,,,,,,,,,,,,,,,,,,
